Date,Close,High,Low,Open,Volume,SMA20,SMA50,EMA20,EMA50,RSI,MACD,ATR,Returns,Volatility,Momentum_5,Momentum_10,Volume_Change,Target
2020-01-01,672.2161254882812,680.0087898882745,670.3904712564104,675.9566091562889,14004468,,,,,,,0.0,,,,,,1
2020-01-02,683.6602172851562,686.1761470483035,673.2848606187108,673.2848606187108,17710316,,,,,,,0.0,0.0170244231921128,,,,0.2646189773149541,1
2020-01-03,684.4840698242188,686.4878962665452,678.1831277621862,682.6360622006584,20984698,,,,,,,0.0,0.0012050614007264,,,,0.1848855774227857,0
2020-01-06,668.6093139648438,680.3650438391912,667.0507691289934,676.8472602327319,24519177,,,,,,,0.0,-0.0231922941076653,,,,0.1684312540499748,1
2020-01-07,678.8956909179688,683.3040975466399,673.952886932682,676.4019951208164,16683622,,,,,,,0.0,0.0153847347595668,,,,-0.3195684341281112,0
2020-01-08,673.7969970703125,683.2817317108661,672.3943304886236,674.6207976476823,16047902,,,,,,,0.0,-0.007510275754972,,1.0023517311205277,,-0.0381044355955798,1
2020-01-09,689.3154907226562,690.206053788195,681.8568169732863,685.1297254143482,14982742,,,,,,,0.0,0.0230314081538187,,1.0082720528334344,,-0.0663737851838826,0
2020-01-10,689.1596069335938,693.7461255846073,685.5972357997355,691.0520831577536,12478359,,,,,,,0.0,-0.0002261428782037,,1.0068307464198192,,-0.1671511796705836,0
2020-01-13,687.4007568359375,694.0801585291999,685.0407051379933,688.0019166618636,18282382,,,,,,,0.0,-0.0025521665517835,,1.028105266376953,,0.4651271052547854,0
2020-01-14,681.0331420898438,690.2061811582291,677.6711767218139,685.7532461085189,15816535,,,,,,,0.0,-0.0092633222800094,,1.0031484235361472,,-0.1348755867807597,0
2020-01-15,678.5616455078125,685.708622508407,676.068009361063,683.9052024938248,15817859,,,,,,,0.0,-0.0036290400999385,,1.00707134115797,1.0094397021715629,8.37098643919898e-05,1
2020-01-16,684.8179321289062,687.2448055274269,680.4095262908653,680.8548672498658,12847975,,,,,,,0.0,0.009219923735023,,0.99347532638642,1.001693406775002,-0.1877551190714242,1
2020-01-17,704.0101318359375,705.7690234515036,691.6309496779546,691.7645341253344,29463471,,,,,,,0.0,0.0280252586952098,,1.0215487453892154,1.0285266858244535,1.2932385064572434,0
2020-01-20,682.3466186523438,716.4784286658733,679.6971043882497,716.4784286658733,32545850,,,,,51.6444297432302,,14.07765623521892,-0.0307715929131574,,0.992647464912815,1.0205460863325968,0.104616967905784,1
2020-01-21,683.0369262695312,688.3581898620575,677.7378970312928,680.6768744071713,18922720,,,,,52.07433328489323,,13.830701706329332,0.0010116670887163,,1.002942271169856,1.0060999582218042,-0.4185827071654296,0
2020-01-22,682.7918701171875,688.7588206739724,681.7899569992577,687.5342668020733,10322817,,,,,51.89793991362704,,13.34057041835686,-0.0003587743838128,,1.0062341050918215,1.0133495297337105,-0.4544749909103976,0
2020-01-23,679.8974609375,686.6213898607012,677.158890568742,684.1945165383646,11247739,,,,,49.75422273441186,,13.063565337899888,-0.0042390797347817,,0.9928149206372124,0.9863371273213624,0.0895997671953305,0
2020-01-24,677.5374755859375,684.1278207028573,676.201571520967,679.9642896946181,14628445,,,,,48.01278352744952,,12.696614183899202,-0.0034710901086589,,0.9623973362699144,0.983135791432454,0.3005676074098091,0
2020-01-27,670.8580322265625,678.8288097703885,670.1678160991427,674.5762817936037,13387750,,,,,43.384416603672186,,12.40835557585253,-0.0098584116747174,,0.9831631225073386,0.975934381152677,-0.0848138677761033,0
2020-01-28,655.36181640625,672.3943409712025,651.7326826089246,671.7708873528463,24532236,680.3895660400391,,677.7878815427326,,34.9635547033452,,12.99787720345434,-0.0230990985810827,,0.95948226399057,0.962305320993898,0.8324390580941532,1
2020-01-29,658.96875,665.4477454950623,651.9330633649719,656.385997983268,24746565,679.727197265625,,675.9955833005677,,37.98103518818873,,13.034791841071208,0.0055037286327253,0.0149595960310791,0.9651092504761388,0.9711258429686962,0.0087366271871833,0
2020-01-30,642.8936157226562,658.9019342560167,641.2237800875757,658.5902371528151,22402689,677.6888671875,,672.8430149598141,,31.063658536544157,,13.37123313188214,-0.0243943802757623,0.0152140842728889,0.9455743735771276,0.938780346659558,-0.0947152059285804,0
2020-01-31,628.599609375,647.1238564671794,626.6180767993984,647.0125063572486,34750310,674.894644165039,,668.6293572850699,,26.450552666691152,,13.880843598732056,-0.0222338595345806,0.0157690592893715,0.927770982455818,0.8928843221840007,0.5511669157215904,0
2020-02-03,616.9551391601562,623.3896651574961,606.9583015760081,610.0085691432375,30712290,672.3119354248047,,663.7080031779353,,23.40168611967063,,14.435162470179185,-0.0185244630145754,0.0155044172132706,0.919650819581747,0.9041667713964237,-0.11620097777545,1
2020-02-04,635.1676635742188,637.8839401729988,622.4322559797637,623.4118752792756,25383901,670.1255340576172,,660.989875596629,,35.85539946851918,,14.89899379465514,0.0295200141113254,0.0167053324452407,0.9691862535678868,0.9299170208018548,-0.1734937056142671,1
2020-02-05,645.0086669921875,646.9234370233874,636.9043647870463,638.9526598272524,18472100,668.6861175537109,,659.4678557295393,,41.39954430862928,-11.282660942651772,14.674478055691816,0.0154935523049006,0.0171775424998735,0.9788152579195712,0.944663659925366,-0.2722907326182843,1
2020-02-06,649.14990234375,653.2466113131902,641.2682409254869,647.5023606854987,15538577,666.6778381347656,,658.4851935023214,,43.60838409182317,-10.633755003004126,14.48189893654978,0.0064204336522699,0.0162795839319804,1.0097314492912817,0.954776182644729,-0.1588083109121323,0
2020-02-07,638.3961181640625,646.7231209827357,636.0137726868787,646.121961162775,12209212,664.1396636962891,,656.5719482320111,,39.44998513365749,-10.862022249773643,14.385772559429888,-0.0165659490063251,0.0165476471855813,1.0155846561832944,0.942229974234229,-0.2142644722229069,1
2020-02-10,639.2644653320312,643.6728717218461,628.0653070065835,635.8802065407942,15142476,661.7328491210938,,654.923616527251,,39.9479523352955,-10.847810520883172,14.473043427703658,0.0013602012030806,0.0165848685134879,1.0361603701076938,0.952905733587667,0.2402500669166856,1
2020-02-11,646.9012451171875,652.8904307204514,643.4724582072458,644.5188995976021,13999816,660.026254272461,,654.159581154864,,44.28746503097637,-10.103852396915045,14.41253785346912,0.011946197855984,0.0168720686426632,1.018473203558477,0.9870902285161242,-0.0754605785738078,1
2020-02-12,654.7161865234375,656.742306925112,647.9031998730488,648.4153034245885,13533565,658.8339813232421,,654.2125911899662,,48.39696104181188,-8.782421476533614,14.08600385021593,0.0120805787053854,0.0171763564788726,1.0150502156451915,0.9935466386280648,-0.033304080567916,1
2020-02-13,656.4305419921875,658.0336151395259,651.2873910883294,658.0336151395259,13565659,657.4146118164062,,654.4238245997017,,49.28078946266292,-7.510270074436562,13.561733864571682,0.0026184711849774,0.0170192548483067,1.0112156523819087,1.0210562462256136,0.0023714372377123,1
2020-02-14,662.4197387695312,668.5870368609382,647.0570496970056,657.8109261027595,21227841,655.335092163086,,655.1853402349236,,52.35120393678792,-5.950212451530547,14.13089481452603,0.0091238850026191,0.0157424721112788,1.03763121347692,1.053802339184012,0.5648219522545863,0
2020-02-17,658.2562255859375,670.6799378673376,656.4973336908605,663.0431510030807,13149130,654.1305725097657,,655.4778055064487,,50.081456592456725,-4.992268500064142,14.134588340379675,-0.0062853096608015,0.0143534541714899,1.0297087688802506,1.0669434190660982,-0.3805714862853928,0
2020-02-18,653.4246826171875,657.2096942768698,648.9717487058438,657.2096942768698,11127161,652.6499603271484,,655.2822699931858,,47.5073741356112,-4.570272894569939,13.788151807502109,-0.007339912303069,0.014391919634411,1.0100841319277694,1.0287436217080586,-0.1537720746543688,1
2020-02-19,669.633544921875,670.8135708716961,656.8536064661794,658.7460829667918,14084409,651.9920440673828,,656.6490580816323,,55.72833736234897,-2.894552018158379,14.045347268002573,0.0248060147341933,0.0156026672107786,1.0227844655523932,1.0381775923175087,0.2657684201747419,0
2020-02-20,661.6849975585938,671.5037233050037,660.7276124968037,666.6055073331329,16892268,651.0814208984375,,657.1286713651524,,51.47128189628536,-2.182751098175686,13.81183037801668,-0.0118699957962956,0.0157819992218992,1.0080045872796528,1.0193100163299509,0.1993593767406214,0
2020-02-24,643.4277954101562,657.6994528379005,641.0232160408293,654.4710730304506,21370214,649.3759368896484,,655.8238260361052,,43.29109962080306,-3.05661264452408,14.301112602284377,-0.0275919844273343,0.01684728739726,0.9713294422737868,1.007881747872409,0.2650885008454755,0
2020-02-25,630.71484375,646.3001152119884,627.864922735704,646.3001152119884,27745062,647.3687774658204,,653.4324943898094,,38.681168501854366,-4.720567405641191,14.59640402185581,-0.0197581636212224,0.0172179329456526,0.9581600890877684,0.9866258457247572,0.2983052953985392,0
2020-02-26,619.8494873046875,628.9112331011329,617.7788986626947,627.8647918804157,29362748,645.5931610107422,,650.2341127626551,,35.22837434879773,-6.837192106932889,14.477799812245058,-0.017227050469767,0.0169032661781941,0.9486165793768,0.9581825541121048,0.0583053661945323,0
2020-02-27,617.2891235351562,620.6510881290094,609.6077499205786,618.0683364567957,25054993,643.5091796875,,647.0964947409885,,34.44804479053367,-8.621845126802896,14.232481126258325,-0.0041306217428114,0.0167957304532549,0.9218312436948992,0.9428346759119856,-0.1467081691400273,0
2020-02-28,591.6400756835938,604.2641917083236,590.0147686027638,603.3290411767952,39315769,640.9465026855469,,641.8149310212367,,27.803821674925743,-11.967900795750891,15.164043540982192,-0.0415511093159601,0.0183090523192985,0.8941415898298384,0.9012988242259988,0.5691790055578942,0
2020-03-02,586.0740356445312,609.6077893226085,579.3723403742132,603.4181975497225,29500495,638.8202239990235,,636.5062743186933,,26.604608833985665,-14.897082638689652,16.240572498654554,-0.0094078144260788,0.017855234885507,0.9108621663926336,0.88474724007045,-0.2496523468738459,1
2020-03-03,597.9633178710938,602.8838272617827,588.6789307113166,592.1077172942299,27398798,637.8706329345703,,632.8355165617791,,33.2293841215119,-16.073825584301176,16.28123100712576,0.0202863145327489,0.018223787330645,0.948072371843704,0.9084051082674154,-0.0712427706721531,0
2020-03-04,596.5606079101562,602.8392551960833,582.4002405429284,602.0377485234621,22105261,635.9402801513672,,629.3807633568626,,32.85262020469776,-16.92449477692844,16.578215553270702,-0.0023458127263249,0.0167078103218536,0.9624281702711428,0.9129753187784836,-0.1932032565808179,0
2020-03-05,583.8475341796875,604.6873035839145,581.5542452021383,602.126845697354,30510390,632.8822235107422,,625.0442653399888,,29.579206485512486,-18.412250085526352,17.046418612449667,-0.0213106154880131,0.0165904781282127,0.9458250792368544,0.8718911091107361,0.380232063308368,0
2020-03-06,565.9688720703125,573.6057169779667,552.6545991174132,565.5235905903087,33734039,628.7231719970703,,619.4180374095433,,25.70085169914978,-20.79426218975675,18.056884073151423,-0.0306221420194824,0.017319236546438,0.9566101001802148,0.8553448758224182,0.1056574170307229,0
2020-03-09,496.1245422363281,552.6101067897556,487.5971635409846,552.1870596312644,88187018,621.6095932006835,,607.675799773999,,16.563857855641004,-27.995166791625365,22.36508582002117,-0.1234066629468402,0.0313333717147315,0.846521961497097,0.7710648277481874,1.6141849779683954,1
2020-03-11,513.669189453125,524.7569973633897,493.3860202311153,493.3860202311153,59578576,615.3298294067383,,598.7227892672491,,23.88416035457317,-31.91829492916679,23.008363770896405,0.035363393106321,0.0329776125513583,0.8590312718210241,0.8144238153632721,-0.3244065016463081,0
2020-03-12,473.3477478027344,490.26892105164063,466.9800437585421,483.14423842846696,55970485,606.6521545410156,642.8427917480469,586.7823091277716,625.9460119677412,19.62309323830759,-37.84475482750918,24.699848194016877,-0.078496905164428,0.0358389921722002,0.793461287128804,0.7636494947523607,-0.0605602087569195,1
2020-03-13,492.1837463378906,507.6354328669012,419.64532802906,444.4036668358869,73297403,598.5255325317382,639.242144165039,577.772922195402,620.7004329234334,26.24295870450256,-40.55412660457398,29.2205808114329,0.0397931512774538,0.0374353012230916,0.843000471055195,0.7973309873324853,0.3095724112449625,0
2020-03-16,452.2853393554688,480.7841591374453,447.5206784786443,472.2567802513006,38482258,588.3182723999023,634.6146466064453,565.8217238296941,614.09591945018,22.09235331003815,-45.39747739597669,30.32361560056243,-0.0810640482935229,0.0401228419163122,0.79913465505799,0.7644602824325052,-0.4749847003447038,0
2020-03-17,448.8565979003906,472.0118916262875,446.7191870864638,466.3343737158094,45445979,577.6401153564453,629.9020971679688,554.6821880269033,607.6159460560706,21.773644808212083,-48.94829311903652,29.96426481050966,-0.0075809254838202,0.0397078410103035,0.9047256478728652,0.7658701300540697,0.1809592617979953,0
2020-03-18,431.2674865722656,461.28032501489446,427.9277857781092,456.5601919681001,44730415,566.2906784057617,625.1552606201171,542.9284069359854,600.7003201939606,20.166427910369165,-52.575575935426286,30.20628441238649,-0.0391864827439349,0.0398569827711102,0.8395821579865674,0.721227328973441,-0.0157453754049395,0
2020-03-19,408.64654541015625,430.5995508438921,397.2915384995935,409.715250893795,61404010,554.0517715454101,619.750277709961,530.1396582192398,593.1687996142035,18.29596096979837,-56.62283184227692,30.47554610240689,-0.0524522294548603,0.0403681739595798,0.8633114814786399,0.6850042392871163,0.3727574403233236,1
2020-03-20,453.2872619628906,460.8349919401429,414.1236220114131,418.3539154289049,63360475,543.2344573974609,615.3400830078125,522.8203823853017,587.6832491180736,31.74938415247261,-55.58740159594714,32.02646756151973,0.1092404109471394,0.0490458710168331,0.9209716195132192,0.7763795090781096,0.0318621699136587,0
2020-03-23,393.662353515625,423.0295012919512,389.9218699453738,407.9785404343475,40670949,529.8333251953125,609.4270202636719,510.5196177310468,580.0745865454285,25.66958337656897,-58.89909536346551,34.26496216551952,-0.1315389013780558,0.0551563342774232,0.8703849522883391,0.6955547786146069,-0.3581022080405804,1
2020-03-24,420.090576171875,431.9353918898189,398.8945807634273,414.1236252972025,45734887,518.6664642333984,604.0456396484375,501.9073280587447,573.8007037856813,31.894862545044617,-58.71427818465844,34.551253323281976,0.0671342393303073,0.0587924106492311,0.9359126681816108,0.8467441950730298,0.1245099542673566,1
2020-03-25,481.9196472167969,512.7785178891949,428.9296612692312,429.17456609975056,73130298,511.2267044067383,599.9360174560547,500.0037394071306,570.1975250967055,43.761675248701735,-52.96813622976271,38.70387392285612,0.1471803333660721,0.06959818242208,1.11744952314193,0.9381906820805622,0.5990046722975395,0
2020-03-26,474.7727355957031,497.3491651821385,464.1524728836179,487.95345651457,45744488,503.9728668212891,595.8108093261719,497.6007866631852,566.455376488823,42.83262484366479,-48.432671679549685,38.31050380683215,-0.0148300897512041,0.0695890782130661,1.1618175680872975,1.0030104459133555,-0.3744796718864731,0
2020-03-27,474.5055541992188,493.0743302616386,465.86685415365895,487.5972184603352,41657940,496.8336883544922,591.7296875,495.401240714236,562.849501104917,42.79604671542638,-44.34861937491945,37.517430399771264,-0.000562756402069,0.0696120393903843,1.0468098135924793,0.9640821293465968,-0.0893342166164369,0
2020-03-30,458.8534240722656,478.6022243792753,454.2001132600208,463.37318015277566,30229866,490.1943557739258,587.2103973388672,491.9204962721436,558.7712235742247,40.60822124948741,-41.89206889708959,36.580621879734345,-0.0329861894943841,0.0694388271535257,1.1656014855737358,1.0145219934083132,-0.274331231933216,1
2020-03-31,495.9464416503906,503.093388391294,466.6683494310366,478.2237318418846,44292810,485.68797607421874,583.0491235351562,492.3039196415004,556.3075066360351,47.46278006147856,-36.53103143504092,37.12771776825535,0.0808384892258822,0.072372805018503,1.1805702621795546,1.1049106640523307,0.4652003419399875,0
2020-04-01,481.1181335449219,500.7778469800412,465.4215146670381,499.73140572151567,41597459,479.8457168579101,579.0245538330078,491.23860667992153,553.358903769717,45.216153404587786,-33.09736533575193,37.00119023573734,-0.029899010982161,0.0722897044810423,0.9983368313026788,1.1155910160742035,-0.0608530142928389,0
2020-04-03,479.7822570800781,505.1640473665368,470.36428521360847,505.1640473665368,41367807,474.0067993164063,574.9594604492188,490.1475257656508,550.4735450760057,45.00945322560524,-30.13655878979222,36.84394537267956,-0.0027766080130899,0.0722878896358715,1.0105514093560777,1.174076380845269,-0.0055208179903488,1
2020-04-07,537.0693969726562,540.587180545846,489.8236588022936,490.7587797499459,54373624,471.6678924560547,572.0450109863282,494.6162754044132,549.9478922092077,54.5951741039013,-22.90348770064611,38.55544380790015,0.1194023727372157,0.0776124739267483,1.1318506015783545,1.1848323172527726,0.3143946450920156,0
2020-04-08,530.857421875,547.2665489797837,516.5412365296276,525.447103518034,49880330,469.9123199462891,569.0642102050781,498.0678131635168,549.1992463137485,53.50600204433791,-17.47108542832882,37.99614871091843,-0.0115664290921654,0.0773503785564797,1.156921565853662,1.348509495851321,-0.0826373831547443,1
2020-04-09,543.2366943359375,548.9587106749909,531.2360300150857,540.5871800325931,33032857,472.2679275512695,566.3781945800781,502.369611370414,548.9654207459913,55.41489733502112,-12.028308802953234,36.57508728870932,0.0233193922714947,0.0718277195910566,1.0953535477100638,1.2931418249993754,-0.3377578496373219,0
2020-04-13,529.521728515625,541.0325844995617,525.447253374809,536.1120743446078,23673784,473.0605545043945,563.5514685058594,504.9555272890055,548.2029230114672,52.82712263774752,-8.72102172539951,35.233255408167835,-0.0252467588498931,0.0718451708894833,1.1006064656388257,1.098775971417106,-0.2833261742997283,0
2020-04-15,512.0216064453125,550.3837133914021,508.9713385264956,533.0394909756521,35321842,474.9942474365234,560.6846643066406,505.6284872086538,546.7840478520102,49.64162732189648,-7.426478661980354,35.67462108364917,-0.0330489215605362,0.0697900094043391,1.067195793278061,1.0784562129560216,0.4920234973842796,1
2020-04-16,520.1259765625,528.7646769192855,509.8619687316648,512.0216140957893,37455706,476.39135894775393,557.9078088378906,507.0092004804487,545.7386332916373,51.111861082174464,-5.681100826169995,34.476627305361426,0.0158281799345378,0.0693876046803611,0.968452083649408,1.0961430734783932,0.0604120249447919,1
2020-04-17,545.0401000976562,547.7119081332823,531.0801379395491,541.477788467049,33269335,481.02909698486326,555.9507385253906,510.6311909201827,545.7112398330497,55.42068841957605,-2.2614462189424103,33.98443475289149,0.0479001716080651,0.0669160267450686,1.026716548809966,1.187830517337094,-0.1117685780639137,1
2020-04-20,553.8569946289062,559.7348298724658,535.2436911572639,545.9307453957434,36030932,486.27911682128905,554.4558862304688,514.7479341305373,546.0306811975931,56.86944476537348,1.1468838344433152,33.3063421787708,0.0161765978864127,0.066770968270647,1.0195500421891626,1.1167677557798443,0.0830072798269037,0
2020-04-21,550.98486328125,557.508386765965,518.3225393512134,538.8060261793212,61371628,492.2649856567383,553.1364807128906,518.199070240129,546.2249628479327,56.22839606554814,3.575042101135409,33.726306838483715,-0.0051856912082163,0.065807703265227,1.0405330576816767,1.1452174109953903,0.7033039278584301,1
2020-04-22,607.2033081054688,616.6881037228812,578.8826246375663,587.7884947073338,142683366,502.1928237915039,552.5771936035156,526.6756643225423,548.616270505091,64.63225290836004,9.921366346189188,36.010373524422825,0.1020326483915077,0.0666159402325163,1.1858939163152724,1.2655809987657034,1.3249076266968185,1
2020-04-23,610.453857421875,617.1110242514935,602.6166648338456,608.8730782936495,65464502,510.0511535644531,551.8860974121094,534.654539855812,551.0412739135924,65.05007846952101,15.039796781700376,34.4735153739389,0.00535331292339,0.06343552310694,1.1736653905585523,1.1366386929936263,-0.541190372534385,1
2020-04-24,630.9819946289062,665.692673747736,599.9004494609227,601.2140598103026,134986308,521.9171356201172,551.5227392578125,543.8285831675353,554.1762041377224,67.64933025343797,20.516141580662293,36.710566010572784,0.0336276640035129,0.0529879874502206,1.157679947798064,1.18860916062973,1.061977161301861,1
2020-04-27,636.6593627929688,656.8089146894805,633.6536236053566,638.5518388221476,58482901,532.7455749511719,551.4880041503907,552.669609798529,557.4108378104771,68.35038633090619,25.025818395436204,35.93316272843003,0.0089976706346455,0.0521507133196633,1.149501349566853,1.171974149447384,-0.5667493846857417,0
2020-04-28,635.947021484375,648.1035053145215,619.9164097345322,645.6766910891598,78453401,540.4469436645508,551.4216552734375,560.6007918638477,560.4906881506299,68.15082959841047,28.21702151179079,35.37987221782712,-0.0011188735299026,0.0432292030117709,1.1542005304776517,1.200983807155724,0.3414758785649159,0
2020-04-29,635.4125366210938,647.3019093275574,632.3177410324345,643.405607041887,37494672,548.4789337158203,551.1918811035156,567.7257199359664,563.428799855354,67.99042930511786,30.35305340574655,33.92303622334825,-0.0008404550146861,0.0428357051102103,1.0464576331173827,1.2409877407955836,-0.5220771627223656,1
2020-04-30,652.8013916015625,665.6926795202014,640.3554447044901,647.4356000405522,71345899,557.3937255859375,551.1535852050781,575.8281648564993,566.9336073748132,70.42892183221149,33.0678240515241,33.662829557331065,0.0273662447280891,0.0427392125273943,1.0693705734918828,1.2550832317891736,0.9028276604206592,0
2020-05-04,639.0863037109375,652.3560500195231,631.1822890196224,641.2237145072914,53456868,566.405369567871,550.8067004394532,581.852749509303,569.7631248781906,66.14861754137954,33.72385872515736,32.80256334480314,-0.0210095873983614,0.0420821816681555,1.0128439625076744,1.172549145643469,-0.2507366400975619,1
2020-05-05,650.4190063476562,658.5901902105282,644.4298209519568,647.3242698899517,44903763,574.1289978027344,550.5666857910156,588.3828692081938,572.9261006220913,67.88540105877911,34.757561785489656,31.8526578558594,0.017732663915521,0.0393616244364485,1.021612253520195,1.1743446641554978,-0.1600001144848216,1
2020-05-06,650.463623046875,661.2397341507669,643.6728711176166,651.9108178555344,40489094,582.596272277832,550.4108337402344,594.2953219547348,575.9667877760044,67.89238540803389,35.17490469724908,30.832243939951606,6.859685646221081e-05,0.0381398804322732,1.0228267466818486,1.1805471736069202,-0.0983140098971215,1
2020-05-07,671.0361328125,674.0196380436263,643.4501981639638,647.9031324834183,50026966,592.1589660644531,550.7630627441406,601.6039706078553,579.6949973852787,71.02184078058761,36.742141037369606,30.813472221359525,0.0316274562276981,0.03803122870729,1.056063728897828,1.1051259501635389,0.2355664466090548,1
2020-05-08,695.4605102539062,703.5202838378564,684.4617003890888,687.9795431758226,84262770,600.0785217285156,551.2796020507812,610.542688669384,584.2348214193426,74.23289249380633,39.49970228450081,30.93280642164501,0.0363980063771482,0.030018786359368,1.0653477752976066,1.139251561438303,0.6843469979770511,1
2020-05-11,702.1399536132812,719.1501837188379,700.1361272712575,703.564854514178,67085063,608.6426483154297,552.088701171875,619.26623771166,588.8585520936147,75.04721598833629,41.74287877420329,30.415439781879773,0.0096043459849883,0.029459361371627,1.0986621830826515,1.1127733589707651,-0.2038587979008997,0
2020-05-12,658.7015380859375,698.3773161288631,652.3561269036683,696.796477334206,100683202,614.4158905029296,552.3941760253906,623.0219806044483,591.5974927207645,61.44688303343408,39.55947816111427,31.79889599100357,-0.0618657509856908,0.0339324337989601,1.0127341477685143,1.034621614918646,0.5008289103045189,1
2020-05-13,672.677001953125,686.4096865474885,653.5950534044931,686.4096865474885,66430125,621.5736541748047,553.2334191894531,627.7510302567033,594.777081318112,63.724621454073485,38.51286820965368,31.871448644717272,0.0212166862518607,0.0329528341279365,1.034150070994284,1.0577563526958864,-0.3402064725752365,0
2020-05-14,645.4813232421875,672.7893884091039,642.8291930409412,660.3377943598729,49266771,628.2466400146484,553.7460559082032,629.4396295886542,596.7654829621933,56.70398785907835,35.08452572134445,31.73493055353481,-0.0404290300277466,0.0335265694563907,0.9619173866790076,1.0158460622678869,-0.2583670285130428,1
2020-05-15,656.0224609375,659.3039301915819,636.1089238922658,649.0999085460102,62152260,635.0414642333984,554.52072265625,631.9713278123537,599.0892860200486,58.60753066446634,32.83956722646792,31.12493596394776,0.0163306625858132,0.0335296400502571,0.9432921801670554,1.0049342255966014,0.2615452309630766,0
2020-05-18,647.6389770507812,666.181474909855,641.9076865534937,660.7873261418357,62796089,640.1714080810547,555.6407006835938,633.4634848826802,600.9931954722342,56.48068282669715,30.03768858309172,30.635568277691583,-0.0127792634946343,0.032867964762624,0.9223787561410904,1.0133826578510312,0.0103588992580478,0
2020-05-19,633.3218994140625,657.0563561877386,630.7821895369445,654.9436171986698,42315854,644.1446533203125,556.5856579589844,633.4500005523357,602.2609877836785,52.94691367080719,26.35807161702644,30.32403959005605,-0.0221065719390699,0.0335459171938221,0.961470199772687,0.9737137033716152,-0.3261387026825827,1
2020-05-20,644.4699096679688,650.3810366625504,626.1746060014038,633.8163858969135,55320985,648.8189056396484,557.5157897949218,634.4995157062056,603.9162396222782,55.29247364157927,24.064103910397648,29.88706752370537,0.0176024392401719,0.0334882202645218,0.95806740500529,0.99078547490353,0.3073347166761659,1
2020-05-21,647.86376953125,656.9439458804737,640.5591310175457,645.054274887475,39167981,650.8519287109375,558.5418530273438,635.7723017847812,605.6396721677281,56.01139249032306,22.2633362215297,28.922620905078418,0.0052661261796222,0.0252153543684788,1.003690960843136,0.9654677860875716,-0.2919869196110662,0
2020-05-22,643.5034790039062,655.3931503743523,641.233434844536,652.6061872445827,37828973,652.5044097900391,559.7349719238281,636.5086043770789,607.1245273377743,54.79233210285446,20.25093566856572,27.868127663988272,-0.0067302583234413,0.0253144956681439,0.9809168394696376,0.9252911840658918,-0.0341862910932273,0
2020-05-26,640.1322021484375,651.662261081613,636.6484234818872,650.9655053483029,33216635,652.9619201660156,561.2182385253906,636.8537089267321,608.4189459578004,53.81704523985069,18.174554908757955,26.949964087969523,-0.0052389411486745,0.0243071344607382,0.9884090130947212,0.9116874760569516,-0.1219260697349621,1
2020-05-27,649.796630859375,653.5950188666403,634.7153801347918,643.2561648384756,35667956,653.618783569336,564.2916802978516,638.0863681584124,610.0416002676661,56.22267223208026,17.11159500939641,26.373512276818023,0.0150975512222339,0.0244505521356637,1.026013203491865,0.986481119730738,0.073797993083887,1
2020-05-28,661.7987670898438,665.1701253155293,651.3475506452044,654.0446253357239,40126278,654.9113708496094,567.254271850586,640.3446918661678,612.0712930842221,59.07378995648548,17.04122310652201,25.58779671819919,0.0184706039712696,0.0247388205413434,1.0268885438434243,0.9838284424297306,0.1249951637262309,0
2020-05-29,658.2700805664062,661.6863829805953,652.9882921441282,659.8883134336163,40022527,656.054248046875,570.9527185058594,642.051871742381,613.8830102403862,57.88025391018142,16.510395789220524,24.38941659159321,-0.0053319629756253,0.0247890608138332,1.0160624988223768,1.019812745719709,-0.0025856123510882,1
2020-06-01,683.42041015625,691.5116927649323,663.4619289082036,665.282470467664,39943702,657.5851989746094,574.7774517822265,645.9917325437018,616.6099670998318,63.53521530287218,17.912646880675993,25.0217162778027,0.0382067031942319,0.0254802895488477,1.0620306376806727,1.0417637365336494,-0.0019695158179292,1
2020-06-02,690.3204345703125,692.2533963499591,683.622663148201,685.9601831154127,22153960,660.1469055175781,579.5381536865234,650.2135136890932,619.5005736673016,64.92649577233448,19.35757322318682,23.865378414653154,0.0100963101357844,0.0249057753853997,1.0784029177932797,1.065903163694523,-0.4453703865505506,1
2020-06-03,692.9949951171875,701.243581629333,689.2639644651007,694.5008668872501,25381289,662.2757049560547,584.4209216308594,654.2879404917688,622.3827078418069,65.47634583934492,20.482394153700284,23.016395468194524,0.0038743754536829,0.0247002743199886,1.066479821849309,1.0942223784750431,0.1456772965194483,1
2020-06-04,710.1441040039062,714.5044150378368,692.7029193183236,694.0514268333575,34202350,665.2597290039063,589.9984539794922,659.6075751119724,625.8243312207128,68.84857338293712,22.49826659844257,22.92961691471729,0.0247463675893053,0.0251340471703506,1.073051415805221,1.101904205845348,0.3475418841021036,1
2020-06-05,710.9981689453125,727.3155677405333,707.4020299835134,716.976712812966,33076685,667.2578308105469,596.0454864501953,664.5019173818143,629.1644817197167,69.01091984158596,23.889393875564338,22.714182689167476,0.0012026642713653,0.0243264164572134,1.0801009949191926,1.09745011587813,-0.0329119197949848,0
2020-06-08,705.5140991210938,727.4954324920736,703.4913080333477,727.4954324920736,31414953,667.7605102539062,601.0900231933593,668.4078394522219,632.158584362908,66.61040861665839,24.26958894857876,22.806321386993083,-0.0077131982384057,0.0231264136319214,1.032328108198865,1.0963640790461229,-0.0502387709046417,0
2020-06-09,690.9722290039062,711.5825211649343,689.1067431761999,701.3784997663072,25857161,667.2021240234375,607.036220703125,670.5568289333347,634.4650017998099,60.59172882840423,23.130850846024373,22.78271114426032,-0.0206117356624102,0.023516757869208,1.000944191133498,1.0794211362665984,-0.1769154962606501,1
2020-06-10,706.7053833007812,710.0317972109347,692.2759415871488,693.6469213591369,22132647,669.6023162841797,612.7685168457032,673.9995483969011,637.2979579371029,64.34538989544768,23.23014411874783,22.51677236302947,0.0227695899147142,0.0190997023836743,1.0197842528159604,1.0875793282678965,-0.1440418768324952,0
2020-06-11,691.2195434570312,704.8173365444579,688.207799283614,703.9408036567188,20385805,670.529443359375,616.9545147705078,675.6395479264373,639.4125299182766,58.44453141806487,21.80786935492733,22.229687481182168,-0.0219127237596816,0.0194490987923929,0.9733510981219512,1.044455773915326,-0.0789260317575208,1
2020-06-12,714.1897583007812,716.0777164159133,672.9242267053721,674.2727936948124,38548899,673.9648651123047,621.7428552246093,679.3109965335177,642.3449702470023,63.75423214959078,22.277410603231036,23.72424478327924,0.0332314314043666,0.0180038944412658,1.004488885478008,1.0849494445900671,0.8909677101296711,1
2020-06-15,725.7648315429688,731.3388178242635,701.7382332043936,703.4913585731487,53107403,677.4519836425782,626.7680407714844,683.7351712963226,645.616337356648,66.10455019681743,23.31477884155549,24.14398334303572,0.0162072797987571,0.0179999088957924,1.0287035120164183,1.0619595504574375,0.3776632894236487,1
2020-06-16,727.1807861328125,741.0483050918923,712.6164520349436,738.5535392456209,51187003,681.4290740966796,632.1345880126953,687.8728488997979,648.8149431910074,66.39164599421494,23.974789891950422,24.45025975117236,0.0019509826438317,0.0175197333098909,1.0524023334209884,1.053396002373077,-0.0361606836621252,0
2020-06-17,726.1243896484375,735.1596222116743,720.1683177338406,722.9328087814987,41782053,686.0691986083984,636.7381469726563,691.5158527806207,651.846686189338,65.94288440393636,24.13440464331302,23.774620088791032,-0.001452728818638,0.0163482190407143,1.0274782204954442,1.0478061093726192,-0.1837370709123172,1
2020-06-18,744.3521728515625,748.4427585087822,721.74156125064,722.3709004133316,40471557,691.0633117675782,642.0028277587891,696.5478832635674,655.4743523329547,69.7431779506447,25.43849116108788,23.983661315173254,0.0251028383882687,0.0166870752765729,1.0768679501288352,1.048170601790236,-0.0313650456572826,1
2020-06-19,790.8770751953125,804.092782405198,747.094304408189,750.6903840730492,105804173,698.2139770507813,648.2247241210938,705.5316158284955,660.7842630334394,76.84525753741798,29.88170225330657,26.53772904649199,0.0625038846404064,0.0207277944442592,1.1073766684599171,1.1123475555056517,1.6142847185246665,0
2020-06-22,784.9209594726562,811.0152901303186,779.90883714488,797.1702444845414,60198705,705.2848510742188,653.1817553710938,713.092505699368,665.6523687761538,74.43640639922077,32.54718658696049,26.864066470702465,-0.0075310258818481,0.0207630097670341,1.0815086724496172,1.1125517696251357,-0.4310365716860713,0
2020-06-23,773.5706787109375,792.83240486235,771.4129953643138,786.6515522559022,37962078,711.9567749023438,658.0360205078125,718.8523317004699,669.8844593618317,69.93726446717153,33.359185401999866,26.475162401226303,-0.0144604123825975,0.0212208515482355,1.0637941670940303,1.1195394637293945,-0.3693871321650523,1
2020-06-24,776.6947631835938,796.855553260014,769.4351285440347,780.313374152456,51586221,718.3016815185547,662.7051818847656,724.3611346988627,674.073098727391,70.46639354236196,33.864419868559025,26.54268113799437,0.0040385249320231,0.021217500246509,1.0696442293580588,1.099036149344039,0.3588882305125658,0
2020-06-25,772.2221069335938,786.2020448440715,770.0419514480267,776.3126926255497,39679374,723.8228485107422,667.559189453125,728.9193225307417,677.9220794413598,68.60467394226615,33.51754643217589,25.80106772785512,-0.0057585765502873,0.0213497724454992,1.0374418656900852,1.1171878952835164,-0.2308144843562004,1
2020-06-26,782.8981323242188,787.5506408989148,771.8175772674693,777.1218971867132,30921913,730.0542510986328,672.9767199707031,734.060161558692,682.0387873975503,70.60126718651657,33.71546190284084,25.08192457811157,0.0138250709151779,0.0211509554327679,0.9899112730393363,1.0962046476092155,-0.2207056240352986,0
2020-06-29,774.5821533203125,782.0440974489501,771.165850862043,776.7847811125145,25621946,734.612338256836,678.0658435058593,737.9193988693225,685.6679390023645,67.02562586899629,32.82291915273299,24.12837864125901,-0.0106220447597931,0.0203966607038102,0.9868282200550615,1.0672632782075684,-0.1713984189787999,0
2020-06-30,766.0188598632812,782.6059245493964,762.1754677566296,780.807914512527,30276420,738.3972595214843,682.4854187011719,740.5955380116044,688.8189555067142,63.46141547803959,31.06647143282578,23.86424136636671,-0.0110553714932934,0.0207443767670864,0.9902377131715484,1.0534091033084243,0.181659660042996,1
2020-07-01,781.0775756835938,786.2020588284339,767.7943931621406,773.1661294381369,28464103,742.8013885498046,687.0298303222656,744.4509701708414,692.4369406116899,66.80440283048316,30.53756839653795,23.601309766279996,0.0196584139233859,0.0209814995657127,1.0056429020868318,1.075680127012071,-0.0598590256047445,1
2020-07-02,794.5241088867188,797.7963678741063,783.1050776743974,786.6932867305611,28789533,747.0203887939454,691.900615234375,749.2198405247344,696.4403589754165,69.48881480116232,30.84783711768364,23.10970136801089,0.0172153619841879,0.0206968947530356,1.0288802946106836,1.067403492412672,0.0114329968522106,1
2020-07-03,806.9586181640625,809.2605230295892,797.9768734526536,803.302718327586,29434266,751.8184112548828,695.8957214355469,754.71877172848,700.7744083553634,71.76282753807416,31.73130950973484,22.511609423358,0.015650260499668,0.0207788774785441,1.0307325881189862,1.0203338084679956,0.0223947015743535,1
2020-07-06,835.799560546875,838.5978646000791,808.8542664677218,814.6766299428286,47016185,758.3326843261718,700.4026354980468,762.4407516159462,706.0695123628738,76.19457697156666,34.36258032595674,23.163583495690755,0.0357402991102933,0.0214691234784567,1.0790328139683427,1.0648200311893838,0.5973282635959056,0
2020-07-07,823.00390625,841.463914285067,815.2633981823944,839.5005827702558,35189589,764.9342681884766,704.2430737304687,768.2086711049037,710.6551748682514,70.8794679732844,35.01178497793603,23.380507253332308,-0.0153094771771626,0.0211176578592619,1.0743911793462757,1.0639026644875385,-0.2515430803243607,0
2020-07-08,811.5172729492188,828.1943991602055,807.9065001671087,823.2747585521189,26204095,770.1748626708984,707.7402319335938,772.3332998519813,714.6105512635835,66.40150036703105,34.20511377269577,23.15960666331549,-0.0139569608522513,0.0214505146543289,1.03897141361277,1.044834227570804,-0.2553452386158872,1
2020-07-09,823.3650512695312,828.2170013060332,806.2139692943585,816.4820787561033,36418942,776.7821380615235,711.4885925292969,777.1934666536526,718.875433616758,68.60470062310822,34.128426469097235,23.076994188198288,0.0145995393015545,0.020373261667987,1.0362996441017054,1.0662282831283092,0.3898187287139663,1
2020-07-10,847.6474609375,850.6037702244128,823.3650864259226,825.2833506758969,43759967,783.4550231933594,715.733291015625,783.9033708711619,723.9253170411008,72.57417765452615,35.616474207949295,23.374260242961377,0.0294916691333062,0.0201549457037414,1.0504224651147664,1.0827046660860686,0.2015716162210312,1
2020-07-13,873.3515014648438,879.0835514065949,857.5544142629645,859.066414273634,69608392,790.8343566894531,720.1442932128906,792.4222404515126,729.7851674106594,76.02916267024631,38.42690260144832,23.95010525911377,0.0303239751333828,0.0206689366529943,1.0449293618836053,1.127513069751411,0.5906865743294551,0
2020-07-14,865.227294921875,876.3755044340146,851.8223671864567,872.9001726962613,67331128,797.7366821289063,724.6671130371094,799.3560551629757,735.0966233914914,72.90310643759773,39.54280691655754,23.993178972574064,-0.0093023330575859,0.0210351217577984,1.0513039954625063,1.1295117395364136,-0.0327153656990093,0
2020-07-15,832.2791748046875,893.1204354338983,811.5173778538364,874.6829879546605,139669773,803.0444213867188,728.30431640625,802.4915903669482,738.9077038390678,61.80444383524711,37.338120579541965,28.10817030168033,-0.0380803059618716,0.0234436716141953,1.0255840541508323,1.065552514519806,1.0743715002071554,0
2020-07-16,832.0083618164062,843.5627758296462,818.0392246836387,833.6331798351821,60961724,807.4272308349609,731.9352111816406,805.3027114573728,742.5587100342576,61.72127071281547,35.16369326139579,27.9235546477037,-0.0003253871975648,0.0231032009097985,1.0104975436272745,1.047178244826592,-0.563529583455398,1
2020-07-17,862.835205078125,866.5813597597964,829.5710849624811,832.7305263268679,49726765,811.0251373291015,735.7711926269532,810.7819965641111,747.2754353300957,67.14190311928462,35.51847766536264,28.572606086961677,0.0370511219315379,0.0203546863271367,1.0179175244904612,1.069243435358791,-0.1842952965044099,1
2020-07-20,866.5361328125,871.9974193757844,857.3964422325445,865.5883422314392,36592938,815.1058959960938,739.192705078125,816.0919143020528,751.9523254274449,67.73267743983793,35.68690438043939,27.574632590981548,0.004289263711765,0.0201557818993565,0.9921963051063488,1.036775051958048,-0.2641198758857529,1
2020-07-21,889.84814453125,892.3079949125722,874.0285529843062,875.1569121232839,42173371,820.9197692871094,742.9468688964844,823.116317181024,757.3600046079863,71.24033262096762,37.27182192246028,27.445863270202302,0.0269025270107163,0.0201597078732541,1.028455932624731,1.0812198311254977,0.1525002720470272,1
2020-07-22,904.4942626953124,907.202312550526,884.9510213382299,895.0159986639695,59771457,827.3097442626953,747.8627233886718,830.8665977061944,763.1299755133717,73.21068133890249,39.25716763459605,27.074822408923293,0.0164591208669402,0.0202477015753828,1.0867678659718618,1.1145717939042707,0.4172795672416132,1
2020-07-23,928.7764892578124,938.6608971636242,898.7846324946036,904.471554564744,58333751,835.1374633789062,752.9847131347656,840.1913492825389,769.62591722884,76.13048403755542,42.30230650653039,27.98921114178739,0.0268461919151825,0.02040716071737,1.116306676570108,1.1280251546088205,-0.0240533872212618,1
2020-07-24,968.65283203125,976.2579590026274,928.776564146926,928.8668185460966,120597372,844.4251983642578,759.4481433105469,852.4257762109876,777.4308942799149,79.98789646583738,47.38704029972723,29.38151532771794,0.0429342723837711,0.0217293311881601,1.1226394406838602,1.1427543603562709,1.0673687176399818,1
2020-07-27,973.1888427734376,992.4161339989756,960.4158156178776,983.3892613715004,80304827,854.3555328369141,765.7914709472657,863.9270206455067,785.1076765737786,80.37638211378807,51.19262985161163,29.56857268867366,0.0046828033658619,0.0211934390199144,1.1230793569043416,1.1143151882617022,-0.3341079853713562,1
2020-07-28,982.892822265625,990.2497503164254,970.6839438160092,973.188921467994,55114422,865.1992309570312,772.4965478515625,875.2570969902799,792.8639567969883,81.21646112634292,54.36493194033835,28.854089389512414,0.0099713221788821,0.0205164114302819,1.1045624225955863,1.135993776472776,-0.3136848174767875,0
2020-07-29,946.3113403320312,985.19463295247,934.4861032246416,982.9831015871684,72663399,873.4609191894531,778.7563366699219,882.0241677847324,798.8815012493429,69.19135305604631,53.31262952580221,30.41512084224927,-0.0372181799529997,0.0232650456348435,1.0462325515610322,1.1370119173702788,0.3184098891575058,1
2020-07-30,951.8176879882812,965.7416374844678,935.1856290159112,947.3719425825504,72857444,881.3255981445312,784.9032922363281,888.6711697088799,804.878998768517,69.91346433130465,52.319877537980005,30.425184244128364,0.0058187484621265,0.0232159119441368,1.0248081201418882,1.144000146717651,0.0026704641218338,0
2020-07-31,932.9740600585938,960.9122737981928,926.5198556854664,954.3678150249528,74958061,887.6263702392578,790.605498046875,892.8904925993288,809.9023345053828,64.35447514460353,49.44264708546064,30.70855809188537,-0.0197975181250461,0.0240461402805433,0.9631666054206042,1.0812888191947594,0.0288318788674497,0
2020-08-03,906.7509765625,928.4154946857376,904.0879942280136,925.842826443246,46715383,891.173941040039,795.8704479980469,894.2105386910594,813.7003204684071,57.50236078654106,44.53308782427735,30.57838007322071,-0.0281069802674329,0.0243438033786684,0.9317317839140038,1.0464087326854743,-0.3767797302013989,1
2020-08-04,970.6613159179688,978.0633706821992,902.8017056351508,911.9865832893144,92041055,898.5568115234375,802.4810302734375,901.4915650936222,819.8556536232919,66.78467733331681,45.27732814858109,33.77004328563697,0.0704827907632956,0.0279816520097911,0.9875556051783329,1.0908168117036297,0.9702515336329364,0
2020-08-05,959.7613525390624,991.152334357933,956.082888808404,978.9660801786948,74549993,905.9690155029296,808.6803247070312,907.0410686598544,825.3421516199887,64.20880260018409,44.47492872402211,33.86285773305783,-0.0112294197782035,0.0278720864871333,1.0142130941834766,1.061102753354188,-0.1900354358172014,1
2020-08-06,963.214111328125,978.3792977984336,951.3437476637284,973.549911434821,49322975,912.9614685058592,814.7086315917969,912.3908822473088,830.7488951379548,64.67361001771806,43.614865161184525,33.37519290460407,0.0035975180495946,0.0278599527134667,1.011973325862362,1.0370784817107417,-0.3383906152747727,1
2020-08-07,968.7882080078124,973.9109808198932,956.9404677314832,961.2733354792168,32984416,919.018505859375,820.918994140625,917.7620561292616,836.1622015250081,65.45360620925783,42.88864797202825,32.20343006059021,0.0057869757244333,0.0274088246859241,1.038387077929015,1.0001397569615096,-0.3312565594431398,0
2020-08-10,956.782470703125,977.1606844285126,951.4791890501768,974.497761802115,26958997,923.190054321289,826.3862353515625,921.4782860886772,840.8924081594441,62.26475308734242,40.873192235739566,31.73757758328632,-0.0123925303853311,0.0271633444457042,1.0551766641931777,0.9831416356731372,-0.1826747212986884,1
2020-08-11,963.0787353515624,974.9039718853056,947.9812395926484,963.5300670431568,46828306,928.0826263427734,831.8414013671875,925.4402336375234,845.6840288336449,63.27525818647101,39.330606234981474,31.393660062527093,0.0065806647187112,0.0269570960907025,0.9921882324534224,0.9798410503513598,0.7370195931250707,0
2020-08-12,960.2803955078124,968.1338417220616,950.8924453804724,957.3015226996712,30264617,934.4826873779296,837.187109375,928.7583442918368,850.1780039973378,62.474509320293485,37.45058603334781,30.3827840824601,-0.002905618970736,0.0250279887570225,1.000540804198228,1.0147615848827087,-0.3537110439143367,0
2020-08-13,957.7754516601562,965.3805786775785,952.3367286962584,960.4609378961798,24830322,940.7710418701172,842.139736328125,931.5218783269148,854.3975117488209,61.72153297568775,35.3510238472594,29.14428878952152,-0.0026085546048573,0.0250705941012193,0.9943536337310614,1.0062593538101472,-0.1795593514366958,0
2020-08-14,954.0518188476562,973.54987231743,942.971301007172,958.0010455824508,33224635,945.3318725585938,847.0008093261719,933.6675869479376,858.3055237919125,60.55319345416101,33.00616511417297,29.24673754100269,-0.0038877931210762,0.0241738030675538,0.9847888433835712,1.0225920094581609,0.3380670214425734,0
2020-08-17,943.919189453125,950.0800072856482,934.3281075225128,950.0800072856482,30979066,949.201025390625,851.7689111328125,934.64393004367,861.6629224452935,57.370734805752974,29.98458552698673,28.56652138272704,-0.0106206279306398,0.0244354342103362,0.9865556888385016,1.0409905407894129,-0.0675874693582035,1
2020-08-18,956.1957397460938,963.3044077157676,939.8570673079404,941.0531171539242,30547672,952.5184051513672,857.0733813476562,936.6964833486628,865.3700917512072,60.10642872911045,28.25487236350807,28.200865598805624,0.0130059335906513,0.0239597699872109,0.9928531330276376,0.9850971951445344,-0.0139253391306245,1
2020-08-19,962.063232421875,972.195960590882,957.4595415393626,966.3284692913196,34087543,955.3968536376954,862.1805383300781,939.1123642127782,869.1619796206452,61.382015922506405,27.04575323391032,27.329390973518667,0.0061362882429691,0.0237848493616015,1.0018565795182353,1.002398387762461,0.1158802215762955,0
2020-08-20,946.4918823242188,958.6105063624732,942.4072137744096,956.8502469568804,22537845,956.2826232910156,867.2859851074219,939.8151754614868,872.194524824707,56.24241290710891,24.54806498231665,26.78129295022915,-0.0161853707458056,0.0234924000051419,0.9882189825220732,0.9826391361928358,-0.3388245964222179,0
2020-08-21,939.6314697265624,957.7529668720356,937.4424422009146,955.9475802688172,25280895,954.8315551757812,871.7948193359375,939.7976796772082,874.8391108992896,54.09338889559853,21.764167313222742,26.31909521600714,-0.0072482529705483,0.0213860479981999,0.9848851510618036,0.9699039087798076,0.1217086194354428,1
2020-08-24,945.905029296875,949.8542559602392,934.5085615853249,943.941697764458,32717218,953.4673645019532,876.1976232910156,940.3793320219384,877.6260096599792,55.758176435605456,19.835481101584943,25.5352808702148,0.0066766171338836,0.0214200583883764,1.0021038239988538,0.9886312283728858,0.2941479326582386,0
2020-08-25,939.744140625,952.9234309193324,937.893627107895,950.5312716600184,19388008,951.309930419922,880.4488903808593,940.3188376031824,880.0620147958624,53.6986792377031,17.606889889564172,24.7848896517307,-0.0065132211808353,0.0212840026902434,0.9827947370634988,0.9757708338165682,-0.4074065832859016,1
2020-08-26,964.658447265625,969.4652701628314,923.902078379588,941.0531605726752,59870421,952.2272857666017,885.2195715332032,942.636895666272,883.3795219515393,60.11457112953246,17.647660382651225,26.26905408969589,0.0265117978006812,0.0204947993148068,1.0026975512173113,1.004559138953886,2.088013012992361,0
2020-08-27,952.6075439453124,970.390525765936,949.2901575537568,969.487802699818,28085062,952.2667785644531,889.3846789550781,943.5864812166568,886.094346343452,56.06759132404416,16.517164516837965,25.899862241301843,-0.0124924042851348,0.0206836294368313,1.0064613989145643,0.9946042595830932,-0.530902547019003,1
2020-08-28,955.112548828125,962.6725488024435,950.6442396447252,956.8501848269598,27166900,953.3737030029296,892.6693884277344,944.6842019415586,888.8009425193216,56.71984087801376,15.643048036931418,24.90903702104588,0.0026296294825021,0.0201409756786085,1.0164756924393643,1.0011118158987946,-0.0326921834817384,0
2020-08-31,939.1123657226562,981.2227882057732,929.927488290878,981.2227882057732,62076132,954.9917724609376,895.7532165527343,944.1535508730916,890.7739395076877,51.46409701009048,13.503562706232856,26.79377008489226,-0.0167521441584033,0.019413505262477,0.9928188736037612,0.9949075897765638,1.2849913681722978,1
2020-09-01,942.0686645507812,957.9333821236512,930.8527051045198,947.8232778251648,38616258,953.562139892578,899.1231762695312,943.954990270967,892.7854973525149,52.342787422289575,11.909271111989256,26.814263437337907,0.0031479713568143,0.0108480226496016,1.002473571076735,0.9852257496994666,-0.3779210019077864,1
2020-09-02,960.5512084960938,964.9743904615848,941.053153841088,944.2125354209736,26949439,953.6016326904296,902.8003051757812,945.5355824828838,895.4429762208905,57.52063104317124,11.99885503678638,26.6076186647064,0.0196191048920257,0.0115527812690392,0.9957422870434884,0.9984283528620308,-0.3021219456323293,0
2020-09-03,953.2846069335938,965.312916194752,949.177375013291,960.4609660708118,18586429,953.1051574707031,906.4215551757812,946.2735848115228,897.711275464526,54.99094981867216,11.352630864199682,25.85961313018887,-0.0075650329708887,0.0116444120214663,1.0007107470359486,1.0071767383706394,-0.3103222297132048,0
2020-09-04,937.5551147460938,946.4466050798668,935.2758331669374,940.3986056664972,28475945,951.5435028076172,909.5146948242189,945.4432543291008,899.273778965764,49.87749068799624,9.462180858022634,25.298838889936544,-0.0165003106869591,0.0120742442178736,0.9816174186973322,0.997790245380912,0.5320826286749327,1
2020-09-07,939.9924926757812,950.4185474757394,922.660841979458,940.6018292728932,21926473,950.70400390625,912.822901611328,944.924134171642,900.8705912681176,50.64337275136934,8.06766264406383,25.47447221896117,0.0025997169567439,0.011829772669826,1.0009371902503357,0.993749333772452,-0.230000163295722,1
2020-09-08,951.0279541015624,957.301590570228,939.0221479235776,944.2126121052744,27397082,950.10146484375,916.5230834960936,945.5054503554438,902.8375466733507,54.06567775580784,7.763473927559517,24.96054153522469,0.0117399463418772,0.0120537475346412,1.0095102298674303,1.0120073251736987,0.2494979014636782,1
2020-09-09,975.5132446289062,978.4244265500108,939.4508218895586,941.053135941398,55310877,950.8631072998048,920.411796875,948.363335524345,905.6875740441568,60.59443143314068,9.389919346410466,25.961474615598085,0.0257461312485554,0.0133890441307754,1.015576510653959,1.0112524773862186,1.018860147222978,1
2020-09-10,1044.410888671875,1058.3800235694275,981.83194598064,985.3299004503288,140304404,955.1948791503906,925.4095324707032,957.5107215383954,911.1277040295575,72.45717699057934,16.053300674050092,30.026139210235453,0.0706270718745372,0.0205087281933412,1.0955918946718386,1.096370583363586,1.536651226846394,1
2020-09-11,1047.00634765625,1055.1756852691165,1032.2700464158145,1043.5085116113075,59470807,959.8426055908204,930.2104870605468,966.0341145020004,916.456278289428,72.78949864636951,21.29800014404202,29.51753204188306,0.0024850937619729,0.0204203131543587,1.1167411186699114,1.0962125342619298,-0.5761301477037029,0
2020-09-14,1039.2431640625,1065.1729199258552,1029.96797210438,1049.3758922384438,44063445,964.6088043212892,934.2793591308592,973.006404936334,921.2714502805288,70.0663578002287,24.545097617109377,29.92377602613965,-0.0074146480688757,0.0203047137082597,1.1055866638936571,1.1066228089359595,-0.2590743724059436,1
2020-09-15,1046.5999755859375,1049.7142296990355,1032.743657881546,1043.485721472839,27178393,969.1290161132812,938.7512805175782,980.0153164267724,926.1862944101528,71.16719409767657,27.39627179739807,28.99854715409322,0.0070790088189554,0.0202250079108995,1.10049338830914,1.110959333399547,-0.3831986355129518,1
2020-09-16,1049.1724853515625,1069.3926909721251,1042.8537233256836,1047.118839939509,33952295,973.4844787597656,943.504384765625,986.6017134672284,931.009282290208,71.5610423636156,29.523103950752105,28.82286290354667,0.0024579684938219,0.0202281402648254,1.0755081913323246,1.0922608561330327,0.2492385035421336,0
2020-09-17,1037.528076171875,1053.3025400234242,1034.413702375252,1047.1190390154095,25828669,978.0362884521484,947.7876452636718,991.4518432486234,935.1864898934108,67.0935105415864,29.924081071373507,28.11328967101993,-0.0110986604607589,0.0199844485141606,0.9934098614111996,1.088371792249185,-0.2392658876226187,1
2020-09-18,1040.664794921875,1046.8707395543606,1027.5080681415218,1044.52376716858,33074915,983.087954711914,951.6479919433592,996.1387910270284,939.322894012174,67.67886695237883,30.147444344551214,27.48824550972128,0.0030232615598928,0.0197899209680853,0.9939431573184148,1.1099771933980704,0.2805504999115518,0
2020-09-21,1018.1654052734376,1054.3405874780703,1014.3288768661704,1038.092168593147,33627381,986.7009735107422,954.5442700195312,998.2365638124006,942.4147571988902,59.50260750576879,28.1840603348345,28.382778731305475,-0.0216202083112905,0.0206779376576647,0.9797181646048384,1.0831633371614804,0.0167034745214009,0
2020-09-22,997.990234375,1027.7112111815643,993.6573068799258,1027.7112111815643,34792254,989.613278198242,957.1995288085938,998.2131038659816,944.5941876763848,53.2860970990844,24.715195294470615,28.787859129186405,-0.0198152194073215,0.021236399544292,0.953554612703174,1.0493805466715256,0.0346406102812466,1
2020-09-23,1006.8590698242188,1027.5983602691515,995.3498434566728,1020.0383606869218,42988708,991.7233093261718,960.6911267089844,999.0365291953374,947.0359477606136,55.48763127421002,22.42325434090992,29.035048963707283,0.0088866956246049,0.0205743763230892,0.9596697243607516,1.0321326495236225,0.2355827248214501,0
2020-09-24,984.4725341796876,1004.6926843399244,982.1480654339798,996.5234072507044,29826318,993.3165588378906,963.74041015625,997.6494820509896,948.5040491888126,49.18635019394372,18.586217937378024,28.72618863703097,-0.0222340308742905,0.0210537101177464,0.9488635120237476,0.942610369977655,-0.3061824979713277,1
2020-09-25,993.7249755859376,998.7349303522368,978.198771791248,987.9929259452438,28374935,995.2471801757812,966.3582055664062,997.2757195305086,950.277418851445,51.63119963316409,16.106270577418513,28.14118648874225,0.0093983743426215,0.0211211627929019,0.9548943910037224,0.9491107458998848,-0.0486611522079258,1
2020-09-28,1000.2920532226562,1010.1088306263572,996.1396943292456,1005.1440030800964,19666849,998.3061645507812,969.0333239746094,997.5629894059512,952.2387770620808,53.34694299087911,14.503614074653797,27.301377099576342,0.0066085464268887,0.0206593624742705,0.982445531975248,0.962519733411014,-0.3068936016945942,1
2020-09-29,1013.2908325195312,1021.843750379062,1000.2921093414724,1004.2413960622814,25842539,1001.8672729492188,971.502177734375,999.0608792262922,954.632975315314,56.62658001353898,14.119627823239512,26.89068567506416,0.012994984069899,0.0207711141150168,1.0153314106867122,0.9681739500827352,0.3140152242995306,0
2020-09-30,1008.4614868164062,1023.1977860425368,1004.2413772750692,1020.0384044786468,24465159,1004.2627868652344,973.5815222167968,999.9561751872554,956.7438973349648,55.07744292740955,13.272629503811004,26.323951610235834,-0.0047660015744116,0.0205108789915686,1.0015915007772311,0.961197039472957,-0.0532989424916801,0
2020-10-01,1004.3541870117188,1021.7534684542668,999.276541320604,1021.7534684542668,20783227,1006.8162658691406,975.093076171875,1000.375033456252,958.6109675183668,53.73112313763935,12.13012394714633,26.049164147623475,-0.0040728375435077,0.0204342271312048,1.020195233631985,0.968026032333933,-0.1504969577348751,0
2020-10-05,998.464111328125,1015.1412378353376,995.665807141331,1012.816828930844,18922799,1009.8617156982422,975.6893017578124,1000.1930408726208,960.1738359030631,51.77652919310125,10.626899892980989,25.57961175807941,-0.0058645403780499,0.020039931971642,1.0047690617209184,0.959448341291378,-0.089515838902207,0
2020-10-06,997.6292114257812,1008.2583389587752,993.7024882079692,1004.354239034208,18412175,1012.7435516357422,976.1781091308594,999.9488666395883,961.642674158856,51.49060111140476,9.261454275507958,24.792200257559887,-0.000836184188166,0.0200613103686178,0.9973379356675922,0.9798301987660432,-0.0269845914444263,1
2020-10-07,1018.91015625,1042.154366526615,1001.984709418466,1008.7548642742528,53170865,1016.137661743164,976.8984558105468,1001.754703745342,963.8884577702736,57.87608460784002,9.783742290240298,26.201697032079444,0.0213315173418033,0.0203890273579255,1.0055456178523754,1.020962050683894,1.887810103912221,0
2020-10-08,1010.6729125976562,1023.6491310362912,1002.9324042401192,1019.5869668804304,21077808,1017.8956451416016,978.1856872558594,1002.604056969372,965.723142273308,54.86555199221838,9.424344605410624,25.809913443800344,-0.0080843670090208,0.0198553776799967,1.0021928708336014,1.0037878615664686,-0.6035835038606199,0
2020-10-09,1008.0551147460938,1016.878914087764,1000.6756244306242,1008.7547056614134,18545499,1016.0778564453124,979.3104357910156,1003.1232053290596,967.383219625182,53.90588783375839,8.826538105144095,25.123726030467445,-0.002590153371019,0.0115328991753791,1.0036848830643963,1.0239545337707734,-0.120141003277001,1
2020-10-12,1009.679931640625,1018.1200304282672,1004.8054782196958,1008.754704748335,14226473,1014.2115356445312,980.8445532226564,1003.7476554539708,969.041914214023,54.43857207798877,8.387198883072983,24.28021361461773,0.0016118333916101,0.0115178377245377,1.0112330730621666,1.0160557060018338,-0.2328880986162734,1
2020-10-13,1029.38134765625,1031.6606295627953,1004.6250177214828,1006.7689180188712,23112012,1013.7184448242188,983.2971606445312,1006.1889594732354,971.408166505875,60.41250231898916,9.519029557818383,24.47702777366736,0.019512536001,0.0123636079292889,1.0318275927236429,1.029080801291859,0.6245777853723828,1
2020-10-14,1032.450439453125,1039.8976215416956,1023.8748385588289,1028.5689032035948,26742011,1013.010968017578,984.5329431152344,1008.6900528046534,973.8019811312572,61.26455892131127,10.542140348804764,23.873153145753022,0.0029814915569073,0.0122666533484516,1.0132889863940102,1.0189082998865722,0.1570611420589431,0
2020-10-15,995.8914794921876,1033.5787209899615,990.7010157207518,1033.5787209899615,20036197,1010.3469177246094,985.2555456542968,1007.471141060609,974.6682359689408,48.00891275159666,8.307200255413818,25.230621154571363,-0.035409893360404,0.0144894898268445,0.985374661850314,0.9875354612064556,-0.2507595259010251,0
2020-10-16,982.0352172851562,1007.6263990747996,980.6134716986062,999.7279451318866,21583600,1007.5722747802736,985.6319677734376,1005.0486721296136,974.9571371970276,44.11311615793757,5.356167011821071,25.35792874183008,-0.0139134258022739,0.0145907001960808,0.9741880209917974,0.9777777899318878,0.0772303746065183,1
2020-10-19,982.2157592773438,1005.9113606750328,972.7149909324552,988.466891534098,31200385,1004.6498229980468,985.900518798828,1002.874109000826,975.2417890433146,44.17667952420845,2.99746719913162,25.91781738474062,0.0001838447226838,0.0145464124786883,0.9727991301969776,0.9837266539012922,0.4455598231990956,0
2020-10-20,973.0535278320312,989.7984063552932,971.4060864555798,983.479583144778,18482288,1002.3942291259766,986.2259399414064,1000.0340536514168,975.1559748781664,41.59139586218858,0.384433587294211,25.380281850095816,-0.0093281250669949,0.0139564231797935,0.9452799295883212,0.9753659141970922,-0.4076262840987379,0
2020-10-21,958.9263916015624,989.3470196032074,946.80776838323,978.5147603722606,34082321,1000.4410369873046,986.1428930664064,996.1190382180974,974.5195206320248,37.9077281474721,-2.79414701685846,26.60592251937307,-0.0145183546705227,0.013650874451417,0.9287868501557254,0.9411294859703804,0.8440531280542756,0
2020-10-22,950.9600830078124,962.4919326942684,943.761160688031,960.1900874152456,30802210,997.6460876464844,985.9564868164064,991.8181853409276,973.59562111735,35.972909802739736,-5.888134819421339,26.0434117684348,-0.0083075287775165,0.013475741937165,0.9548832403834944,0.940917750099418,-0.0962408340676094,1
2020-10-23,953.7133178710938,963.6202899304686,946.1984454833868,950.531313149888,23422125,996.1081268310548,985.875244140625,988.1891503438004,972.8159229508302,37.16655196148946,-8.025466814450283,25.42758553119531,0.0028952160163999,0.0127149798536843,0.9711599961838856,0.9460924347487812,-0.2395959575627853,0
2020-10-26,915.822998046875,948.703416901934,911.038738740416,948.703416901934,37324416,992.2130279541016,985.1106677246094,981.2971358393312,970.58090628793,29.12055700199369,-12.63114597813501,26.659513645444058,-0.039729255232378,0.0150314030798136,0.932405115064213,0.9070428849256792,0.5935537872844585,1
2020-10-27,918.2601928710938,929.70172795041,904.9455209838884,918.4407016571696,36478896,988.1114349365234,984.5974877929688,975.293617461404,968.5291136049168,30.16775819330128,-15.90121928589167,26.523563168378168,0.0026612072741309,0.0149106918219631,0.9436892900609308,0.8920505456620496,-0.022653268037737,0
2020-10-28,907.8567504882812,928.7314227324944,906.028800472741,921.5550042670168,29924017,982.839730834961,983.6307080078124,968.8710587020588,966.149805247402,28.249148246021704,-19.111936292183145,26.250638817762116,-0.0113295147318587,0.0144215727223127,0.9467428975148066,0.8793223536900818,-0.1796896210894101,1
2020-10-29,914.8299560546876,921.6452970796064,898.6267252669395,901.3347749825296,30655304,978.158154296875,982.6860424804688,963.7242870213568,964.1372621418052,31.398473517742417,-20.853388359710262,26.019776888826737,0.0076809535894908,0.0147149841833511,0.962006683983151,0.9186040596724114,0.0244381294129061,1
2020-10-30,927.2871704101562,932.0714297828964,912.5281877849364,917.8089060679944,34021563,974.3048034667968,982.3019482421874,960.2540854393378,962.69216050527,36.74031090243896,-20.986390534006546,25.557167253764824,0.0136169725018535,0.0152790659000503,0.97229130917462,0.9442504241076493,0.1098100022103842,0
2020-11-02,847.3765258789062,914.8750522428184,839.1169357264764,914.8750522428184,99366895,966.750424194336,980.4568493652343,949.5038416716776,958.1699787552166,23.88946555679556,-27.2260716812159,30.02952921304447,-0.0861768037790321,0.0239332280980183,0.9252623352831926,0.8627193341943076,1.920703408012148,0
2020-11-03,835.1677856445312,861.6165651396491,828.2622490237949,853.0410235222982,88691623,958.6273529052736,978.2421044921877,938.614693478616,953.3463633391112,22.58945882885787,-32.77835873341019,30.267013991816597,-0.0144076922849756,0.0239151724209019,0.9095110428703652,0.8582958303489119,-0.1074328829536235,1
2020-11-04,863.5121459960938,870.6434375225641,829.1197275153525,829.1197275153525,80180117,950.857452392578,976.7174645996092,931.462069908852,949.8234528550717,31.860313773302394,-34.49381005698865,31.071063707201954,0.0339385221015056,0.0248909193082007,0.951154623823266,0.9004988845430446,-0.0959674173512418,1
2020-11-05,882.3782958984375,885.0637819795205,871.9973691521444,882.35573229981,37205373,944.4427215576172,975.0718615722656,926.7874247650028,947.1785447391252,37.24738610165399,-33.939740759240635,30.391104584075155,0.0218481581177771,0.025766005078377,0.9645271124524588,0.9278815290622336,-0.5359775666079409,1
2020-11-06,915.845458984375,920.7425357444746,892.8268881292558,898.1753562332269,66674086,939.8322387695312,974.3366198730469,925.7453327858956,945.9497962781546,45.4815001316265,-30.449118006181152,30.960614245643864,0.0379283616125907,0.0276114154857158,0.987661091632789,0.9602942958044788,0.7920553034100746,1
2020-11-09,925.572021484375,933.831612463532,918.9372485037196,930.7173580690492,35838510,935.6268432617188,973.745809326172,925.7288269476554,945.1506678548692,47.63217499029782,-26.59139299445428,30.033867048037656,0.0106203097963561,0.0277877865441657,1.092279515914562,1.0106450956771027,-0.4624821703592607,1
2020-11-10,940.8500366210938,943.3098869382015,921.284290855824,937.4423956918612,36934242,931.2002777099608,973.7805627441406,927.1689421546496,944.9820156496232,50.90809284248221,-22.047164008611503,29.461847693347647,0.016506565434224,0.0276619757667454,1.1265401429426585,1.0246007002431077,0.0305741505436469,0
2020-11-11,901.4251098632812,945.566616659734,892.8044413863007,942.858566702352,56724780,924.6490112304688,972.9676916503906,924.7171486030904,943.2739016972176,43.36874230028829,-21.38062931367585,31.126156806210904,-0.0419035183326351,0.0288513211882259,1.0439055362949798,0.9929155776816764,0.5358317086891888,0
2020-11-12,893.6619262695312,906.502703689629,886.8917719189561,894.1133176465529,40046527,919.537533569336,971.6299060058594,921.7595083808468,941.3283340333868,42.04821224625486,-21.234046926960676,30.303640732243903,-0.0086121226364854,0.0280419756914966,1.0127877469601685,0.9768612411027224,-0.2940205850071168,1
2020-11-13,901.0640869140624,919.2307116787288,894.4519366743402,894.5647546858511,45388670,915.4889770507812,970.5854956054689,919.7885158602008,939.749343950276,43.80520859090937,-20.28673398650085,29.96543678059773,0.0082829540197941,0.0281105129825055,0.9838604079702438,0.9717206445501722,0.1333984093052562,1
2020-11-14,903.7269897460938,909.5944812873772,900.5901715592453,909.4139724729714,5226220,911.5645385742188,969.9089331054688,918.2588467064762,938.3367026089356,44.45760285823509,-19.10092408943717,28.46821341970732,0.0029552868333164,0.0281385599059952,0.9763983447735948,1.0664999113690816,-0.88485628682224,0
2020-11-17,899.6422729492188,941.0531655438716,895.9186819311539,941.0531655438716,46542562,907.893975830078,969.1019287109376,916.4858396819754,936.819273994829,43.62103466143269,-18.280042756851003,29.65866129063664,-0.0045198570400366,0.0281090879623454,0.9562015602190272,1.077199442331136,7.905587977544,0
2020-11-18,896.91162109375,905.6226031588404,884.6801802584594,899.6422344929193,30402290,904.7932373046876,968.0196020507811,914.6216283878588,935.2542679987084,43.03799724410944,-17.646412313730025,29.036072834189813,-0.0030352640572536,0.0279898187917604,0.9949929409330346,1.0386786396144188,-0.3467852070541368,0
2020-11-19,890.5701904296875,907.4053210540028,888.3360360257459,896.9115763734393,27796343,901.7737426757812,966.3207409667968,912.3310152489852,933.5019512312958,41.64587288650999,-17.45474860284844,28.32415941948032,-0.007070296019054,0.0279787298171236,0.99654037421875,1.0092838803598507,-0.0857154839322958,0
2020-11-20,857.3287963867188,895.377116449163,855.297714134409,891.4052660410506,57471248,896.9545166015625,962.5790991210938,907.0927086906744,930.5147686883712,35.21549569636015,-19.757405350139837,29.16381962628558,-0.0373259675657122,0.0289688187264152,0.9514626194046564,0.936106400895902,1.0675830629950136,1
2020-11-23,880.4375610351562,889.148483349999,869.4021701299365,880.5729426320072,45327567,895.1852447509766,959.2477233886718,904.5541231996724,928.5509566235392,41.92839999133117,-19.492891315804627,29.35352443607091,0.0269543782336849,0.0285845184544003,0.9742295748880082,0.951236144350134,-0.2113001095782711,1
2020-11-24,886.4630126953125,890.9538853742781,871.997417187929,886.4404490954421,30936268,893.5953857421875,956.192120361328,902.8311602944954,926.9004490185108,43.57029232984903,-18.582846953440598,28.610877561090778,0.0068437012762971,0.0286323579536402,0.985350554714707,0.9421937377808868,-0.3174955099619619,0
2020-11-25,879.1287231445312,899.5069386120454,876.6012415932056,893.6620106789601,32637879,892.158984375,952.8426953125,900.5737853278322,925.0270480038448,42.0131813010367,-18.243150429104503,28.203364665215705,-0.0082736554664375,0.0285844717699263,0.9801731881592378,0.9752654031102688,0.0550037580486437,1
2020-11-26,881.2951049804688,886.8917730806558,871.1173098416299,881.4982370696008,25838637,890.4822418212891,949.485147705078,898.7377205328452,923.3120698460656,42.664975879978485,-17.596290493733818,27.315585991916432,0.0024642373510317,0.0285228305204228,0.9895852280382936,0.986161633470628,-0.2083236475017265,0
2020-11-27,871.0044555664062,882.8748194602481,867.2131737985623,875.8338420233673,47336811,887.6681060791016,946.1546752929688,896.096457202708,921.2607908547064,40.34510016005837,-17.709870378041273,26.48316168261425,-0.0116767350186185,0.0283791474198565,1.015951475370155,0.966639851943713,0.8320165649604505,1
2020-12-01,882.333251953125,887.456025013745,871.1173516152288,875.7661696758335,19750687,889.4159423828125,942.9880444335936,894.7856757503669,919.7342207017032,43.95781705831264,-16.693313933153036,25.76661938009457,0.0130065883295071,0.0206412177904959,1.0021531236306411,0.9763272116073688,-0.582762619982998,1
2020-12-02,883.8001098632812,885.5378055525415,873.3514915114731,883.9580550659119,22188887,891.84755859375,940.3007385253908,893.7394313801682,918.32503988451,44.4271054233408,-15.5896150740042,24.796597570164128,0.0016624760620878,0.0202690541090496,0.9969960361640644,0.9823905972826248,0.1234488704114444,1
2020-12-03,886.4630126953125,894.1584537844419,884.0257260648682,890.0512219953362,27785372,892.9951019287109,938.0701940917968,893.0464391244676,917.0755486221886,45.32223813542213,-14.33480901742621,23.765293738092453,0.0030130148235025,0.0189218372316375,1.0083426799258104,0.9883504593399116,0.2522201767037706,0
2020-12-04,878.6547241210938,888.6971374121213,875.6081607043218,888.6971374121213,18464552,892.8089233398438,935.5061071777344,891.6757996003367,915.5688496221458,43.12855192073,-13.811222631242458,23.002699664500096,-0.0088083636456274,0.0184203696706846,0.9970039764836394,0.9866204074236476,-0.3354578085188134,1
2020-12-07,883.8226928710938,886.891820126114,875.8790518310219,875.8790518310219,18242188,891.2077850341797,933.4931103515624,890.9278846737421,914.3239022985751,45.02515258051095,-12.831352911226643,22.146275995256666,0.0058816832233725,0.0162033273870199,1.014716615079026,1.0309028421721464,-0.0120427508882966,1
2020-12-08,899.8679809570312,909.1205496272892,880.1216664908698,885.1541851802805,43403061,889.9225830078125,931.6159704589844,891.7793224150078,913.7570034224362,50.540166173831786,-10.637456469473022,22.635747933911148,0.0181544196764336,0.0165866956858287,1.0198731363292628,1.0220690492793494,1.379268375043608,1
2020-12-09,914.8525390625,917.9442894095524,902.3503351540464,907.179721423537,29175254,888.6227081298828,929.9071801757811,893.9767716195308,913.7999656043996,55.07301213946992,-7.602017796216046,22.31007368524044,0.0166519516446537,0.0165949286447,1.0351351271092537,1.0320256186221108,-0.3278065341981294,0
2020-12-10,905.8482055664062,915.5521050393417,903.1401558672768,912.437850869946,16065507,888.843862915039,927.7583276367188,895.1073843763761,913.4881318774194,51.9896300168214,-5.8554868319997695,21.603064791442183,-0.0098423878293227,0.0137712605055447,1.0218680222338354,1.0303931400697532,-0.4493447426370307,0
2020-12-11,905.306640625,919.8399265746882,891.0666814664153,908.556276462948,26944202,889.4260986328125,925.6952307128906,896.0787421143403,913.1672890832068,51.80177757852879,-4.463594683486576,22.115220528358662,-0.0005978539650223,0.0136128956815012,1.030332638944798,1.0272457381288456,0.6771460745060831,0
2020-12-14,898.7620849609375,909.458961661156,896.5279305693003,906.2769570615246,17312747,889.3109985351563,923.583388671875,896.334298575921,912.6023791176276,49.47527962832374,-3.844286532542697,21.45920699717988,-0.0072291037869161,0.0136021733878331,1.016903155135464,1.03186852744224,-0.3574592782521449,0
2020-12-15,891.1118774414062,898.0399769590505,885.1315087967429,898.0399769590505,18551265,888.6802429199219,921.4363439941408,895.8369251345387,911.7596143460112,46.827760345457584,-3.925537025155677,20.900019080538076,-0.0085119384179004,0.0137105412675704,0.9902695687579496,1.009949330900597,0.0715379252062078,1
2020-12-16,892.104736328125,900.4095133302656,887.2076595531021,897.2726359718845,18561011,888.3033660888672,919.3258544921875,895.481478581547,910.988834815898,47.22248910813455,-3.865256935525508,20.35015013029703,0.0011141798374065,0.0136838972129494,0.9751350061752182,1.0093964985658674,0.0005253550094832,1
2020-12-17,896.1895141601562,904.9456238899452,892.3756687000254,895.6930552499342,20252358,888.2672607421875,916.8714416503906,895.5489105414144,910.4084692999868,48.90312545849554,-3.448129209920808,19.813774232548685,0.0045788097133572,0.0137105991555936,0.9893374062597932,1.0109722586566472,0.0911236462281068,1
2020-12-18,898.875,904.9004961820984,886.8918178223723,893.7071594170455,18466344,888.6825012207031,914.6354833984376,895.8656809660416,909.956176386262,50.029740544885136,-2.867798027879189,19.68483881306136,0.0029965602112187,0.0136199495922684,0.9928956219512984,1.0230127663618178,-0.0881879532250022,0
2020-12-21,875.4727783203125,912.6184341659626,837.3567682633857,907.2023343255364,44135540,889.5897003173828,911.983836669922,893.9234997616866,908.6038862660286,41.4524464918827,-4.24728503602239,23.65461217659819,-0.026035012298359,0.0121184808062871,0.974087350779114,0.9905525003848266,1.390052952549785,0
2020-12-22,874.1187744140625,884.13862467934,852.3413781920493,879.6703154945026,28140001,889.2737609863282,909.2726135253906,892.0373354428652,907.2515289385004,41.0143144485908,-5.387689299470594,24.23622891307622,-0.0015465973811862,0.0104861390428939,0.980930449410982,0.9713855731197548,-0.362418563361862,1
2020-12-23,877.3458862304688,880.7760906412614,866.8746448149003,871.0947542977892,19501410,888.817904663086,906.231904296875,890.6381498035894,906.0787586362248,42.57227075456558,-5.96233683334799,23.498030121168,0.0036918459034007,0.0103963056141354,0.9834561464627986,0.9590025154540572,-0.306986165352304,1
2020-12-24,900.0485229492188,902.1472362313511,878.2711268911072,878.7675857883312,20776988,889.8638946533204,903.5838659667968,891.5343758174588,905.8422788053616,52.147703250035605,-4.533575854310698,23.591124398290454,0.0258764953196422,0.0117611939006185,1.0043060186803,0.9935975116122672,0.0654095267983188,1
2020-12-28,904.1783447265624,910.8131178458168,900.5675716632815,905.7129083554404,17221499,891.008056640625,901.7496032714844,892.7385633326115,905.777026488546,53.66133411351336,-3.0330670724925994,22.67494371959814,0.0045884434805929,0.011782382606091,1.0058999802270197,0.9987536864883056,-0.1711262960733288,0
2020-12-29,898.197998046875,908.2404117114976,894.8128611333499,906.7509753463718,18611939,892.3677337646484,900.0728588867188,893.2585094958747,905.479809686912,51.13874239896745,-2.299954604519144,22.01441563806597,-0.0066141228824673,0.0115397075194345,1.0259576542975597,0.9993723734862636,0.0807386163074421,1
2020-12-30,900.6578369140625,905.9385552751692,891.6535274403722,900.5450189082468,22043630,893.2839630126953,898.4417004394531,893.963207345226,905.2907127154276,52.13544256124036,-1.5031419680746012,21.46231650926104,0.0027386376640077,0.0112298445458127,1.0303609340936415,1.0107124141359949,0.1843811652294797,0
2020-12-31,896.0541381835938,908.0598840441618,893.0301381174847,899.7551656628455,18781189,893.8966644287109,896.9017126464844,894.1623436155468,904.9284941063362,50.076615917404766,-1.2289753628283506,21.00284718193361,-0.0051114846746267,0.0113134529780669,1.021323690287653,1.00442706074146,-0.147999263279233,1
2021-01-01,897.0470581054688,901.3347986266252,894.5646443140231,897.2726941006515,10015175,894.4258666992188,895.6641259765624,894.4370783288728,904.6194181847336,50.53036673309496,-0.9209597625248308,19.98622626269565,0.0011081026018,0.0113014057172815,0.9966652188551846,1.0009568779055802,-0.4667443578785134,1
2021-01-04,898.55908203125,902.1923588792536,888.2458453983129,900.4772865018267,24513534,895.4210845947266,894.6161059570312,894.8296501100515,904.3817579434206,51.25690027363543,-0.5485244375806815,19.554818206856005,0.0016855569750984,0.0110804019570232,0.993785227518348,0.9996485407106104,1.447639107654135,0
2021-01-05,887.3882446289062,895.2867576296607,882.8296217394585,888.6971124168427,24123091,895.5993621826171,893.2896044921876,894.1209448261329,903.7153456565768,45.8941667494027,-1.1416003212149235,19.28157835577997,-0.0124319453508736,0.0114227397244232,0.9879650662309708,1.0136103218782595,-0.0159276504154807,0
2021-01-06,863.9861450195312,887.3431733969305,859.8789129484342,887.2980461940915,46401468,893.8052703857422,892.2528674316407,891.250963892171,902.1573377884574,37.129967803649016,-3.4600853804088274,19.86927502182941,-0.0263718837284817,0.012072817466523,0.9592834366265216,0.9884081778230616,0.923529119879372,0
2021-01-07,862.5868530273438,877.8648566159659,859.878803357666,866.8069025676972,32325918,891.1919860839844,891.1394006347656,888.5210485717112,900.6055540723353,36.67893342564242,-5.348755538636624,19.734759181577296,-0.0016195768881871,0.0112535641021063,0.9626503759872233,0.9831776344600676,-0.3033427735519057,1
2021-01-08,872.7647094726562,874.8860460383853,863.0156822176616,865.678604878862,27540187,889.5378112792969,890.4375598144532,887.0204448479917,899.5137562448969,42.180565785749664,-5.955619615244473,19.203647312253317,0.0117992250978462,0.0115841403086059,0.9729307973161452,0.9696862860380452,-0.1480462519270141,0
2021-01-11,856.3131713867188,875.0665066757083,854.1692713388484,875.0665066757083,33307825,887.0881378173829,889.2672241210937,884.0959426135847,897.8196156622232,36.63911823313139,-7.675586022687298,19.324617885439498,-0.0188499121325356,0.0121881068701337,0.9529848270532956,0.9470622431746928,0.209426246815245,1
2021-01-12,883.3036499023438,884.6350813991116,857.5092762592445,858.9084582491231,41161546,886.3152160644531,888.3875537109375,884.0204861648951,897.2503621030122,48.575432275189016,-6.782580380289801,19.967281608793314,0.0315194013329451,0.0143240472134164,0.9953970601354196,0.9834175224428032,0.2357920698814768,0
2021-01-13,875.0665893554688,891.3826993524976,865.8817711258671,886.2373626282811,26619458,885.5129516601562,888.9413549804688,883.1677340878069,896.3804102305596,45.74324264091871,-6.662725172688852,20.36254208149597,-0.0093252875698924,0.0143483189737989,1.0128247940083426,0.971586049096872,-0.3532930468646634,1
2021-01-14,884.9058837890625,887.7493749036234,875.1794202704835,877.8649064942006,21553242,885.1530090332031,889.9361169433594,883.3332721545931,895.9304288014814,49.528766238438784,-5.70799204755599,19.81398804340017,0.0112440522278891,0.0145964785901822,1.0258745315713862,0.9875585035329114,-0.1903200283041074,0
2021-01-15,874.4572143554688,890.86357691647,866.6038285437963,884.9058318391973,20593268,884.0663940429688,890.1550183105469,882.4879333165812,895.0883419604613,45.86884574680584,-5.7284455134786185,20.131542352633996,-0.0118076618372722,0.0147668820117759,1.0019392453251634,0.9748175488165484,-0.0445396567254243,1
2021-01-18,895.4447631835938,901.3348178565226,868.093322463363,879.7154269171596,35100458,883.8948822021484,890.41634765625,883.7219171134395,895.1023192633293,53.32898301806975,-4.0049684590266,21.06796756981439,0.0240006583324881,0.0157869615652517,1.0456977576714197,0.9965340967445168,0.7044627399594858,1
2021-01-19,910.0908813476562,916.6804669801634,900.2741041573885,900.2741041573885,32006615,885.6257873535156,890.3012561035156,886.2332470405078,895.6901060117343,57.70915708781123,-1.440673950752739,21.07994872886833,0.0163562497277787,0.0149409058435953,1.0303261867516047,1.0255836572730843,-0.0881425250918378,1
2021-01-20,927.3773803710938,928.8668167227358,903.3207030552747,912.3476352561834,30924537,888.2887176513672,890.33736328125,890.151735929135,896.9327442219053,62.21645258782441,1.963786614018204,21.39896051019639,0.0189942558240334,0.0153804421677395,1.0597792118359295,1.073370661922049,-0.0338079487630916,1
2021-01-21,947.5524291992188,956.8501242760648,936.5396618324676,939.6990432246472,39087742,891.7990447998047,890.4714111328125,895.6184686215239,898.9178299072902,66.67988002352652,6.218125292204718,21.975659324108864,0.0217549503094973,0.0159388644111361,1.0707945856817125,1.0985008939954033,0.2639717774917698,0
2021-01-22,925.0756225585938,954.7515344001,918.5536671572,952.788142883876,30532660,893.0503997802734,890.9444213867188,898.4239118536258,899.9436256975374,58.4023499234514,7.687413182218847,22.99153131830823,-0.0237209107886728,0.0162082870491632,1.0578855172925,1.0599370168364677,-0.2188686673177489,0
2021-01-25,876.0595703125,918.4633817134076,871.9974654980874,918.4633817134076,54207104,891.6444610595703,890.5923742675782,896.2939745639948,899.0069960745949,45.21924590924012,4.840846384880933,25.140576014179523,-0.0529859949292838,0.0202413633346221,0.97835132476271,1.0230597865192286,0.7753809854758806,0
2021-01-27,855.2976684570312,868.8380370064367,852.13828693381,868.8380370064367,42370131,889.4994445800781,889.6770458984375,892.3895644585697,897.2929047954748,40.997798527833616,0.8992438015174002,25.053483683073125,-0.0236991895974183,0.0208258869971587,0.9397936909229464,0.9682940499018556,-0.2183657145749752,0
2021-01-28,846.9703979492188,868.0707665841978,844.0140887864603,848.5952159319003,34067814,886.815072631836,888.5419140625,888.0639295529172,895.3194731544452,39.408701510527486,-2.8634378504763163,24.98228326269201,-0.0097361080415839,0.020855838526323,0.9132963730582908,0.9678925104123284,-0.1959473998322072,0
2021-01-29,831.3538208007812,863.4669551342889,825.9602253530458,854.9816691410504,43712383,883.5800567626953,887.1761450195313,882.6629668146185,892.8110161993995,36.54770182360797,-7.024542873418113,25.876886585445668,-0.0184381616952022,0.0211424831262752,0.8773697319348993,0.9394827585969056,0.2830991445474018,1
2021-02-01,855.43310546875,859.8111004411335,834.084477925657,839.2298143671649,34180952,881.4993591308594,886.3465747070312,880.0696466864406,891.3452157785898,43.37398216171695,-8.283761503367487,26.06120037508185,0.0289639429873251,0.0223470509092501,0.9247169470348544,0.9782446658631084,-0.218048762063601,1
2021-02-02,869.19921875,875.6082966583149,837.2214603242046,863.9861908565767,41470034,880.0313659667969,885.9191552734375,879.0343678353511,890.4767453068805,46.89162861806744,-8.077775478716717,26.94160294358388,0.0160925655007315,0.0227059542194104,0.9921690809678012,0.9706899347534488,0.2132498240540521,1
2021-02-03,871.38818359375,881.0243335187519,857.554427887479,870.3275152709535,30301696,879.2313629150391,886.2003430175781,878.3061598123414,889.7281742593067,47.45063373157121,-7.649717717124645,26.69362456413309,0.0025183695481203,0.0225697884788012,1.0188127662802429,0.9574738099819268,-0.2693110403526556,0
2021-02-04,868.5221557617188,875.608260842826,859.8111728983265,868.3867144594886,25626981,879.4581634521485,885.9620349121094,877.3743499027584,888.8965656907739,46.75669220546072,-7.455797557553637,25.915300519873547,-0.0032890368334022,0.0217617940480626,1.0254457037278797,0.9365358419828788,-0.154272387921785,0
2021-02-05,868.2738647460938,877.7070019033696,866.5813559125976,871.1173559922115,20248046,879.7425140380859,885.598251953125,876.507637030695,888.0878323203942,46.69298364815188,-7.238706145374749,24.858896624937724,-0.0002858775840982,0.0217570368704453,1.044409543832673,0.9163333215027228,-0.2098934322384676,1
2021-02-08,880.776123046875,888.6972004305863,870.6660182415897,872.4713450669083,21183400,880.1430847167969,885.6311999511719,876.9141595084265,887.8010986233935,50.3606688882316,-5.988796756905913,24.54207084347736,0.0143989803314386,0.0218353747676438,1.029625949026415,0.9521125641715708,0.0461947784986265,1
2021-02-09,882.8973999023438,897.9948961529354,881.1597638793062,885.5152551213864,19604141,881.4722961425781,885.6632458496093,877.4839919268948,887.6087967127642,50.97698184411822,-4.772055956878376,24.01897814794757,0.0024084177578866,0.0213463155277736,1.0157595414915848,1.007805210765981,-0.074551724463495,1
2021-02-10,891.0892944335938,895.8058629486737,869.8761074541144,881.8142219915239,21234156,881.8615783691406,886.0649426269531,878.7797350227709,887.7452868194633,53.38401421721373,-3.110902137191601,24.155462244134128,0.0092784218553096,0.0202657144267706,1.0226088799581756,1.0418469818129297,0.0831464638006838,1
2021-02-11,927.8286743164062,931.665142730258,890.1639989701773,893.6618940174507,42539278,884.4996826171875,886.9748510742188,883.4510625745456,889.3171843683631,62.319708343969104,1.1568002721571702,25.39443949527317,0.0412297399512191,0.0220335928362601,1.0682844049069469,1.095467653371323,1.0033420683167251,0
2021-02-12,921.4647827148438,937.8937101488063,909.6395460369704,927.7384783498696,30497029,886.3276275634765,887.72814453125,887.0714168736216,890.5778744995977,60.16823328248608,3.979597983378085,25.598705539313368,-0.0068589080912498,0.0220560129116458,1.061260530955063,1.108390627022397,-0.2830854110876071,0
2021-02-15,917.402587890625,930.3561823841349,913.9723837609448,924.3758738322136,15791099,888.4748962402343,888.3469360351562,889.960099827622,891.6298240443439,58.77342485966288,5.821790358232988,24.94049790244741,-0.0044084102837339,0.0218689111991261,1.0415843071642858,1.0724422307550483,-0.4822086112060293,1
2021-02-16,929.5438232421876,938.5255683500038,918.4858688517324,920.6297689320974,21421660,890.1798492431641,889.3647180175781,893.7299782480568,893.1166475422986,61.63600675544835,8.16728987816441,24.66781808508537,0.0132343591699244,0.0214435120331828,1.0528333454657397,1.0694255162573312,0.3565654930033686,1
2021-02-17,940.2633056640624,945.9953555067548,925.5268870227972,929.7695004811928,23742994,891.6884704589844,890.4935302734375,898.1617237162478,894.9655360960933,64.0119424951626,10.766972830531929,24.36786454214768,0.0115319817676653,0.0213012541160327,1.0551841566694224,1.0790406886013302,0.1083638709605137,0
2021-02-18,933.244873046875,951.6145681859424,929.36327727053,941.0531321070793,18646877,891.9818450927735,891.1610681152343,901.5029760334504,896.4666865647514,61.3336340909225,12.121185956736326,24.216680711666584,-0.0074643268272929,0.0209998865947641,1.0058374987542384,1.0745205137897635,-0.2146366629246505,1
2021-02-19,938.9317626953124,950.0574077634236,926.7454493980867,928.4154541842836,23403483,891.5508117675781,891.6426525878907,905.0676223821991,898.1319836679107,62.6956385754744,13.497700988176462,24.152057686928742,0.0060936736034462,0.020451462315554,1.0189556674417952,1.0813774326489498,0.2550886134981209,0
2021-02-22,906.3447265625,943.2647459186028,900.4096042931712,938.7964367473062,23804335,890.6142669677735,891.6525830078125,905.1892513517516,898.4540520167182,51.50088331543669,11.822811580696566,25.48799225396466,-0.0347065009700678,0.0212468779496634,0.9879465553355912,1.0290296283545646,0.0171278779316736,1
2021-02-23,913.2728271484376,926.5649358038844,908.8270818640342,924.3533449611236,25644108,892.4749298095703,891.8119067382812,905.9591157133408,899.0351804532562,53.40574586291093,10.92851238703986,25.111722038780357,0.0076440016506895,0.0173842487184187,0.9824957192045042,1.034404254955846,0.077287309223299,1
2021-02-24,930.2208251953124,932.139029538801,914.4914301945876,916.22912574907,10807663,896.2210876464844,892.4410815429687,908.2697547116238,900.258146913729,57.77482741967374,11.45528622609595,24.665613492464853,0.0185574316272962,0.0166186326216227,0.989319501879681,1.0439142642675243,-0.5785518061302815,1
2021-02-25,967.8404541015624,971.2932222091624,935.637002954952,936.991057754198,34855693,902.2645904541016,893.9756530761719,913.9431546535228,902.9084334701146,65.50653464607323,14.738452238093371,25.83752660113522,0.0404416111608243,0.0181033251415372,1.0370702074598483,1.043124103503953,2.22509066021026,0
2021-02-26,941.4142456054688,963.123891576847,934.5989040579532,955.4962007136306,37481215,907.767611694336,894.9618432617187,916.5594490298986,904.4184653185598,57.53662522724669,15.034700119735248,26.36638541845479,-0.027304302464423,0.0188483154274457,1.0026439439039,1.0216497290670723,0.0753254855670206,1
2021-03-01,948.590576171875,953.2394537638484,930.897848571293,952.4269850885058,17680764,912.4254852294922,896.0098645019531,919.6100325672296,906.1507049598664,58.99561200519182,15.667938361421648,26.07890111660483,0.0076229254017616,0.0180928532616731,1.0466112378339765,1.0339959671935963,-0.5282766580539078,1
2021-03-02,950.5313110351562,961.3635697154016,942.903620668226,957.752856616694,17150760,916.49208984375,897.0429907226562,922.5549162308416,907.8911208843876,59.4018601956693,16.14032964116518,25.53469025450274,0.0020459141299014,0.0179252133805769,1.040796663142878,1.02257826610021,-0.0299763064537256,1
2021-03-03,993.9056396484376,1001.9395950498024,951.0730591903954,957.3241916036292,31924461,922.6179626464844,899.4116479492187,929.3502232229936,911.2642392672916,67.2188061964838,19.786561790842256,27.38280409451298,0.0456316673735297,0.0201158627383529,1.0684620390429915,1.0570503322433606,0.8614021186233147,0
2021-03-04,982.0577392578124,988.4216890350316,973.865839474236,983.9308164628376,21435754,928.2947418212892,901.5704272460938,934.3699866548812,914.0404549531944,63.61560941265305,21.472676842296323,26.858303814490736,-0.0119205485088262,0.0204335698432987,1.0146896992123022,1.0523044568694733,-0.3285476613058556,1
2021-03-05,983.3440551757812,998.3512962856288,971.7670781260524,973.0985692708164,25511666,934.0482513427736,903.690390625,939.0341836568716,916.7582431972172,63.84222501989417,22.65161637928713,26.838726267711134,0.0013098169960363,0.0204093616919102,1.0445391704725535,1.0473008734447091,0.1901454924328764,1
2021-03-08,988.9407958984376,1007.3556183257851,978.5147413680846,978.7403773670584,19506841,939.4564849853516,905.4682360839844,943.7871943465448,919.5889315384416,64.86753586395234,23.763612525696544,26.981737031281806,0.0056915386768223,0.0203232988483892,1.0425370236012672,1.0911309647590717,-0.235375651280477,0
2021-03-09,988.9181518554688,999.1862609710788,968.8559482883368,992.9576927650288,15154484,944.7575225830078,907.1630322265624,948.085380775966,922.3077244920504,64.85952220116198,24.362217816171324,27.220921006386103,-2.2897268534993746e-05,0.0203531809663944,1.040384614767196,1.082828835434886,-0.2231195199673796,0
2021-03-10,984.8108520507812,999.7729648087808,979.5301344618674,996.1170650342842,11519358,949.4436004638673,908.8952893066406,951.5830447069008,924.7588275335694,63.331222074460975,24.225930605586427,26.72248595928091,-0.0041533263364426,0.0204565287820052,0.9908494456265754,1.0586850190587884,-0.2398713146551212,0
2021-03-12,964.7938842773438,995.8463528292266,958.6104430105866,990.70101625573,16864952,951.291860961914,910.1780102539062,952.841219904086,926.3288297588156,56.36109215637201,22.24627874521764,27.47344480637799,-0.020325697804562,0.0193528052666763,0.9824207332315148,0.9968521983026152,0.464053118238013,0
2021-03-15,951.8402099609376,969.8939539882846,939.0219967848262,965.899600131311,16698099,952.8106323242188,911.2937316894532,952.7458856237862,927.3292760412515,52.34608281832716,19.40840906589665,27.716195691883733,-0.0134263644572216,0.019567911523182,0.9679625406295744,1.0110747892377212,-0.0098934761272964,0
2021-03-16,948.0941162109376,959.55827544001,945.7922708635552,954.1421160708194,13873801,954.3452087402344,912.3146728515624,952.3028599654195,928.1435834988864,51.20994294225245,16.664994755136263,26.71975346935309,-0.0039356330094036,0.0195602962363374,0.9586965368837964,0.9994766340996756,-0.1691388941938839,0
2021-03-17,927.6707763671876,949.1773492874154,918.531026073868,946.9431947370554,19210236,954.2515563964844,912.8969067382812,949.9569472417784,928.1250420427416,45.42173482375329,12.696469313242574,27.00022273679554,-0.0215414688210195,0.0200328765096127,0.9380662844813142,0.9759497300061868,0.3846411664690881,0
2021-03-18,906.7960815429688,940.962862749676,903.1401815146904,935.5918307044084,20647480,952.5781951904296,913.2850634765624,945.8463886037966,927.288612219221,40.395931105169936,7.777318803693106,27.77325548666625,-0.0225022662737801,0.0204508112205888,0.9207819751931514,0.9123563096630772,0.0748165717485198,1
2021-03-19,939.6990966796876,945.9502287147974,894.9257507304794,898.6267780925764,41787429,952.9009063720704,914.7993225097656,945.260932230072,927.7752978843372,49.82062583102126,6.459395038699654,29.43405709364137,0.0362849110251253,0.0220678529539983,0.97398948313561,0.95686746218187,1.0238512883896729,0
2021-03-22,930.8527221679688,936.088313055874,917.6734905482226,934.7343179799378,18572478,952.4969543457032,916.1646398925782,943.8887217479668,927.8959811895778,47.639537626708,4.647528651645075,28.90488202491449,-0.0094140502454205,0.022136049876309,0.9779506186297486,0.9466195654191156,-0.555548679484445,1
2021-03-23,942.1815185546876,952.2013688377596,927.9641819762402,930.64966827358,17421165,954.2887939453124,917.5529760742188,943.7261309676544,928.4561983411508,50.620871434614926,4.078733574099715,28.571475227529124,0.0121703424364854,0.0207271156646926,0.9937637017726892,0.9527178193702992,-0.0619902739957478,0
2021-03-24,924.0374145507812,938.6835185270156,920.9231603023552,938.6835185270156,16822814,954.8270233154296,918.9074609375,941.8510151184284,928.2829127023128,46.09409673761592,2.1392221987985067,28.04910972930079,-0.0192575460742846,0.0212183803621039,0.9960833499243829,0.9343922070972666,-0.0343462104859233,0
2021-03-25,898.829833984375,927.0614339788924,895.9186520687285,927.0614339788924,22001648,953.2574737548828,919.2179846191408,937.753759772328,927.1278900074916,40.65470433807441,-1.4155777238865994,28.270086313648157,-0.0272798267358695,0.0216698328539567,0.991214951497101,0.9126928608804844,0.3078458811944304,1
2021-03-26,900.274169921875,908.8722746334809,890.818529006779,908.1049928320286,20180202,949.8791595458983,919.7221362304688,934.1842750246658,926.0748029453108,41.08370920095874,-4.069327756914504,27.54034769315199,0.0016069069838253,0.019327706719363,0.9580451583947288,0.9331259086454556,-0.0827867985161838,1
2021-03-30,915.9131469726562,924.7595099661544,898.8748847094162,906.2995022658082,20441701,948.6041046142578,920.3422814941406,932.4441675911412,925.6763066326577,45.66395465371826,-4.854548812849544,27.42208180483672,0.017371349277008,0.019002906283979,0.98395065638255,0.962255153110462,0.0129581953639512,0
2021-03-31,904.0880126953124,925.210945158364,902.2374989986004,910.8130997767836,16250796,946.3789764404296,920.9348974609376,929.743581410586,924.8297068704088,42.94531545601547,-6.357743556143987,27.104322115902928,-0.0129107594059864,0.0190556303213692,0.9595688249990184,0.9535846676366944,-0.2050174298117363,1
2021-04-01,912.55078125,916.229245226272,904.1106213459858,910.813145160988,11723312,944.479949951172,921.2770178222656,928.1061718714824,924.3481803754908,45.44840603242216,-6.787914669107408,26.035530002692692,0.0093605583038955,0.0192115510121993,0.9875690820307688,0.9837011195109558,-0.2786007528492757,0
2021-04-05,899.3489379882812,913.9724790288182,885.582933146535,913.9499154284324,14875099,939.752114868164,921.062178955078,925.36738769213,923.3678179289336,42.32861097347316,-8.100726659752922,26.20367399409201,-0.0144669683408029,0.0157865609837322,1.0005775331261593,0.991787410966735,0.2688478307154156,0
2021-04-06,895.6028442382812,904.9231041323316,888.6972479019207,904.4943360038118,14009194,935.4293701171875,920.4266882324218,922.532669267954,922.2789954312608,41.45894121293652,-9.335800778808562,25.490972725257645,-0.0041653396048696,0.015699219341143,0.9948112188046012,0.9530740716925076,-0.0582117134144788,1
2021-04-07,903.9751586914062,923.8569132620464,899.6648545655975,902.6888544411458,24266353,931.4609252929688,919.5551428222656,920.7652873082828,921.5611979120508,44.21742528741739,-9.529183613388568,25.68833674657961,0.0093482446008148,0.0159560535037048,0.98696602585004,0.9711258689624236,0.7321733855637949,1
2021-04-08,905.103515625,912.6183880971798,899.529411169469,907.6536202120652,15369188,927.2690612792968,919.1557006835938,919.2736900051128,920.9157986066764,44.59633354318785,-9.48208831685099,24.78838247380327,0.0012482167488176,0.0158433965712741,1.001123234591575,0.960646645896254,-0.3666461540388867,0
2021-04-09,894.5872192382812,905.554859812808,893.661932570132,901.9892738152234,14037885,922.5525146484376,919.5262536621094,916.9225975511288,919.8833052981118,41.749955822441535,-10.1760391402496,23.867278528722757,-0.0116188880113419,0.0158907235079471,0.9803150001284175,0.9681287847778144,-0.0866215573652947,0
2021-04-12,862.5868530273438,885.2669107795369,857.6672125480122,884.1836789732539,20901482,916.4413146972656,919.6720373535156,911.7477647393398,917.636385601219,34.52818172273571,-13.15650231341158,24.799616254547487,-0.0357710970185612,0.0173228027088357,0.9591236689030076,0.9596775945938824,0.4889338386801145,1
2021-04-13,871.9071655273438,875.8790157297038,865.6109063786529,868.3866470158723,19411189,911.7969787597656,920.170772705078,907.9534219572448,915.843082853224,37.89761136936527,-14.598190670579356,23.977655286534095,0.0108050713586571,0.0174098554255654,0.9735422024802848,0.968490705007128,-0.0713008292904781,1
2021-04-15,877.5488891601562,885.0863247656745,863.4218084533044,869.4246806200028,19723716,908.0824127197266,921.0946740722655,905.057752167046,914.3413497672212,39.91340290325917,-15.111305410807518,23.81243107409381,0.0064705554167574,0.0174656697262798,0.9707665976468816,0.9581136509075076,0.0161003532550221,0
2021-04-16,872.04248046875,880.0764346591261,869.4923760258712,874.07356246059,15656948,904.2798309326172,921.4268615722656,901.913440576732,912.682570579046,38.59657975883103,-15.78036744863914,22.867547328319606,-0.006274760026961,0.017473681199969,0.9634726475088096,0.9645548533145278,-0.2061867043715292,0
2021-04-19,858.32177734375,864.9565510152671,853.0410586066881,859.359882147361,18478808,900.8123809814454,921.2093127441408,897.7618536021623,910.550774765897,35.4574530874001,-17.219257129861603,22.5913955093012,-0.0157339847912278,0.0172136265486003,0.9594612564156568,0.9405742617063264,0.1802305276864941,0
2021-04-20,858.073486328125,866.129945192319,853.244099852856,862.2935362093694,17203668,898.3762512207031,920.943018798828,893.982009099873,908.4928418859844,35.4013419508786,-18.170168190415097,21.898141925741328,-0.0002892749807577,0.0166463634089115,0.9947676379678422,0.9541051866336956,-0.0690055332573399,1
2021-04-22,860.4430541992188,864.0763909126439,847.038126173648,854.0565402952617,14490954,894.4134490966796,920.7814367675782,890.7878229188583,906.6085364865032,36.4351768826236,-18.519091177594305,21.5510078409738,0.0027614975976399,0.0139994630045415,0.986851683549141,0.9607417615238076,-0.1576823035645653,0
2021-04-23,859.5178833007812,866.0849064432063,855.4557782072471,860.2626015730614,11828857,890.8467071533203,920.606317138672,887.8097334314224,904.7618442047104,36.19163514223799,-18.655222920956703,20.770873583472746,-0.0010752261801898,0.0139633285312339,0.9794529899335508,0.9508202465928584,-0.183707504695688,1
2021-04-26,874.6377563476562,885.5377655993291,862.7448293401166,866.5812978436229,20846778,887.4695190429687,920.4835498046876,886.5552594234447,903.5805074260024,42.908060387391245,-17.343139993402133,21.14580277740668,0.017591109319111,0.0143389364064488,1.0029760888225436,0.9663400276858872,0.7623662201681869,1
2021-04-27,897.5661010742188,901.4250736005504,874.8183510247649,875.6081964100579,19992524,886.1459533691407,920.776923828125,887.6039110092327,903.3446483533834,51.28248436388228,-14.288470428174604,21.548768097084352,0.0262146752300147,0.0153007408995816,1.0457221577808713,1.0033298953661265,-0.0409777472566743,1
2021-04-28,901.47021484375,906.2996013229372,893.7297060704715,901.7184741400474,17122437,886.2779724121094,920.984542236328,888.9245113744247,903.2711411569272,52.558548664000746,-11.420939950404886,20.90742003675445,0.004349667132993,0.0140630953038241,1.050574606029757,1.0450776193492175,-0.1435580119848799,1
2021-04-29,913.5436401367188,922.7736442808828,905.9836407520164,913.0245579839406,17412606,886.9414459228516,920.6988415527344,891.269190304167,903.673984254174,56.36495841595736,-8.081023855272633,20.93570642249576,0.0133930384988498,0.0143670040092656,1.0617130740707978,1.0477533345929009,0.01694671149907,0
2021-04-30,900.2064819335938,918.9372550182458,897.0696639164535,906.5253048610996,19828769,886.1561126708984,920.2736755371094,892.1203609355409,903.538003771014,51.453711544081735,-6.43612188406189,21.002269613874084,-0.0145993662668693,0.0142074343485662,1.0473388621962785,1.025819180051748,0.1387594137258949,0
2021-05-03,884.206298828125,893.2106078294329,877.0073762854873,887.3431167617707,23640186,885.1620269775391,919.6097497558594,891.3666407348346,902.7798976948222,46.24755001763685,-6.350402788147108,21.159186473462107,-0.0177739034616827,0.0144654630229925,1.01094000620374,1.0139486534564652,0.1922165213584363,0
2021-05-04,865.046630859375,888.1555160324492,862.5191497068099,880.121561842195,21849830,882.7868194580078,918.3198059082032,888.859973127648,901.300161740491,40.90960684518178,-7.739281251383204,21.478985034331902,-0.0216687757078218,0.0149503689921332,0.9637692754038684,1.0078348862782398,-0.0757335834836494,1
2021-05-05,866.62646484375,874.9311830141904,861.1877417678091,868.0933376376232,12393609,881.1506958007812,916.8470690917968,886.7424961482292,899.940408921011,41.50909651189347,-8.61321031355385,20.92644619233543,0.0018262992167319,0.0147095346197204,0.9613478632723996,1.00996765271495,-0.4327823603204235,1
2021-05-06,871.5460205078125,873.3514068231331,860.533193830387,867.4162254267926,14624666,879.9478546142578,915.6130920410156,885.2952127539038,898.8269034930426,43.433616157367496,-8.80731314047398,20.34728667807905,0.0056766737038771,0.0147888275022197,0.9540277904812288,1.0129037781807966,0.1800167328176967,1
2021-05-07,871.8845825195312,882.6717141211767,869.289350739611,874.5926322966467,12288548,878.3433258056641,914.2721484375,884.0180098744397,897.7703418862383,43.57122036314551,-8.83201196814639,19.849792156899525,0.0003884614280282,0.0145849943057625,0.9685384409216554,1.014387948708244,-0.1597382121410498,0
2021-05-10,869.3796997070312,878.6773959888417,867.0101633558089,875.1569368648484,13941237,876.5571350097656,913.5328479003906,882.6238850965913,896.6569833694066,42.74276376380625,-8.950532904007673,19.265323619480476,-0.0028729522952011,0.014570194483868,0.9832317422520694,0.9939883036120212,0.1344901773586269,1
2021-05-11,872.5165405273438,874.9537675806936,862.0678622246373,864.324640162575,13478264,875.4536010742188,912.7177221679688,881.661280851901,895.7102993363845,44.17427307140017,-8.691158495965055,18.80965088637874,0.003608136722504,0.0144333619156205,1.0086352682057704,0.9720916815854616,-0.0332088895698423,0
2021-05-12,863.489501953125,872.4035558387152,860.7137615341056,871.1398152651564,13177961,875.4987335205078,911.383095703125,879.9306352424937,894.4467386546881,40.99768683741276,-9.109006028393992,18.309160036868693,-0.0103459798810953,0.012164821877122,0.996380259526011,0.9578680335021296,-0.0222805399864551,1
2021-05-14,874.3895874023438,876.5108642766377,860.2625054108522,870.2146050700743,13291616,875.6228546142578,909.5140783691406,879.4029164005747,893.6601837036159,46.04321452666142,-8.463050628753876,18.16195995321989,0.0126232981693048,0.0122553148221726,1.00326266981619,0.957140468157038,0.0086246271331353,1
2021-05-17,884.7930908203125,886.1922131252846,871.2752855358857,874.3895996285223,11873078,875.9850646972657,908.3816552734374,879.9162663453116,893.3124545709372,50.40265156336337,-7.030606089952926,17.93017192723268,0.0118980184209143,0.0124595490481458,1.0148052948286788,0.9828779380924096,-0.1067242688925108,1
2021-05-18,897.2501220703125,903.8623311241566,890.2768357355067,894.1133042302491,12064918,877.2454467773438,907.3548461914064,881.5671097476926,893.4668729042461,55.08238048097654,-4.834476324909815,18.0115339541335,0.014079033142597,0.0127071534734932,1.0320578251052712,1.0147520134831374,0.0161575625124335,1
2021-05-19,901.3573608398438,910.1134700489604,890.0512067367108,893.6619198826413,16317002,879.3972259521485,906.3713671875,883.4518955659927,893.7763038036813,56.538467576273305,-2.731125110569792,18.158014622570363,0.0045775850774523,0.0120518486929278,1.033054754807363,1.041975459686371,0.3524337256167011,0
2021-05-20,896.0992431640625,907.6085298258828,894.1133478678807,901.7410386469028,11422532,881.2985137939453,904.4152392578123,884.6564048610469,893.8673994648728,54.11971654233627,-1.4715274197894814,17.824955146529767,-0.0058335549297361,0.0121828739230115,1.0377650696820029,1.0340086294567823,-0.2999613531946616,1
2021-05-21,903.8397216796876,907.0216665569668,896.3699768469676,899.078026470791,10785605,883.4683471679688,902.85087890625,886.4833874152031,894.2584709242774,57.033764098582125,0.1495804807270815,17.331917164127947,0.0086379701519376,0.0122666662511078,1.0336807925227414,1.0370533516440807,-0.0557605791780666,0
2021-05-24,896.2119750976562,907.1119838096188,894.5645936578591,906.2995151967816,8551760,885.3030517578125,901.1082373046876,887.4099195754367,894.3350789310765,53.43223434012869,0.8094934334969821,16.990165234673075,-0.0084392690419226,0.0124892291350045,1.0129057113983078,1.0279020790892126,-0.2071135555214566,0
2021-05-25,886.0568237304688,901.3348284850034,884.6350781454706,901.0640055897504,14780102,885.8740051269531,899.0505578613281,887.2810533044874,894.0104414722291,48.99622528477892,0.5071967098402865,16.969421313591628,-0.0113311935673264,0.0122819523098166,0.9875248851301168,1.0191827851847213,0.7283111312759012,1
2021-05-26,889.171142578125,893.4363796423949,887.0273019371077,891.4052973188182,7480204,885.4542572021485,897.0556176757813,887.4610618067386,893.8206650450094,50.3573728236536,0.5130102194968913,16.284430927758375,0.0035148071367978,0.0107560676281398,0.9864801478401816,1.01908800724937,-0.493900380389797,1
2021-05-27,891.9017333984375,899.5294239766795,885.6506014850115,889.283937975624,26819294,884.9758331298829,895.1974353027343,887.8839829107098,893.7454128235752,51.57756365005452,0.729543601964906,16.112601753751917,0.0030709395408348,0.0107300262719861,0.99531579811316,1.0329039685845016,2.58536932949957,1
2021-05-28,945.4762573242188,950.079947710044,898.1753741090896,898.1753741090896,56469931,886.5724639892578,894.8110827636718,893.3689614262821,895.7740733922278,68.12948609926097,5.164629572599438,19.11728836502725,0.0600677428012665,0.0170942292105344,1.046066282158029,1.0812986235724291,1.1055711235351682,1
2021-05-31,975.0393676757812,989.2115769657272,941.0757172389948,948.7259715836556,59124142,890.3141082763672,895.2750659179687,901.1470953548056,898.8825163053083,73.51037580600122,10.938866648034946,21.1900434622919,0.0312679563580249,0.0178313854451821,1.087956192026485,1.101997040654781,0.0470022001620649,1
2021-06-01,978.9209594726562,993.860450495012,968.8107952002592,977.6120318921522,28013832,895.0498413085937,895.8916027832031,908.5541300326964,902.0212787824591,74.12802103859691,15.647824766169151,21.465730021753387,0.0039809590520716,0.0170710244079645,1.104806072539695,1.0910234898758182,-0.5261862404700943,1
2021-06-02,993.5219116210938,997.2455024822108,973.5499025688986,973.5499025688986,24630162,901.4736053466796,897.2086254882812,916.6462997077816,905.6095388937782,76.36082978174844,20.32360494730449,21.625006442579014,0.0149153534891142,0.0159602435274839,1.1173573500601996,1.1022508438776994,-0.1207856890124849,1
2021-06-03,997.3131713867188,1015.5249208069228,991.1974809457164,1002.4358843892016,23974257,908.007940673828,899.0189672851562,924.3288589152996,909.2057597758544,76.91786781169968,24.05779413095263,21.8180374010524,0.0038159800214561,0.0159320436010149,1.11818727785922,1.1129494629024317,-0.0266301537115346,0
2021-06-04,988.6699829101562,1000.38234182816,985.8490553582252,999.6376236399614,14468646,913.8641387939454,899.9983850097656,930.4565850100478,912.3220038203368,72.71128390027962,26.01979291054147,21.297698048829712,-0.0086664738063616,0.0163206429778498,1.0456846221693388,1.093855425022504,-0.3964924126741446,1
2021-06-07,1005.3245849609376,1011.9142309078352,986.1876070242224,993.860484894942,16336573,920.5361389160156,901.487822265625,937.5868707196564,915.9691638650664,75.49256646280381,28.589021828395172,21.61404989417136,0.0168454614165167,0.0164136611064057,1.0310605071847998,1.1217486631456717,0.1291017141479582,0
2021-06-08,999.54736328125,1005.2117222594064,992.1227450436448,1004.9635226595292,9674735,927.0445220947264,902.6351391601562,943.4878700112369,919.2467403127598,72.72366670527003,29.81528866048893,21.013177752965746,-0.005746623295711,0.0165193685678742,1.0210705508029017,1.128084945018497,-0.4077867493996445,0
2021-06-09,981.6741333007812,1002.4359284900112,973.9786921208428,1001.5332651004172,11409161,932.5024017333984,903.7878735351562,947.1246569911934,921.6948733711135,64.80454197483373,29.01047893037708,21.544896225551646,-0.0178813237241661,0.0174338532546758,0.9880749702832614,1.1040328304565157,0.1792737475496744,1
2021-06-10,985.284912109375,1006.4980988117626,982.825061835388,989.9788572705108,14155653,938.592172241211,905.5169750976562,950.7589670024488,924.1886003804572,65.61906180857392,28.33736558319288,21.7791154602252,0.0036781847316815,0.0170166141027719,0.987939335784948,1.104701196571417,0.2407269035821302,1
2021-06-11,1002.3753051757812,1009.1011952964064,987.4063735342976,988.6745798453264,13762778,944.9914581298827,907.5589978027344,955.6748087332423,927.2547456665484,69.24683935991379,28.850400834050333,21.92462744071136,0.0173456356190595,0.0171346977104338,1.013862383305381,1.0601803032183927,-0.0277539298257735,1
2021-06-14,1016.75537109375,1022.8018129970552,994.1773836624808,1003.2131430271446,20332436,951.5895721435548,909.5758422851562,961.492005148529,930.764574114674,71.9306326269639,30.07069979801804,22.40318471884444,0.0143459898141116,0.0171802862060027,1.011370244301005,1.0427839170406092,0.4773497036717442,1
2021-06-15,1019.0654296875,1030.3430744105387,1014.6721115736524,1024.047566478528,15174215,957.680337524414,911.875390625,966.9751884379548,934.2273527645888,72.34810808999785,30.868366625721933,21.922311727276,0.0022719905489803,0.0171310803552738,1.0195269050004567,1.041008898447194,-0.2536941958159858,0
2021-06-16,1001.6732177734376,1017.7291568032896,999.0689384128792,1016.7554197633552,10797349,962.6961303710938,913.6578393554688,970.2797626603816,936.8722886472888,64.56245781651788,29.75413009444549,21.784753123514918,-0.017066825551521,0.0179256185532031,1.020372426851476,1.0082044553391316,-0.2884410165534098,1
2021-06-17,1003.5075073242188,1012.2714997953356,987.315715260484,996.4193416411848,15745975,968.0665435791016,915.7410107421877,973.4443097712234,939.4854344777566,64.99036838311545,28.688399441861637,22.01125536718181,0.0018312255117076,0.0177530216894314,1.0184947470430978,1.0062110238942168,0.4583186113554354,1
2021-06-18,1008.0367431640624,1012.2715649781592,989.331239663787,1007.9688163777718,29369026,973.2763946533204,917.9896887207032,976.7388272372082,942.173721092906,66.07953164597365,27.887798519604075,22.077617506266844,0.0045134050386135,0.0177425530103543,1.0056480222118882,1.0195887005660875,0.8651767197648923,1
2021-06-21,1013.2904663085938,1017.9328482894456,996.4872742197635,998.0045452008349,12186448,979.1303192138672,920.1759948730468,980.2199357201972,944.9626130621486,67.34845702492282,27.36183783683373,22.032471546510784,0.0052118369495548,0.0174332436200034,0.9965921942645564,1.0079236909818192,-0.5850578088629838,0
2021-06-22,1008.0820922851562,1024.047523693767,1005.1834033496904,1020.877007795391,12871913,985.2315826416016,922.23556640625,982.8734744406696,947.4378867571686,64.76194906844057,26.222461734938065,21.80616074633692,-0.0051400602261773,0.01715647864933,0.9892221469962807,1.008538593885025,0.0562481372751109,0
2021-06-23,998.842529296875,1019.3370107371755,997.1893446925246,1019.0653035968686,16653951,990.7151519775392,924.320672607422,984.3943368079272,949.453755092059,60.33514330593463,24.29389752230861,21.83055398193078,-0.0091654866791023,0.017507541944425,0.9971740399699868,1.017488895157466,0.2938209728421874,0
2021-06-24,975.3587036132812,1003.031979258628,969.2443347205036,999.5218896905816,91461975,994.8880004882812,926.5761096191408,983.533800313199,950.4696354262246,50.825682811280224,20.632707016032327,22.684631878801756,-0.0235110390224623,0.0187074687307623,0.9719495833309764,0.9899255450133272,4.491908496668448,0
2021-06-25,953.14306640625,975.3587188779936,942.567453114288,975.3587188779936,55355022,995.2713409423828,928.2008276367188,980.6394447030134,950.5744758568138,43.79378401045129,15.75693476792128,23.406534299152025,-0.0227768892867126,0.014485294434775,0.9455439723501444,0.9508844257082952,-0.3947755665674177,0
2021-06-28,944.7867431640624,963.129909816626,942.52215764647,961.0918068108576,20277042,993.7587097167968,929.5455847167968,977.2249016993036,950.3475059472942,41.46965134744554,11.090717793324416,23.206621289938024,-0.0087671237789038,0.012661588567032,0.932394781731156,0.9292173614462748,-0.6336910136175178,1
2021-06-29,945.60205078125,955.2039275943256,943.9262837366044,946.3720075153032,27144063,992.0927642822264,931.0167761230468,974.21320161187,950.1614096662728,41.79421920855994,7.373498631198572,22.354551473351105,0.0008629541249247,0.0126096618646068,0.9380208794679864,0.927911028314661,0.338659899210151,1
2021-06-30,955.9512939453124,961.3862759041562,947.0740888590092,949.4292437144968,19762858,990.2142333984376,932.969366455078,972.4739723102932,950.3884639517254,45.895588318322304,5.202699612635456,21.885242448319325,0.0109446073594192,0.0123639106518241,0.957059061770472,0.9543544511155464,-0.271927050861914,0
2021-07-01,950.19921875,961.6127163035006,948.863085632743,959.2802038142156,12534407,987.8585357666016,934.8118811035156,970.3525672093128,950.3810425712657,44.03824007875408,2.983786125387269,21.232698749922054,-0.0060171216167017,0.0123220659167821,0.9742048901905768,0.9468780370997308,-0.3657593957311235,1
2021-07-02,964.2848510742188,966.0286046961062,947.9345027993264,949.7688254664646,14086620,986.6392791748046,936.8887170410156,969.7746894821612,950.9262899635382,49.43472813493119,2.3349580672201,21.00851326041189,0.0148238727692795,0.0127980739769354,1.0116895197170954,0.9565969272583124,0.1238361735022646,1
2021-07-05,973.8641357421876,975.3814069298204,965.3945518663344,967.6364952540456,11702287,985.0662567138672,939.1756420898438,970.1641605545448,951.8258133274068,52.770344162727326,2.564167247955993,20.300516302925445,0.0099340818818189,0.0123722536021479,1.0307766729248824,0.9610907909653628,-0.1692622502772134,0
2021-07-06,962.3599243164062,973.2752309763288,960.2765368506977,971.486252797126,10070124,983.206884765625,940.9300854492188,969.4208999604364,952.2389157191324,48.62208622261468,1.7968109396615546,19.821022202108622,-0.0118129531662175,0.0125544633024702,1.017721909043356,0.9546444001746868,-0.1394738481460932,0
2021-07-07,955.679443359375,963.6961219133112,950.2218196134942,963.6961219133112,10454892,981.9071502685548,942.092352294922,968.1121898079542,952.3738383716908,46.343826285479714,0.6422135170504362,19.367685066230653,-0.0069417696936794,0.012045815682778,0.9997156229740372,0.956786896160815,0.0382088641609577,0
2021-07-08,947.7760009765624,958.8045791709612,942.5221577829742,958.8045791709612,11185460,980.031704711914,943.018468017578,966.1754099192502,952.1935310228624,43.73303277634716,-0.9001783120237405,19.14730908921325,-0.0082699721519913,0.0120836265720157,0.997449779240373,0.9717204526554828,0.0698781010841622,0
2021-07-09,938.0836181640624,947.3684433649398,935.7737479702222,945.692616426164,9037675,976.817120361328,943.509267578125,963.5000011806608,951.640201106831,40.7045666344217,-2.871528051332348,18.63694794043661,-0.0102264488682064,0.0113250776422118,0.9728283267325334,0.9842002226392224,-0.1920157955059515,1
2021-07-12,943.9262084960938,951.8069732106676,939.5781755914344,941.9559723923292,8585292,973.1756622314454,944.383662109375,961.6358304487974,951.3376915926845,43.25548508531267,-3.9172332844026414,18.285977019448648,0.0062282191255678,0.0107943676815116,0.9692586202250092,0.999089175759297,-0.0500552409773531,1
2021-07-13,950.9918212890624,952.5090925159022,945.7152754895722,951.1276748675256,6717133,969.7719818115236,945.7193725585936,960.6221152907274,951.324128051366,46.26608400186005,-4.128238548657691,17.59289894804578,0.0074853444362201,0.0110058701714613,0.9881872647227916,1.0056998295460118,-0.2175999371949143,0
2021-07-14,944.7867431640624,954.2300635744198,942.6353689523012,951.2860904215172,8532544,966.9276580810548,947.3141748046876,959.1139846119976,951.0677600165698,44.0554795043632,-4.74150259702094,17.164455781908124,-0.0065248490955359,0.0105599363214299,0.988602140319119,0.9883210045825946,0.2702657517723708,0
2021-07-15,943.1336669921876,948.8630578642602,941.3899132919198,948.8630578642602,9448356,963.9089660644532,948.8443188476564,957.592049600587,950.7566191136528,43.45972737914716,-5.299815234412222,16.472219266939,-0.0017496818026242,0.0105063254072311,0.995101865863251,0.9925641364269828,0.1073316469273408,1
2021-07-16,956.7438354492188,957.808201493028,945.5114761829108,945.5794029707818,8828185,961.3443206787108,950.5482751464843,957.5112673004568,950.991411911126,49.51312841129642,-4.591131466743036,16.343813212217672,0.0144307948420887,0.011099146165962,1.0198918485770774,0.9921796804993884,-0.0656379797712957,0
2021-07-19,950.652099609375,961.99767008388,947.6175572445412,951.1276470202398,8354449,958.21240234375,952.1236254882812,956.8580132346394,950.9781055463512,47.08332616551529,-4.469524747482637,16.203548899869183,-0.0063671545236385,0.0109743048658905,1.0071254416423052,0.9761650159597236,-0.0536617662633939,0
2021-07-20,948.3195190429688,954.7509997157346,943.8809767465054,950.9011562369292,6741464,955.2242736816406,953.702421875,956.0448233116232,950.8738472521012,46.14943298294048,-4.509388875895184,15.822582761966322,-0.002453663719214,0.010964818540003,0.9971899839869588,0.9854104426850372,-0.1930689863568501,1
2021-07-22,960.5029907226562,961.9523350417172,950.289713605715,959.7330340406752,7972397,953.3072967529296,955.4621508789064,956.4694106841024,951.2514607215346,51.55451698859087,-3.5173315333842083,15.666170850307903,0.0128474332068824,0.0114085388125782,1.0166347037279129,1.005047244028108,0.1825913481107368,0
2021-07-23,953.709228515625,966.7306251488294,952.0560439551456,966.7306251488294,9937030,952.2248229980468,957.2665454101564,956.2065361918666,951.3478437722832,48.6237290389929,-3.2419476202013584,15.595343017691896,-0.007073129675442,0.0103082147157526,1.0112132159984963,1.0062601580256825,0.2464293988370123,0
2021-07-26,940.642578125,960.6388700312618,938.0382987131832,954.750983452507,12389668,951.5997985839844,958.5916052246092,954.7242544712126,950.9280294331744,43.50148389509439,-4.031599598353523,16.095716467719523,-0.0137008744383885,0.0094678932495509,0.9831707749476548,1.0027278591283215,0.2468180130280375,0
2021-07-27,930.7462158203124,943.744969548056,924.8583297259996,940.6198584710684,10824523,950.8977722167969,959.5106677246092,952.4406317425554,950.1365857620816,40.05946507243334,-5.393782048865432,16.295068135886442,-0.0105208530156206,0.0095550641130484,0.979060811208178,0.9860370518827098,-0.1263266295755463,0
2021-07-28,922.7522583007812,932.1050093559254,913.1956670017476,932.1050093559254,12897848,949.7552825927736,960.0207104492188,949.6131676052436,949.0626905675208,37.47972195317314,-7.037246026763455,16.481802008621543,-0.0085887617737835,0.0097059751715431,0.973039402618234,0.9703051463155564,0.1915396179582231,1
2021-07-29,929.9536743164062,939.5329082786224,925.4924300252736,930.2933681370648,13765738,948.4554016113282,960.59263671875,947.7408349110686,948.3133173812026,41.15604701135003,-7.6701917856735236,16.503148292137226,0.0078042789392747,0.0095232292321228,0.9681944598805824,0.9843000878717024,0.0672895199261147,0
2021-07-30,921.8238525390624,936.6115854453042,919.9215431668896,932.1050565925412,11350608,947.0366333007812,961.10712890625,945.2725508756396,947.2745148383736,38.41013483108843,-8.727212658389135,16.516497862585606,-0.0087421793169643,0.0096128220335812,0.9665669839158528,0.9774053082835163,-0.175445007016696,1
2021-08-02,938.6724243164062,941.7975357253354,924.4734496016514,930.429323008648,10925104,945.7560119628906,961.8037829589844,944.6439673938077,946.9371779551592,46.39271921130196,-8.111861888011845,16.763439671420418,0.0182774309114874,0.0099461743357099,0.9979055234640548,0.9811115468287,-0.0374873310751283,1
2021-08-03,945.579345703125,947.0513322851772,934.913163448722,946.5984271599676,11817299,944.3417724609376,962.7911303710938,944.733051042314,946.88392963155,49.29406292652014,-6.986327106718704,16.433063183208613,0.007358180775097,0.0098087987369775,1.0159368146017542,0.994663921840246,0.0816646688214592,1
2021-08-04,952.8261108398438,957.468493410625,945.239695070289,948.5912889902256,13169800,943.8650817871094,964.1265161132812,945.5038186420788,947.1169563456008,52.21619911107296,-5.44679207221543,16.132758551574852,0.0076638361123784,0.0096895150026766,1.0325914699948202,1.004752187112444,0.1144509417930441,1
2021-08-05,966.64013671875,975.9475444073933,953.0525626247831,957.6043762856964,21252078,944.413116455078,965.6758959960938,947.5168013160476,947.8825712621948,57.27121937219986,-3.0765583759573474,16.63194962414447,0.0144979505932412,0.0101107009995548,1.0394497741291375,1.0063895126359537,0.6136978541815366,0
2021-08-06,946.168212890625,972.3921457790564,941.5031281309346,964.6925186544,16620987,944.3327270507812,966.7612255859376,947.38836432315,947.8153415221334,48.998503645469135,-2.817565120152949,17.65031162585714,-0.0211784334733055,0.0110740968243357,1.0264089069560405,0.9920929614608668,-0.2179123848500838,0
2021-08-09,940.7784423828124,946.5078930939916,935.9548618556915,942.522196064497,7494143,944.4674682617188,966.6672692871092,946.7588479478798,947.5393846931404,47.07071777807852,-3.012494374830794,17.143363026745916,-0.0056964189183088,0.010899446905599,1.0022436134394166,1.000144437707767,-0.5491156451779909,1
2021-08-10,945.7152099609376,957.0155553586312,939.238504866793,942.9750770172924,11919198,944.556918334961,966.0807861328124,946.6594538538852,947.4678484291326,49.04811237737152,-2.7370700880775303,17.18862641710965,0.0052475347602793,0.0108730733566385,1.000143683614104,1.0160827880749774,0.5904684498280857,1
2021-08-11,958.963134765625,960.1859966454768,943.6092248291548,949.7462363911606,9184963,944.9554840087892,965.681629638672,947.8312329883366,947.9186439717402,54.01313260656116,-1.4332756329758922,17.144922517053395,0.0140083660124643,0.0111976486051272,1.0064408645564635,1.0392422517952162,-0.2293975651717507,0
2021-08-12,955.88330078125,962.9941092821113,953.3922326146494,962.4052906590396,8137612,945.5103118896484,964.928857421875,948.5980965876618,948.230983454466,52.72679127853776,-0.6411353876129624,16.606133527796857,-0.0032116291781412,0.0111127964141017,0.988871933278072,1.0278827076885353,-0.1140288752388006,1
2021-08-13,971.8032836914062,973.7282353115996,955.181228214771,958.9630848706248,12780901,946.9437927246094,964.4186596679688,950.808114407066,949.1553873853264,58.26036249794711,1.2567638446082583,16.744767354156274,0.0166547348375525,0.0116531406926376,1.0270935658707705,1.0542179842869992,0.5705960176031986,1
2021-08-16,984.4170532226562,997.7781437654176,963.8772277608732,973.4791039346752,21935444,948.3274536132812,964.3336010742188,954.0089657228364,950.5381978103198,62.05072608386048,3.73562646670905,17.970206543469708,0.0129797560297764,0.0115730508179737,1.046385640735257,1.0487333256216234,0.7162674212091933,0
2021-08-17,980.2276000976562,989.716205298415,972.7997402220516,982.31104758478,12658169,949.8062286376952,963.8316613769532,956.5059785204384,951.7024880960978,60.09866174877528,5.300982671013571,17.894939295819263,-0.0042557705713093,0.0115070444155598,1.0364934282257596,1.036642355347522,-0.4229353643354563,1
2021-08-18,984.0321655273438,990.4409443539316,974.9511803260804,984.6436264377176,10075860,951.591860961914,963.521357421875,959.1275201401436,952.9703185835976,61.289648097636494,6.7704893876259575,17.723141062392976,0.0038813082077147,0.0114768577617495,1.0261418086398553,1.0327510490450291,-0.2040033594116179,0
2021-08-20,972.98095703125,983.7377088016336,967.8856094241048,970.6031001945056,9426282,952.2157592773438,963.3474938964844,960.4468950821536,953.7550495031136,56.05571004136168,6.963077853800542,17.61052785102483,-0.0112305358333194,0.0115321811973151,1.0178867611098823,1.0065596493168842,-0.0644687401373182,1
2021-08-23,979.3671875,984.6436737126828,965.7569702761476,984.6436737126828,9854395,953.4986572265624,963.2291394042968,962.2488276933772,954.7594470716188,58.2732696579934,7.54405782504773,17.701683249989856,0.006563571899943,0.0114507100490447,1.0077833692636458,1.0350878143622573,0.0454169523042065,1
2021-08-24,989.036865234375,992.7960796490014,976.3098177521404,980.5899239821464,11864472,955.9183715820312,962.9623706054688,964.8000693639484,956.1036595485896,61.44573831191321,8.684639697854891,17.614867439052084,0.009873393613542,0.0110207353112865,1.004692941875189,1.05129626772626,0.2039777175564812,1
2021-08-25,997.5969848632812,1005.4778098902966,987.4063495975512,989.8068486851396,13380559,959.2609100341796,962.5792028808594,967.9235851257896,957.7308487766168,64.05139695495532,10.162146267199432,17.647481214315896,0.0086550056219367,0.0106498678457194,1.0177197466832135,1.0548598292127358,0.1277837732686293,1
2021-08-26,1010.2108154296876,1016.7555077395328,998.6840464816696,1000.0428218830656,18589616,963.633837890625,962.4021105957032,971.9509403928276,959.7888866845803,67.5334335645202,12.21016044771318,17.755412761597018,0.0126442148059771,0.0104345531040157,1.0266034493784202,1.0534407203010865,0.3893004021730333,0
2021-08-27,1008.829345703125,1015.7817181947378,1003.6887734868196,1013.1773788430728,10480636,967.5776214599608,962.5452331542969,975.4631694699988,961.7120419402096,66.7706245521066,13.565380121521455,17.350950757762813,-0.0013675063714052,0.0104872537304182,1.036843874911237,1.055389653610019,-0.4362101939061032,1
2021-08-30,1028.2369384765625,1030.7733511879242,1013.086868200183,1019.0653841621984,14027062,972.898275756836,963.0398217773436,980.4892427087192,964.3208614122236,71.62036763082071,16.020754729690566,17.67902609540827,0.0192377361504199,0.0105456661325959,1.0498993141697046,1.058071068221536,0.3383788922733315,0
2021-08-31,1022.756591796875,1034.3512267943545,1015.5551545716548,1031.2487577395646,26485463,977.1024841308594,963.33421875,984.5147045266388,966.61245868221,68.57672043476957,17.324729918569574,17.75881510450051,-0.0053298480871608,0.0103633741946838,1.0340934981776533,1.0389464388581118,0.888168955124031,1
2021-09-01,1026.81005859375,1038.4953813339248,1024.9531537088544,1029.4823244235874,11145486,981.1640197753908,963.6046105957032,988.5428334854112,968.9731488748192,69.60557724060992,18.47228355839843,17.614527563968316,0.003963276139588,0.0103392801298627,1.029283442285536,1.047522084148062,-0.5791847777023946,1
2021-09-02,1039.1748046875,1045.2438888621152,1021.32982832915,1021.32982832915,9956770,985.4814544677736,964.22646484375,993.3649259808482,971.7261549851206,72.55728751630937,20.147215203254177,18.064494204610952,0.0120419019956659,0.0104625329953931,1.028671232593657,1.0560374356569993,-0.1066544787728412,1
2021-09-03,1081.7945556640625,1084.738529222682,1042.8436314734115,1046.2404503177634,30664428,991.2391754150392,965.8855053710936,1001.7867954744876,976.042562854883,79.82876550816138,24.629751866690185,20.028724942508884,0.0410130718954249,0.0131455013357395,1.0723266132886755,1.111835280892674,2.079756587728752,1
2021-09-06,1098.5977783203125,1123.2365131929273,1092.4380047519112,1092.8909697996994,33641710,998.8606536865234,968.3502868652344,1011.006889078852,980.8486497358804,81.86859334695502,29.20145787624324,21.55824155582002,0.0155327299146326,0.0116716351606646,1.0684286249704245,1.121742480595729,0.0970923703517312,1
2021-09-07,1105.52734375,1113.272195169168,1092.4379602260194,1100.5904921516135,17349882,1007.0980987548828,971.3979724121094,1020.008837142771,985.7380102854536,82.64790480052817,33.00328452340386,21.506526797772068,0.0063076455882538,0.0112552660808211,1.0809290818724575,1.117781735555449,-0.4842746697477625,0
2021-09-08,1101.201904296875,1111.460525484485,1090.01483063056,1110.5547152662286,14301651,1014.8724334716796,974.5262756347656,1027.7415102050666,990.2660061290388,80.32703790443114,35.26076852678864,21.50218165892585,-0.0039125576382876,0.0115622259536493,1.0724494711368595,1.1038544833290496,-0.1756917424568075,0
2021-09-09,1098.5977783203125,1104.145971203985,1094.29502966748,1099.6394421897962,8963249,1021.854165649414,977.5861901855468,1034.4897262160423,994.5143109208536,78.89068697592653,36.41988390992219,20.66995022161007,-0.0023648033720258,0.0116713708886631,1.0571828467787787,1.0874935820727971,-0.3732717292569928,0
2021-09-13,1074.117431640625,1101.9492019199529,1072.5322338327237,1101.9492019199529,16311160,1027.7658721923829,979.9495129394531,1038.263793399336,997.636001929472,66.79847829045089,34.96013316260269,21.294737212011437,-0.0222832661441536,0.0132164374925292,0.992903343815846,1.0647166799970476,0.8197820901773454,0
2021-09-14,1072.71337890625,1084.2853708994928,1071.6036685532945,1075.6799942004577,8908356,1032.811376953125,982.399796142578,1041.5447063047563,1000.5802127913064,66.17200190042112,33.30604351950933,20.679520435881926,-0.0013071687443247,0.0130586584406776,0.9764386931005468,1.0432550502373352,-0.453849021160972,1
2021-09-15,1077.1746826171875,1085.0780298856923,1072.7360805602518,1072.7360805602518,9071075,1037.4492584228517,984.6575927734376,1044.9380373821307,1003.5839174903606,67.22386432533813,31.986435764459657,20.085601188993387,0.0041588963078713,0.0129243744671114,0.9743537224175396,1.0532072745918026,0.0182658843000886,1
2021-09-16,1099.7755126953125,1103.647939326568,1072.0569454711606,1078.6469233245236,13448882,1043.4266540527344,987.1758203125,1050.1606540786242,1007.3561369101628,71.97760211542075,32.39095247810906,20.90741495088009,0.0209815830643291,0.0132432426572222,0.9987046956638952,1.0710603226866429,0.4826117080941343,0
2021-09-17,1082.7227783203125,1112.2983612101125,1075.9516645338,1107.8371172912175,34882133,1048.3611846923827,989.5830773925782,1053.2618087683088,1010.3116914752668,64.38928616304715,30.97842177680195,22.01022078841097,-0.0155056501787418,0.0140783429936566,0.9855497614201696,1.041906302420321,1.5936827313973012,1
2021-09-20,1084.4439697265625,1095.3139316833478,1073.415392150155,1074.3664868663025,11779819,1053.9343353271483,992.1583679199218,1056.231538383381,1013.218839641984,64.79274572517664,29.6560107494754,22.002243555895397,0.001589687998363,0.0135893961365791,1.009613974954456,1.0024490916954871,-0.6622964828440967,1
2021-09-21,1089.1318359375,1094.5215333838828,1079.7563812162018,1089.2676895218028,9915736,1059.4225677490235,994.9854846191406,1059.3649000552016,1016.195819888867,65.92510586065967,28.65593433464187,21.485308456737226,0.0043228293409383,0.0135896163618065,1.015305539535631,0.991383614121917,-0.1582437726759639,1
2021-09-22,1100.817138671875,1106.0255780999046,1086.210482648724,1090.6264428510565,10995912,1065.0115814208984,998.2401550292968,1063.3127323044089,1019.5143029783968,68.63324773061187,28.47799622964112,21.366007527768883,0.010729006671921,0.0136057355393484,1.021948581261903,0.9957394042718584,0.1089355343869582,1
2021-09-23,1127.720458984375,1130.936139610999,1107.6108943355246,1108.4714201510762,15748397,1071.517755126953,1001.9160400390624,1069.4468015120244,1023.757681645298,73.79673293782959,30.160184277949384,21.991221342865668,0.0244394090238806,0.0142439357781359,1.025409682218306,1.0240814646106449,0.4322047138973102,0
2021-09-24,1124.4593505859375,1134.7632574948414,1119.6131874834832,1133.9027316972313,15192163,1077.2301818847657,1005.385390625,1074.6860919000162,1027.7067667017936,72.24427145180955,30.87428667400832,21.502567676329416,-0.0028917701833435,0.0143000791506891,1.038547791827538,1.0235405284590742,-0.0353200392395492,1
2021-09-27,1143.3685302734375,1145.8370159244848,1121.1077134942575,1126.4068411721405,15373834,1083.9571411132813,1009.3570263671876,1081.2272765070088,1032.2425221359758,75.46701816322815,32.59034947591772,21.733048730179267,0.0168162412253023,0.0144201754321618,1.0543361964212246,1.0644725582071946,0.0119582050297906,1
2021-09-28,1154.057373046875,1161.6890123387186,1138.0919448330371,1147.6938200602945,18035258,1090.2481628417968,1013.5755004882812,1088.163476177472,1037.0195751128738,77.08660997889177,34.4161143485037,21.866192928429424,0.0093485542853635,0.0141224503942593,1.0596121929109608,1.075830129221996,0.1731138764734938,0
2021-09-29,1144.90869140625,1163.9991145771864,1141.3758992926414,1163.9991145771864,9719875,1096.3557678222655,1017.3387976074218,1093.5677823897367,1041.250520849869,72.66487915185495,34.72454111952834,21.92026595386625,-0.0079274062575166,0.0142424270430263,1.040053475900249,1.06288117413277,-0.4610626030412207,0
2021-09-30,1141.0133056640625,1147.965677369511,1132.4532137255203,1143.6176447212324,13590654,1102.0659301757812,1021.1460217285156,1098.0864036539583,1045.1627869210138,70.80262332479298,34.25972173711352,21.462565788875143,-0.0034023549401157,0.0143856413845015,1.011787359689882,1.0374965549721007,0.3982334134955438,1
2021-10-01,1143.0289306640625,1150.320936930379,1130.0302358504632,1133.1779894261922,8958928,1107.2586364746094,1025.0402099609375,1102.3666443215873,1049.0006749109373,71.21372029548837,33.665913426251564,21.37886116680662,0.0017665219064442,0.0143186903268535,1.0165142297660192,1.05569860868477,-0.3408022895734083,1
2021-10-04,1157.7261962890625,1166.1957202690803,1149.0754144086843,1156.2994941506686,10918552,1111.055218505859,1028.9846740722655,1107.638982604204,1053.2644208473343,74.07957430994769,33.98945330747097,21.50657034096456,0.0128581746539533,0.0117279667327417,1.012557338806755,1.0675758532559112,0.2187342056996104,1
2021-10-05,1181.75341796875,1183.0216242133338,1153.7403880823629,1157.2505376163049,13533634,1115.2130004882813,1033.5455578613282,1114.6975002579702,1058.3032050481745,77.94522683469637,35.77229621669244,22.061903611679305,0.0207538032366405,0.012064064333265,1.0239988457842035,1.0850416625196926,0.2395081325802175,0
2021-10-06,1159.4019775390625,1186.6222902143545,1155.4389825506437,1186.6222902143545,10258881,1117.9067321777345,1037.9207458496094,1118.955069522836,1062.2678627929151,67.81349967315666,34.97842807748407,22.713432472538692,-0.0189137937659669,0.0130571076226474,1.0126589013094232,1.0532194102081929,-0.2419714468412549,1
2021-10-07,1165.0860595703125,1177.0204479976474,1162.9573276219362,1175.3219190109808,6336665,1121.1009399414063,1042.6075427246094,1123.3484971464054,1066.2999489410483,68.91990879928254,34.41126809538355,22.349506614399136,0.0049025981854153,0.0129791234548384,1.0210976977978707,1.0331337436403247,-0.3823239591140593,1
2021-10-08,1209.85693359375,1215.8128063604345,1169.207487984506,1170.9058970806193,15772493,1126.6638977050782,1048.3496362304688,1131.5873958556765,1071.9296346137032,75.93643159266804,37.14622651474838,24.37645234123648,0.0384270961408199,0.0151338983755162,1.0584657143287377,1.075945460334616,1.489084242263083,0
2021-10-11,1201.4326171875,1231.9366542030143,1198.1263679197398,1223.5124154081875,14768666,1133.0296569824218,1053.7792150878906,1138.2393216968023,1077.0081829499306,72.61452850584853,38.19365614406843,25.05029762281063,-0.0069630682540509,0.01403080747044,1.0377519495011278,1.050783352328384,-0.0636441556829348,1
2021-10-12,1208.2943115234375,1215.1787568517786,1196.269354160262,1197.9678831315707,6682011,1139.8087036132813,1059.5086242675782,1144.9112254898153,1082.1566585802643,73.62653959404928,39.12640818080058,24.61166227057534,0.0057112602386311,0.0139335185273509,1.022458909913971,1.0469967436136811,-0.5475548705617691,1
2021-10-13,1220.5911865234375,1231.7103344750674,1208.9737889938256,1213.3671067441885,9959762,1146.9795288085938,1065.1469995117188,1152.1188408263508,1087.5854635976436,75.38228243791603,40.39225911350195,24.526259462079235,0.0101770527947746,0.0139552666466845,1.0527765263211426,1.0661035204687193,0.4905336133089275,1
2021-10-14,1223.0594482421875,1230.7817769408248,1217.080933017602,1223.036805981498,8623469,1153.1437255859375,1070.6966015625,1158.8750891516686,1092.898168877822,75.73151726621943,41.12061039032187,23.75301549501805,0.0020221854344042,0.0135478302301582,1.049758889650826,1.0719063854653077,-0.1341691699058672,1
2021-10-18,1226.320556640625,1243.2596035729457,1205.8033136478314,1208.6567177514992,13594479,1160.3236145019532,1076.1664904785157,1165.2984670077597,1098.1304193783242,76.21168411329316,41.48279043226057,24.7318208114535,0.0026663531385366,0.0126507181974499,1.0136079089929844,1.0728692194415173,0.5764513097919179,1
2021-10-19,1237.3037109375,1246.1356302424738,1226.5016753447112,1233.6577079515855,8833409,1167.9666015625,1081.5797619628906,1172.1561092867826,1103.5881955178995,77.80448437336788,42.16996043259269,24.38062458219602,0.008956185425907,0.0126128782384496,1.0298569334949244,1.068736040441611,-0.3502208506850465,0
2021-10-20,1223.0594482421875,1242.2405578545067,1219.0285268378586,1242.2405578545067,12710570,1174.6629821777344,1087.1175866699218,1177.0040463301546,1108.2733426835582,71.15062086174291,41.09147767729996,24.29715361322831,-0.011512341367278,0.0132502067078752,1.0122198181171058,1.034953171825334,0.438920126986082,0
2021-10-21,1187.777099609375,1235.5599338327822,1179.0357499377028,1235.2882267218629,20831669,1179.0109802246093,1092.057559814453,1178.030051404366,1111.391137072806,57.93438312589954,36.9636872780593,26.599084347646247,-0.0288476154479009,0.0152891601919019,0.9731162347587272,1.0244739293360023,0.6389248475874802,1
2021-10-22,1189.99658203125,1206.9810344630644,1182.7951444896785,1186.6449281501525,11027475,1182.1247863769531,1096.9431872558594,1179.169720987879,1114.4737035417647,58.45714557986394,33.48547758834161,26.426713320913365,0.0018686017962503,0.0145078396954106,0.9729670816423058,1.0213808432916316,-0.4706389104012741,0
2021-10-25,1178.4017333984375,1213.819979870448,1163.9989792562783,1213.819979870448,17198417,1184.8219055175782,1101.3319592285156,1179.096579312694,1116.9806851047715,54.6371470403292,29.45383845231754,28.09773384186024,-0.0097435982656528,0.0147283171389537,0.9609247166389708,0.9740008927321032,0.5595970065676865,1
2021-10-26,1205.2373046875,1208.792739180254,1179.013369646043,1185.3316395816128,9750178,1187.9153442382812,1106.319039306641,1181.5861722055326,1120.4417290099766,60.99079485378226,28.100219876470877,28.26153898042855,0.0227728545609571,0.0150899405901481,0.9740836417392594,1.0031667922491625,-0.4330770093549889,0
2021-10-27,1189.99658203125,1212.3707315877275,1186.6222858874532,1201.138372284091,9896298,1189.7123046875,1110.6829052734374,1182.3871636175058,1123.1693703049286,56.17829499189941,25.50367793277087,28.082032317560387,-0.0126454123158772,0.0153820423220863,0.9729670816423058,0.984856562413906,0.0149863930689264,0
2021-10-28,1176.952392578125,1194.77472717133,1173.283867099268,1186.644837678606,9886181,1191.3144897460938,1114.5336120605468,1181.8695663756605,1125.2785084332893,52.36955323842863,22.13814787312413,27.61123430002478,-0.0109615352263108,0.0154959739889234,0.990886583825526,0.964247821525234,-0.0010223014707115,0
2021-10-29,1148.7132568359375,1175.843002928945,1133.0649360229452,1175.843002928945,14233025,1191.6994873046874,1117.9033251953124,1178.7118226099724,1126.1975181745695,45.221654281094615,16.99635539826204,28.773821603964425,-0.02399343925911,0.0164905735759796,0.9653080304442182,0.9392129372671932,0.439688895034392,1
2021-11-01,1149.4151611328125,1157.6582624374937,1129.6225892164332,1148.7131311991511,15481114,1192.018798828125,1121.210985107422,1175.9216643740524,1127.1080139768535,45.42105917943601,12.830187216302877,28.721096719471287,0.0006110352541837,0.0164877979564988,0.9754017908798984,0.937287689510411,0.0876896513566161,0
2021-11-02,1132.6571044921875,1154.0348738636576,1130.143454028727,1152.6760985535552,10569130,1190.7653442382812,1124.404508056641,1171.801230099589,1127.3256253696118,41.53367300714428,8.083057344959343,28.376119799146945,-0.0145796377212468,0.016538703541779,0.939779328176262,0.915423670421208,-0.3172887945919137,0
2021-11-03,1124.866943359375,1141.353145207229,1114.6309640383438,1135.0348760961226,11989430,1187.9210205078125,1127.314503173828,1167.3312980290923,1127.2292064672497,39.82724427078019,3.650244080805578,28.25798132555683,-0.0068777753672459,0.0157649654785825,0.945269053999548,0.9197156728367232,0.1343819216908108,1
2021-11-04,1131.77392578125,1134.514118637374,1127.7656464746356,1129.1016597099565,1705656,1186.539617919922,1130.1692443847655,1163.944881624536,1127.4074307540732,42.09869218806395,0.6866283652698257,26.928638036445555,0.0061402661556109,0.0153696483584388,0.9616140235732804,0.9528504347772466,-0.8577366897342076,1
2021-11-08,1133.177978515625,1141.3531527093287,1112.5475239087214,1141.0813257713814,20337183,1184.9442138671875,1132.8808642578124,1161.0147003760685,1127.6337267447225,42.57325839461415,-1.5311133973252709,27.06270880531425,0.0012405770290262,0.01531617706028,0.9864759301524006,0.952253137216042,10.923379040087802,1
2021-11-09,1142.123046875,1145.384011549245,1126.429444729638,1134.5593339553402,15682497,1181.55751953125,1135.5191088867186,1159.2154952807284,1128.201935377282,45.63062624397512,-2.53764506986613,26.48355580633518,0.0078937894390538,0.0123931685752558,0.9936558047045198,0.9692136514269952,-0.2288756510673085,1
2021-11-10,1154.895263671875,1158.5639086571884,1133.947819541091,1139.8584075840783,10253470,1179.2306518554688,1138.4404272460938,1158.8040446513137,1129.248732565305,49.74479296491932,-2.278452931281663,26.350165328461063,0.0111828728365315,0.0127321895526761,1.0196336199998124,0.9582305983893538,-0.3461838379436642,1
2021-11-11,1157.00146484375,1164.2254244154967,1148.3959679290283,1150.4341308509872,10722478,1176.6660095214845,1141.0157177734377,1158.6323703839266,1130.3370750075974,50.41118460732011,-1.8814008439642291,25.59868612546159,0.0018237161742082,0.0126392772282663,1.0285673978367669,0.972272931127937,0.0457413929138135,1
2021-11-12,1174.46142578125,1177.0204805624614,1158.1110771767962,1160.783343266853,8712341,1174.359521484375,1144.049814453125,1160.139899469386,1132.0674417046034,55.6601185136042,-0.156062286590668,25.20013823926515,0.015090699076909,0.01293458597091,1.0377173382665918,0.9978835449822924,-0.1874694450294045,0
2021-11-15,1167.531982421875,1178.5832047502895,1163.9991900791144,1177.5867054893083,4803269,1171.5831481933594,1146.8642529296876,1160.8439073696234,1133.4582080072416,53.251017311332994,0.6447010705649063,24.441843698687286,-0.0059001029810455,0.0129312423375673,1.0303165121080549,1.0163824396331709,-0.4486821624635675,0
2021-11-16,1140.402099609375,1166.2636363626991,1130.0302662731583,1164.9275032865714,11337581,1167.2872253417968,1148.888798828125,1158.897068535314,1133.730517481835,45.03285601694613,-0.8994744274818913,25.374691730832243,-0.0232369504398697,0.013688905479325,0.9984932032758348,0.9921585673930432,1.3603885187358855,0
2021-11-17,1115.9896240234375,1131.81907885733,1114.630848883986,1131.81907885733,10202029,1161.2215209960937,1149.5727001953126,1154.8106452484683,1133.034796169741,39.17422962207279,-4.04648206468778,25.403017373300592,-0.0214069016483743,0.013912436229497,0.966312408689996,0.9852846193233188,-0.1001582259919465,1
2021-11-18,1120.201904296875,1127.3127730233773,1109.6715745881545,1114.1781038166205,8505625,1156.078643798828,1150.0047827148437,1151.51457468165,1132.53154550806,40.60995084154321,-6.129950225133825,24.848601734866463,0.0037744797825727,0.0139587939915883,0.96819402423847,0.9958528081120706,-0.1662810407615975,0
2021-11-22,1070.584716796875,1109.196002657838,1064.8099816539602,1103.3533407297432,24124307,1150.2190246582031,1149.3059301757812,1143.8069691688142,1130.1022581076213,31.252346174308656,-11.650506331179711,27.03026751401277,-0.0442930754801238,0.01570678913368,0.9115537499111336,0.9459351310447122,1.836276816812404,1
2021-11-23,1080.593994140625,1087.5690077245938,1045.787332197155,1056.6799356820093,25326999,1144.7488952636718,1148.8937719726562,1137.7866858327964,1128.160757559896,34.52976103970707,-15.044498177940111,28.083939514971775,0.0093493557181509,0.0159674286475283,0.9255369535137618,0.9535960057714138,0.049853950208808,0
2021-11-24,1064.9912109375,1091.4868494573443,1061.4357769402943,1077.9446209027212,16820296,1139.078369140625,1148.221640625,1130.8537834618155,1125.6835204374493,31.97108693657809,-18.77682779285442,28.22444901512022,-0.0144390800686742,0.0160798001059022,0.933873421753866,0.932466264341182,-0.335874889875425,1
2021-11-25,1129.1016845703125,1133.2006528139436,1067.5954770563671,1074.7742721480845,42401936,1135.2715881347656,1149.3213256835938,1130.6869169007202,1125.8175660897184,48.7693058220752,-16.37281090171814,31.080519933786174,0.0601981246177392,0.0209212633736085,1.0117492674345865,0.977665871605054,1.5208792996270697,0
2021-11-26,1092.7098388671875,1122.149452357917,1087.68241798512,1117.7108501017365,15763138,1130.4072509765624,1149.7212548828124,1127.070052326098,1124.5192238456978,42.37313465213237,-17.205790363308324,31.81900183745805,-0.0322307956851327,0.0218324923383028,0.9754579372484252,0.9444325457399098,-0.6282448518388406,1
2021-11-29,1105.7991943359375,1132.2949564813318,1086.5954393266577,1104.712245845007,24325354,1126.849591064453,1150.2937451171874,1125.044256327035,1123.7851050413933,45.15910750672104,-16.61816710792141,32.810467217259195,0.0119788026090437,0.022050721817597,1.0328927519574742,0.941537261302866,0.5431796638461199,0
2021-11-30,1089.4488525390625,1121.379596994729,1081.9530649636156,1117.8015201912658,32172299,1123.8863708496094,1150.0872119140624,1121.6542178710376,1122.4385853354197,42.40153631319711,-17.27269846589661,33.28304327539163,-0.0147859953964732,0.0216797954091239,1.0081944360661377,0.933121206906178,0.3225829724821272,1
2021-12-01,1117.3485107421875,1120.518906517298,1098.3711810133602,1101.9492572911422,10104610,1122.2830383300782,1150.7797265625,1121.2441505254328,1122.2389745670575,48.2126792369061,-15.363054306045116,33.124972611309055,0.0256089656142206,0.0225664101098579,1.0491621895720604,0.979784683950438,-0.6859220411945071,1
2021-12-02,1124.5272216796875,1130.5736640269113,1114.9027029403865,1118.571348380323,12720411,1121.8765441894532,1151.5813916015625,1121.5568239686952,1122.328709747945,49.62109743101712,-13.11915610822939,31.878257502395893,0.006424773352704,0.0223977931270119,0.9959485819982936,1.0076502482392888,0.2588720395938091,0
2021-12-03,1090.7396240234375,1131.6154976946157,1087.0030516324528,1131.5702131686844,19222481,1120.1701782226562,1151.6135473632812,1118.621852545337,1121.089922072474,43.60956165478645,-13.906917092681624,32.78784239952211,-0.0300460469118586,0.02334464330627,0.998196946001884,0.9736991339146756,0.5111525091445552,0
2021-12-06,1070.063720703125,1098.32581299639,1067.595355014471,1094.2496072811668,10332254,1117.08466796875,1150.998479003906,1113.9972685603648,1119.0888945677937,40.38527271732854,-16.014985170523232,32.64088636969332,-0.0189558560676881,0.0235978123351031,0.9676835777997898,0.9995133536976796,-0.4624911321280536,1
2021-12-07,1078.7825927734375,1088.8146726752468,1068.8863664494722,1076.2010153934032,11235122,1114.3648986816406,1150.0197216796876,1110.6434899139906,1117.5082552817405,42.321889765330425,-16.788575947604613,31.73284493084198,0.0081479933406054,0.0237062991035173,0.9902094901098236,0.9983236984686112,0.0873834499229306,1
2021-12-08,1095.2008056640625,1101.405743762558,1089.8563933091182,1097.9183562650253,8744178,1112.0187866210938,1149.43455078125,1109.1727580806642,1116.6334533359493,45.88676201737947,-15.893627796520605,31.082152506433296,0.0152192045001537,0.0239258875285157,0.9801783374970324,1.0283660507394885,-0.2217104540564847,1
2021-12-09,1112.5703125,1120.926625884508,1098.326051956675,1102.85522364802,13213547,1109.9025390625,1148.8185864257812,1109.4963346920294,1116.4741144796376,49.44659520885909,-13.62573194426841,30.69955734314845,0.0158596549108687,0.0240820532427011,0.989367167864707,0.9853588279105228,0.5111251166204531,1
2021-12-10,1113.7025146484375,1116.8955527047665,1100.7489847314073,1105.2328712872277,8364414,1107.7375915527343,1148.0114892578124,1109.8969232593065,1116.365424290179,49.67897415753587,-11.603293347964607,29.66005810244922,0.0010176454788672,0.0240767116288033,1.0210525868128786,1.0192115738639391,-0.36698193149803,0
2021-12-13,1091.3736572265625,1120.5642045309762,1088.8146024741634,1120.2924973928066,12901733,1103.583203125,1146.9407885742187,1108.132802684759,1115.3853549935664,45.26030896932176,-11.667749816446303,29.80931124204662,-0.0200492116415159,0.0240743688847242,1.019914642568608,0.9869546503711843,0.5424550960772625,0
2021-12-14,1078.0125732421875,1089.7205393231309,1074.9553887174343,1077.944646457222,12991523,1099.1072326660155,1145.6807739257813,1105.2642094045143,1113.9197557091984,42.80678147881796,-12.651125546159165,28.852808189695303,-0.0122424468429342,0.0241508478944658,0.9992862143527268,0.9895026927879894,0.0069595301654437,0
2021-12-15,1074.86474609375,1089.2674997267345,1069.3843607457345,1079.7561930783932,9366969,1095.8303649902343,1144.317490234375,1102.369022422537,1112.388186704671,42.22600730103957,-13.52851296394465,28.21211753193136,-0.0029200282321106,0.0237093150764356,0.9814316612395276,0.961978054080711,-0.2789937715539586,1
2021-12-16,1088.7694091796875,1094.0232528934675,1072.8040976676457,1089.5846504628314,9761279,1094.4693542480468,1142.9383544921875,1101.0738211613132,1111.4619601350637,45.72867869180812,-12.952549777702188,27.71262022435211,0.0129361979137092,0.0235252956772369,0.9786072816675911,0.9682019147152444,0.0420957942745405,0
2021-12-17,1060.0316162109375,1090.6262198818429,1050.7693748912868,1086.1196915464664,21049821,1091.46083984375,1140.5039184570312,1097.165039737468,1109.445083902745,40.29167133683864,-14.646162677410077,28.580064850509537,-0.0263947468825395,0.0241634858657757,0.9518085864658012,0.9718466193616158,1.156461361262187,0
2021-12-20,1031.45263671875,1049.7957435304404,1017.7517924627566,1049.7957435304404,14325846,1089.5042358398437,1137.944931640625,1090.9067156404471,1106.386556562196,35.740623684147096,-18.085964165989253,29.558619057486062,-0.0269604972673763,0.0228606490194081,0.9450957789653032,0.9639170235964974,-0.3194314573981412,1
2021-12-21,1046.806396484375,1062.5452825090044,1038.1783778851348,1046.851681002988,12836561,1087.814855957031,1135.5793383789062,1086.7066852446308,1104.0500796963993,39.6824075400425,-19.35005612968689,29.66819239554095,0.0148855693601872,0.0230332557550033,0.97105212171695,0.970358998649714,-0.1039579093618624,1
2021-12-22,1071.64892578125,1074.275907104783,1051.675337939918,1052.9887088013688,17658543,1088.1477416992188,1132.8151782226562,1085.272612914785,1102.7794462095308,45.50696640564063,-18.13818788235244,29.511143697317173,0.023731732419965,0.0234678307373923,0.9970081628184504,0.9784953775042814,0.3756443801420022,0
2021-12-23,1071.2640380859375,1077.944583084397,1068.003073398001,1075.2270326442374,9072401,1085.255859375,1130.211806640625,1083.9384629310853,1101.5435478517427,45.43376479019168,-17.012718753926038,28.113312696537083,-0.0003591546504205,0.0188151295633756,0.9839218745988288,0.9628731110744404,-0.4862316217142037,1
2021-12-24,1074.683837890625,1083.3797854346271,1058.718405494376,1073.415631452822,7886494,1084.354559326172,1127.5395971679689,1083.0570700700891,1100.490225892483,46.26091500502357,-15.664259267133502,27.86674607108809,0.0031923033753638,0.0174851040777575,1.0138224383646797,0.9649649019871976,-0.1307158931797657,0
2021-12-27,1073.5286865234375,1077.0388360812635,1063.4966072069749,1069.588333994207,4017223,1082.741033935547,1124.5983471679688,1082.149604970408,1099.432910623109,46.00722152907481,-14.521412664127183,26.843566271316707,-0.0010748755368414,0.0172292500145621,1.040793002321987,0.9836490732711348,-0.4906199129803433,1
2021-12-28,1086.2783203125,1089.1996512774408,1074.7968966086662,1075.9517717574065,6374613,1082.5825073242188,1121.862724609375,1082.5428159553692,1098.9170443364185,49.31129555673744,-12.443469038551484,26.045523305794323,0.0118763792240628,0.0171653476536278,1.0377069952578517,1.0076675794656575,0.5868207963560899,1
2021-12-29,1088.1353759765625,1095.6085205634522,1078.8957755234703,1082.926817028114,15425312,1081.1218505859374,1119.0990209960937,1083.0754407192924,1098.4942338125022,49.793230333200775,-10.52550342094105,25.37889628680772,0.0017095578815642,0.0160863354708935,1.015384189540706,1.0123463253688805,1.4198036806312793,0
2021-12-30,1068.4786376953125,1089.2449463146104,1062.3642685656102,1087.0030029803645,29333171,1078.319421386719,1115.72251953125,1081.6852690027229,1097.3171516118282,44.92433995097895,-10.470933943301134,25.48616639125004,-0.0180646073229709,0.0164043004243545,0.9973998936848456,0.981363573119066,0.901625782350464,1
2021-12-31,1072.57763671875,1079.7110276415224,1068.8863489128844,1074.7742955921874,9477290,1077.4113220214845,1112.7128833007812,1080.8178754518683,1096.3469745571977,46.10775480166373,-9.981867519425125,24.4680395023186,0.0038362947829064,0.015099270803127,0.9980401667005536,1.0118355153902463,-0.6769087801656357,1
2022-01-03,1088.7467041015625,1090.603728995159,1070.4941656370395,1071.1509110384136,5421611,1078.3454711914062,1110.732275390625,1081.5730019899345,1096.048924735408,50.615504236123165,-8.195102210700497,24.156719777732945,0.015074962249145,0.0148528076862689,1.0141756971836566,1.0555469687537724,-0.4279365725856231,1
2022-01-04,1113.3175048828125,1114.6309956772857,1088.81462402871,1094.2044407783767,10847728,1080.072216796875,1109.1986938476562,1084.5962879797323,1096.726123956875,56.56153297498415,-4.741759502389868,24.280117763303675,0.0225679680027375,0.0155530201134889,1.024891580789842,1.063537162766497,1.0008311182783125,1
2022-01-05,1118.5260009765625,1121.8776545605729,1101.9265882823174,1115.0838981501056,11643813,1081.2384765625,1108.0011791992188,1087.8276892175256,1097.581021094902,57.7235503034206,-1.5666194071761763,23.97089980008594,0.0046783564175596,0.015246072578117,1.027929084625822,1.0437429404981098,0.0733872567601252,0
2022-01-06,1094.47607421875,1111.4605249543165,1091.0791361515087,1110.1923187691705,14447422,1080.3337646484374,1105.7859545898436,1088.4608687414518,1097.459258472308,50.94652951254488,-0.9796334966526956,24.219183016155075,-0.0215014463113195,0.0156347421836092,1.0243312646657246,1.0216678944756572,0.2407810053287526,1
2022-01-07,1103.3079833984375,1113.294777565113,1092.2341211399646,1101.0207557139988,13112115,1079.8140380859377,1104.0521826171876,1089.8748796611646,1097.688620234117,53.12308779038237,0.1959594275974723,23.99357397394031,0.0080695315208163,0.0157546457090686,1.0286509298979032,1.0266349455519823,-0.0924252783645414,1
2022-01-10,1104.2138671875,1112.8193642531028,1094.2723568788356,1110.5547786779955,9246731,1080.4560485839845,1102.597412109375,1091.2404975208158,1097.944512271505,53.35172071232378,1.187039092988016,23.604533502535087,0.0008210615736434,0.0150569435477675,1.0142063925683256,1.0285834752711032,-0.2947948519365487,1
2022-01-11,1112.1627197265625,1120.9492358826358,1102.8551919025351,1103.3081569787676,16205164,1082.163555908203,1101.8664013671876,1093.2330901118391,1098.502089034448,55.406964942015726,2.584094998128421,23.210927108075484,0.0071986530646537,0.0148032984307626,0.9989627530770104,1.02382851515127,0.7525289748344577,1
2022-01-12,1141.851318359375,1143.595131948247,1116.4426269818646,1119.2960312179016,14800442,1085.5128845214845,1101.7151245117188,1097.8633975639857,1100.2020588118962,62.11985301310983,6.017527350378714,23.79817604476184,0.0266944738447192,0.0157700697085251,1.0208536210713453,1.0493651282448238,-0.0866836028317886,1
2022-01-13,1148.2828369140625,1150.8645340891296,1136.0993826537383,1141.9194026287705,11856712,1088.4885559082031,1102.0276391601562,1102.6652489306596,1102.0875795217853,63.40505670471033,9.15201825350846,23.15296000123537,0.0056325359101292,0.0156152302769931,1.0491621187185114,1.0746895599063038,-0.1988947357112713,1
2022-01-14,1149.95849609375,1162.776052313962,1144.0026230998735,1148.146875628832,19930176,1092.9848999023438,1102.5294702148435,1107.1693677080968,1103.9648703677449,63.750139647685685,11.637190283075142,22.84013637358203,0.001459273905191,0.0140387057320865,1.0422824029167437,1.072144762976529,0.6809192970192748,1
2022-01-17,1155.959716796875,1161.7344520199854,1149.0527486713804,1149.5057137125311,8036453,1099.21025390625,1103.0131860351562,1111.8160676213138,1106.003883953201,65.02227286328697,13.930374689588009,22.1145340146551,0.005218641127928,0.0119750130281423,1.046862162437042,1.0617342972815489,-0.596769591999589,0
2022-01-18,1142.16845703125,1160.5342073047743,1139.4282640408564,1157.0921041700744,6215029,1103.9783569335937,1103.1929956054687,1114.706771374641,1107.4221025052814,59.8262939692793,14.46812095624091,22.04249181817387,-0.0119305712519465,0.0123959714923411,1.026979628765173,1.0259143973052631,-0.2266452625306214,0
2022-01-19,1142.077880859375,1151.3173615953267,1136.3710722869748,1145.882379974198,9755485,1107.4998046875,1103.192092285156,1117.3135437065205,1108.7811526368146,59.792499420952616,14.71732781291348,21.53562021032944,-7.930193774607908e-05,0.011561098425654,1.0001984168134304,1.021056175593817,0.5696604151002354,0
2022-01-20,1122.0814208984375,1136.801286170844,1111.9133687702083,1132.3173998078944,16494486,1110.040673828125,1102.5358154296875,1117.7676272486078,1109.3027317843291,52.71309243106686,13.149697315554704,22.151969630246384,-0.0175088409433959,0.0124451495376138,0.9771820886167388,1.0252224304669175,0.6907909755383765,1
2022-01-21,1122.2626953125,1133.3139167394952,1110.5548482538704,1110.5548482538704,13338594,1112.4196166992188,1101.8410400390626,1118.1957289689783,1109.810965648179,52.76768800707724,11.786103319993115,22.195333834201985,0.000161551925454,0.0124533604255048,0.97591582576647,1.0171798919243544,-0.1913301208658456,0
2022-01-24,1076.9935302734375,1134.4461715764585,1066.666981959244,1120.9717499530957,21868937,1112.592858886719,1099.8916821289065,1114.2717100455936,1108.524007398189,40.265186585066495,6.97223043351687,25.4513235329886,-0.0403374051620392,0.0156802972632317,0.9316877695857344,0.9753486731846664,0.6395234010421189,0
2022-01-25,1074.8875732421875,1081.8624687571998,1043.9758512681217,1064.1533431011624,24510205,1112.0233215332032,1098.0387939453126,1110.5208398738407,1107.2049315489342,39.79283494041407,2.9532254124628707,26.339558815566424,-0.0019554036046208,0.0154451254650779,0.9410937297603712,0.966484089222538,0.1207771552865144,0
2022-01-27,1058.96728515625,1067.1198169153088,1046.7159051568356,1058.016190394451,20020431,1110.5649169921876,1096.41009765625,1105.6109775197845,1105.313259141378,36.32376779106513,-1.4992171768419666,26.470423763408245,-0.0148111193042422,0.0157641311595617,0.9272286092778654,0.9274125870238398,-0.1831797816460532,0
2022-01-28,1057.9482421875,1076.087568078922,1054.5740661673967,1071.1508364816766,14667727,1110.038397216797,1095.2492700195312,1101.0716693929005,1103.455807496128,36.10678618572658,-5.051804203840447,26.11635791684517,-0.0009622988198352,0.0152591507756303,0.942844451822768,0.9213307106728764,-0.2673620762709854,1
2022-01-31,1080.933837890625,1089.9016105598887,1067.1650674426833,1068.9768076649402,12143683,1110.4562072753906,1094.4639086914062,1099.153780678398,1102.5725930017943,44.2031442033569,-5.943990915868199,26.53328723509828,0.021726578660973,0.0160247231334823,0.9631736334153326,0.9399763918110156,-0.1720814683829334,0
2022-02-01,1077.3558349609375,1096.333045361315,1063.0436492942567,1090.6263567842825,13200509,1109.8866638183597,1094.5993310546876,1097.0777858481636,1101.583700529604,43.283692575446885,-6.8606845459976284,27.01586643738114,-0.0033101035459022,0.0156686570076884,1.0003364037733895,0.9320011928670436,0.0870268105648015,1
2022-02-02,1079.552490234375,1090.1733881906252,1075.725349000261,1090.1733881906252,10017691,1108.1984130859375,1094.5785009765625,1095.4087100754218,1100.7197314984187,44.05310223241597,-7.325475607095541,26.11816449116564,0.0020389319871434,0.0147284786698388,1.004339911548253,0.9451779933061468,-0.2411132782834358,0
2022-02-03,1065.6025390625,1087.6596951339798,1063.0888887078768,1083.3795890325775,9572839,1105.5522399902345,1094.5907275390623,1092.5700271218102,1099.34258669701,40.31294646080155,-8.718963562041381,26.007638915089736,-0.0129219758168928,0.0148691272370945,1.0062657779888553,0.9330384178885156,-0.0444066402127995,0
2022-02-04,1055.8875732421875,1063.655187408846,1051.2678326966015,1060.2808911532843,11061241,1103.6228149414062,1093.1264453125,1089.0764600856558,1097.638468522311,37.89969707194773,-10.486349249593331,25.17385801871893,-0.0091168756306263,0.0142740128886548,0.9980522024961715,0.9410079817530091,0.1554817750512673,0
2022-02-07,1049.4561767578125,1067.4370085401165,1043.9757907846413,1060.7338205814565,10714467,1100.930224609375,1092.2613720703123,1085.3030997687183,1095.7489668844878,36.34841137599354,-12.26459645369846,25.05152657134438,-0.0060909860551032,0.0141144496861016,0.970879197200229,0.935125243974706,-0.0313503701799825,1
2022-02-08,1067.0972900390625,1068.8863882514995,1046.2404110052712,1055.5932232086295,12060849,1099.074395751953,1091.487333984375,1083.5692131277988,1094.6253717140792,43.21435172018524,-12.110774298254228,24.87970161955037,0.0168097664980642,0.0147454026222232,0.9904780346576516,0.9908112352059696,0.1256601938295203,1
2022-02-09,1079.52978515625,1081.2055520274612,1067.9804353407576,1073.936188431649,11486225,1097.4427490234375,1091.2889526367187,1083.184505701937,1094.033387927498,47.51142310432907,-10.860477850329971,24.110313074468102,0.0116507606506359,0.0149178874960532,0.9999789680647024,1.0043187883362166,-0.0476437438193613,0
2022-02-10,1078.4202880859375,1085.0554293647551,1071.196208384683,1085.0554293647551,12464491,1094.2711975097657,1090.5103881835937,1082.7307706908896,1093.4211095023388,47.16838878832702,-9.845641620666813,23.37809221058269,-0.0010277595723325,0.013380575335403,1.012028639716563,1.0183697864913903,0.0851686258975426,0
2022-02-11,1076.314208984375,1079.982854527415,1061.6849113374171,1074.887506839841,15943370,1090.672766113281,1089.5461279296876,1082.1196695759834,1092.7502506584972,46.48233110758908,-9.106347276517909,23.015224423398053,-0.0019529297851957,0.0132366687584889,1.019345464668616,1.0173599861169955,0.2791031739683554,0
2022-02-14,1059.1712646484375,1066.599124811997,1047.5991516117767,1059.9412213800138,10719633,1086.1334045410156,1088.9147607421876,1079.9341072019315,1091.4334276777106,41.22606984585912,-9.790880346772155,23.422355348340925,-0.0159274533336448,0.0134868079689045,1.0092572592412947,0.9798668776206916,-0.3276432147030396,1
2022-02-15,1095.1329345703125,1097.8278430466569,1057.880422222606,1064.9006018983252,11212671,1083.0920654296874,1089.4161450195313,1081.3816145703488,1091.5785063793812,53.1854575590841,-7.346881244551014,24.60271716803449,0.0339526487567725,0.0158464056163179,1.0262728101673126,1.016500676037105,0.0459939253517354,0
2022-02-16,1092.8682861328125,1101.9492706042658,1085.16871921443,1100.59049531271,10392840,1080.6270568847656,1089.697858886719,1082.4755832905837,1091.629085977555,52.46150421792526,-5.528997706547898,24.043991041020305,-0.0020679210404612,0.0156928095874455,1.0123558434051283,1.0123345516025315,-0.0731164768858374,1
2022-02-17,1106.7047119140625,1111.867985430717,1091.5320027819646,1096.106457779991,12853252,1078.8583984375,1089.9279370117188,1084.7831193499624,1092.220286994673,56.36918279159705,-2.9379609952886767,23.77913329871545,0.0126606526667647,0.0160334448167023,1.0262276443985734,1.0385717670002208,0.2367410640402432,0
2022-02-18,1098.0543212890625,1112.5476464311962,1096.129369451274,1107.1126644779383,6775458,1077.6570434570312,1089.6376171875,1086.0470433441624,1092.4490726532763,53.41309307372028,-1.5645250919340017,23.25335784737308,-0.0078163493223399,0.015664732423452,1.0201986670093317,1.0399348842769298,-0.4728604091789378,0
2022-02-21,1086.9576416015625,1103.987376793005,1080.028031731223,1092.4379072087868,11107193,1075.8917907714845,1089.1027197265626,1086.1337669877244,1092.2337224159544,49.80489852677394,-1.3558471929588904,23.303785505545143,-0.0101057656915124,0.0157935845663085,1.0262340736390236,1.03573418850095,0.6393272602383484,0
2022-02-22,1082.0208740234375,1085.146105195485,1063.066305633856,1065.6705251768456,13494914,1076.1431579589844,1088.9156640625,1085.7420628958876,1091.8332185574243,48.24349451563721,-1.5707180795616296,23.345753395699525,-0.0045418214925569,0.0129260942165339,0.9880269690254364,1.013985214022827,0.2149706951162189,0
2022-02-23,1075.249755859375,1089.9696221846225,1072.5096827529123,1087.5012562225045,7310110,1076.1612670898437,1088.860407714844,1084.7427955590767,1091.1828866869123,46.10835971712648,-2.2613104729839506,22.925338112557423,-0.0062578443046893,0.0130013895066124,0.9838786334117336,0.9960352837358206,-0.4583062922816699,0
2022-02-24,1021.6694946289062,1059.7826496121124,1016.0760175444686,1043.9757157841186,24846650,1074.2963775634769,1087.7965026855468,1078.735814518108,1088.4568713120889,33.48096778064992,-7.050811842648727,25.51450955558235,-0.0498305262926059,0.0168910328458795,0.9231635897365192,0.947375996089839,2.398943381152951,1
2022-02-25,1034.44189453125,1045.3118571320392,1030.9543872983322,1032.698081014629,14570089,1073.121060180664,1086.709952392578,1074.517345947931,1086.3386369285265,37.85039702434621,-9.704038144704327,25.38078476612168,0.01250149874249,0.0171858019719983,0.9420680511660527,0.961096570031686,-0.413599459082009,1
2022-02-28,1068.682373046875,1072.2151647642706,1015.8948766365417,1015.8948766365417,21297446,1072.5084869384766,1086.8829675292968,1073.9616342430686,1085.6462344233637,47.75765463538006,-8.940755187579043,27.59074929195077,0.0331004367636722,0.0181385522409426,0.9831867702519116,1.008979764383614,0.4617238096486575,1
2022-03-02,1086.34619140625,1087.4559017749605,1054.9363443782538,1057.314141139364,21471786,1072.958004760742,1087.9808386230468,1075.1411158776573,1085.6736837168105,52.00790266792362,-6.831772999481473,27.94280701371905,0.0165285952167568,0.0185104061007343,1.0039974435675432,0.9919765510773264,0.0081859580721557,0
2022-03-03,1077.1746826171875,1093.7288113845136,1073.4381104672327,1087.002981514595,10186748,1072.8391143798829,1088.5882043457032,1075.3347889004697,1085.340389556041,49.74492001015185,-5.833211895119575,27.39622800683061,-0.0084425285987242,0.0186149860398125,1.0017902136199734,0.985639986341668,-0.5255751896931163,0
2022-03-04,1053.2830810546875,1070.8335860948832,1050.9279268642877,1065.7155972771368,10805667,1072.223141479492,1088.2208874511718,1073.2346262484905,1084.083240203047,44.33325767249772,-6.890270848025693,27.31412284583556,-0.0221798766235863,0.0190643538329301,1.0309430658270402,0.9517291014628632,0.0607572701317438,0
2022-03-07,1014.3323974609376,1047.1915918601796,1006.3836454479082,1032.0640445664155,17983310,1070.1453826904296,1087.082254638672,1067.6248901734857,1081.3479130366895,37.22351559668323,-10.74710637304588,28.71307375733154,-0.0369802613317848,0.0206836134829005,0.9805600515827668,0.9237542968458616,0.6642480283725196,0
2022-03-08,1012.4979858398438,1017.253699474235,987.3610616449254,1001.627962947442,21289374,1068.2974731445313,1085.8385375976563,1062.374708808377,1078.6479158917152,36.92319174255082,-13.79270429121948,28.7973283339014,-0.0018084916006683,0.0206590155609414,0.9474264864621595,0.9314971872758472,0.1838406833892092,1
2022-03-09,1066.214111328125,1072.0567736389658,1011.8865764630572,1012.724579802494,20414228,1068.2533142089844,1085.69224609375,1062.74036619121,1078.1603157127508,49.71667954610131,-11.736627643530028,31.03824753690191,0.0530530689833668,0.0237204146148941,0.981468080582982,0.9853914438484574,-0.041107173935692,1
2022-03-10,1083.492919921875,1089.2676554769666,1068.8863838594104,1087.0030697416826,17980493,1068.4514709472655,1085.6365380859374,1064.7167998798443,1078.369437446442,53.01769364850543,-8.613624141211858,30.46791158061189,0.0162057586840853,0.023857359956054,1.0058655642456582,1.007666278478633,-0.1192175868712742,1
2022-03-11,1086.617919921875,1091.9850941858494,1076.1555181267945,1076.1555181267945,12257423,1068.8613525390624,1085.6061889648438,1066.8026208362282,1078.6929073474394,53.61083863477287,-5.819377817273562,29.422316186214967,0.0028841905125003,0.0238606155381657,1.031648508807156,1.0635708765255436,-0.3182932748284488,1
2022-03-14,1095.54052734375,1098.054297791096,1075.2271823953638,1081.069844775246,8340678,1069.822668457031,1086.1474267578126,1069.539564313135,1079.3535983276868,55.34436037549042,-2.852060842445553,28.951230415466192,0.0082113567780259,0.0239104789498492,1.0800606685600218,1.0590643448757326,-0.3195406571185476,0
2022-03-15,1070.4488525390625,1099.6620420875429,1060.2128731362302,1099.6620420875429,15925769,1070.3865478515625,1086.1048510742187,1069.6261631917948,1079.004392610486,49.71775065989873,-2.496352817043089,29.701083168026656,-0.0229034656212352,0.0242216767316835,1.0572355377587737,1.001652950901727,0.9094094029286348,1
2022-03-16,1088.520263671875,1090.5810688907009,1076.6311594559988,1078.8504605069668,11149828,1070.0559143066407,1086.100322265625,1071.425601332755,1079.377564024658,53.39288123950872,-0.747621677520101,29.01759268114178,0.0168820874439239,0.0232745025617549,1.0209208939431167,1.0020012702054129,-0.2998876223810605,1
2022-03-17,1124.0064697265625,1131.1172183134404,1093.8420644373464,1101.8361008572806,21422098,1071.612823486328,1086.3141015625,1076.4333030845462,1081.1277171894387,59.63230168399686,3.461795187466123,29.987547106886325,0.0326004092335248,0.0243806521448757,1.0373916147118052,1.0434765018758043,0.921294032517811,0
2022-03-21,1117.5296630859375,1125.0480919172617,1104.6668219311773,1106.9314074851866,11999466,1072.154071044922,1086.2941748046876,1080.3472421322977,1082.5552444794976,58.103399902461554,6.203652370326154,29.30138445540047,-0.0057622503206771,0.0242921330212851,1.0284476655476886,1.0609965005484734,-0.4398557041425167,1
2022-03-22,1146.403076171875,1148.1241274347842,1111.2793022913736,1114.2231553251663,22557065,1074.5715087890626,1087.33271484375,1086.6382739455908,1085.0590810164535,62.695215374165535,10.584426393720603,29.840201647401194,0.0258368203007754,0.0248259711286805,1.0464268984657703,1.13020453555613,0.8798390695052596,1
2022-03-23,1150.049072265625,1161.6664689349448,1142.7119015169374,1142.7119015169374,15462187,1077.7260803222655,1088.2675366210938,1092.6773975951178,1087.6077081242645,63.24304800253208,14.186885201366067,29.06265634530164,0.0031803788471371,0.0246494577337784,1.07436153491851,1.1358531951169126,-0.31453019264696,1
2022-03-24,1167.916748046875,1170.4078760728964,1136.824010448648,1136.824010448648,13168266,1082.0208740234375,1089.5415942382813,1099.8430500190946,1090.7570822388764,65.88692233477101,18.2729921904604,29.3855998652264,0.0155364464109781,0.0247299873831833,1.072939831278082,1.0953866916955963,-0.148356826883545,1
2022-03-25,1175.70703125,1184.833300668766,1167.169460657995,1169.660588741769,14222488,1087.0437377929688,1090.81248046875,1107.068191088705,1094.0884527883322,67.00138840490689,21.88756593099197,28.54833130419388,0.0066702384533425,0.0246131946631552,1.045996676100997,1.085108180803594,0.0800577691854038,1
2022-03-28,1187.5281982421875,1191.0608703717303,1171.472198621402,1182.115739135411,9891424,1095.3366729736329,1091.726018066406,1114.7310489128458,1097.752756531621,68.67380835012992,25.41306504980525,27.90835562177491,0.0100545175609092,0.0209993367800865,1.0626368475651524,1.092866385203336,-0.3045222467405141,1
2022-03-29,1187.7998046875,1194.7973413665754,1180.9381215710694,1194.7973413665754,8684065,1103.0045684814454,1092.516357421875,1121.6899780342414,1101.2840133220473,68.71304368730782,27.90726726616731,26.90484591989857,0.0002287157860458,0.0210327313823485,1.0361100989486691,1.0842134773119183,-0.1220611915938494,1
2022-03-30,1210.6270751953125,1217.4434746814534,1185.331593767139,1195.6581430818142,15811550,1110.1018035888671,1093.7297290039062,1130.1601777638673,1105.5719765327635,71.89867283774784,31.364361609910247,27.27677699092826,0.0192181126968766,0.0203490256538165,1.0526742765944304,1.1309527515712243,0.820754450824585,0
2022-03-31,1193.325439453125,1209.1550162306944,1190.5400818204482,1207.0036419353132,13223718,1115.450765991211,1094.4770434570312,1136.175916972368,1109.0132888041503,66.38173180809343,32.335295220475246,26.763221018352255,-0.0142914660482016,0.0207094603116427,1.0217555672942795,1.096282245980165,-0.1636671926534716,1
2022-04-01,1202.882080078125,1207.094259791017,1187.55087204633,1193.8916640782966,7922880,1121.736135864258,1095.6913159179687,1142.528884887202,1112.6944178737178,67.84921075767582,33.4898578971804,26.24751864166189,0.0080084110411486,0.0204766129814903,1.023113792897226,1.070173626643582,-0.4008583667619046,1
2022-04-04,1206.4375,1211.555489970758,1196.45070474843,1202.7009276541294,7929162,1129.3938568115234,1096.9785083007812,1148.6154196598495,1116.370617172788,68.40183350295362,34.296402234268044,25.451609111709452,0.0029557510089801,0.0194172668694907,1.0159232444213135,1.0795574738200264,0.0007928934932752,0
2022-04-05,1189.385009765625,1209.245506901818,1186.9619284827404,1200.7305793203725,13149870,1138.146487426758,1098.324580078125,1152.498237765161,1119.2339266862325,62.82425070137632,33.17715538868265,25.2253212050929,-0.0141345823835673,0.0172449650745892,1.0013345726037917,1.037492863101238,0.658418632385112,0
2022-04-06,1186.214599609375,1193.212136245702,1171.7439190700502,1171.7439190700502,12257215,1146.8323181152343,1099.6036181640625,1155.7093198455627,1121.860619742042,61.815033334348094,31.66925513664341,24.956956631561383,-0.0026655877871495,0.017272009889517,0.979834850809033,1.0314469427574104,-0.0678831805941807,0
2022-04-07,1165.2899169921875,1180.3041331292436,1162.640293061963,1175.3672812713685,15496499,1151.7861083984376,1101.3695458984375,1156.6217576690508,1123.563729438126,55.48035271573858,28.457743161889766,24.858195911265007,-0.0176398795159645,0.0146150227195615,0.976506390013955,0.9977508404951976,0.2642756939484214,1
2022-04-08,1184.6746826171875,1188.909504082465,1159.4697737682463,1159.4697737682463,15152495,1156.845196533203,1103.5652880859377,1159.2934648069686,1125.9602374059325,59.60980907083645,27.16365960575058,25.18544836861884,0.0166351440464149,0.0146333440588711,0.98486352256594,1.007627454058562,-0.0221988205206866,0
2022-04-11,1182.2061767578125,1195.046373393136,1169.8867520461104,1177.5863176157338,9254209,1161.624609375,1106.0300659179688,1161.475627849906,1128.165960517771,58.86107491433705,25.643301256964836,25.183603581362185,-0.0020836993442973,0.0147055458735846,0.979914978403616,0.995518404116843,-0.3892617024457028,0
2022-04-12,1159.9454345703125,1178.7641486995603,1157.3863798447203,1171.698565177911,13217742,1164.8448547363282,1108.070009765625,1161.3298951566114,1129.4122144021844,52.46163589964444,22.3841202535632,25.15761739077147,-0.0188298307225477,0.0155485503259629,0.9752480694194106,0.9765496087747584,0.4282951681769884,0
2022-04-13,1155.68798828125,1174.2349955581562,1152.9025109003892,1166.0371790472568,10354235,1169.1068115234375,1109.5650927734375,1160.7925706922913,1130.442636907246,51.312604243599246,19.235915828938005,24.8843936241283,-0.0036703849699961,0.0144174030224326,0.9742655238451984,0.9546193142052444,-0.2166411630670351,0
2022-04-18,1152.1552734375,1159.3793533809223,1142.1684779905993,1147.2411835351893,9974224,1172.2885620117188,1111.0610815429689,1159.9699709537397,1131.2941128496088,50.32759472230445,16.268349174486048,24.336285178856496,-0.0030568067502405,0.0141622320677971,0.988728432844772,0.9654996326614034,-0.0367010213695169,1
2022-04-19,1196.065673828125,1208.385101413979,1155.4163428280708,1158.564096562945,26141820,1175.8915222167968,1113.3913452148438,1163.4076569417762,1133.8341740644528,60.4820061992578,17.26076223507107,26.61439537868668,0.0381115301061953,0.0148085871533892,1.0096152904912026,0.9943332714296008,1.6209377290905036,1
2022-04-20,1231.234619140625,1238.2775602010167,1199.824772027751,1203.4481327307994,25072240,1181.5767700195313,1116.7039868164063,1169.8673676273809,1137.6537993615575,66.40557469048498,20.647089903078268,27.72850187827276,0.0294038580673738,0.015744702985667,1.0414719896974929,1.0205540022923898,-0.0409145193410405,1
2022-04-21,1260.0628662109375,1263.1879773228495,1237.371607658606,1245.9318196263494,21708633,1187.2597595214845,1120.787492675781,1178.457415111529,1142.4541549242783,70.33138549336049,25.36459037902796,28.030277328555027,0.0234140972176644,0.0155842383634737,1.0863121907779327,1.0594238668429494,-0.1341566210278778,0
2022-04-22,1249.510009765625,1269.0760391912015,1242.8973909745034,1249.5552942902011,15054154,1192.2328063964844,1124.7885693359376,1185.2243288881095,1146.652423741586,67.23405237730557,27.929759293276675,27.89801810627953,-0.0083748650391114,0.0158612178734355,1.081182829998872,1.053359156241285,-0.3065360679320527,0
2022-04-25,1220.6138916015625,1249.3288344946673,1206.41491600151,1242.0822318802027,17063215,1194.8676635742188,1127.8589013671874,1188.594763432248,1149.552873461585,59.50625825455526,27.316115719634357,28.98352351041064,-0.0231259597267913,0.0167476628484395,1.0594178751270336,1.0474765754020905,0.133455589732907,1
2022-04-26,1257.1416015625,1265.9055943331985,1226.3658564890222,1227.4075203143414,12227666,1198.9393920898438,1131.4111376953124,1195.1230337303673,1153.772039269464,64.985078336318,29.43793746685969,30.148393454783875,0.0299256875677611,0.0178359702869073,1.051064025221036,1.0611703111483892,-0.2833902637926088,1
2022-04-27,1258.3646240234375,1280.851985416539,1247.811532355269,1248.173928367214,19338945,1202.4812133789062,1135.0100244140624,1201.1460423297074,1157.8737092598162,65.15507302771843,30.862421397132493,30.35496914096145,0.0009728597473963,0.0177759313321112,1.0220347969924275,1.0644206135637768,0.5815728856185636,1
2022-04-28,1277.1605224609375,1291.2689267231667,1261.874481071713,1272.676636154816,25614076,1206.949249267578,1139.0269506835937,1208.3855166279195,1162.5516235029977,67.74668456354098,33.12614946404551,30.537064395159152,0.0149367664019375,0.0179563924517594,1.013568891448578,1.1010522429738654,0.3244815578099012,0
2022-04-29,1263.75439453125,1293.6016912062305,1257.8890896131295,1293.6016912062305,18214862,1209.605615234375,1143.11861328125,1213.6587430949037,1166.5203596217527,64.08555220698383,33.45278490140663,30.906745623583568,-0.0104968229865541,0.0178412242968054,1.0113999765142312,1.093508288868449,-0.288872961882365,0
2022-05-02,1259.3155517578125,1270.6611211332292,1249.1701419744186,1250.9592399328203,9467006,1212.9051208496094,1146.402265625,1218.007010586609,1170.1593867643433,62.87397967122396,32.973371818820624,30.23419087609979,-0.0035124251932543,0.0174726565163686,1.0317067177610684,1.093008538684717,-0.4802592520327631,0
2022-05-04,1220.002197265625,1263.6408994515516,1212.1441352320296,1261.3763141052334,19247660,1213.7611267089844,1148.9449438476563,1218.1970283655633,1172.1140067840015,53.26858014273629,29.08589030666212,31.752946114915662,-0.0312180330317624,0.0189969212826744,0.970457262530558,1.020012716660356,1.033130643415669,0
2022-05-05,1196.11083984375,1236.4658174286478,1192.079918457506,1233.5218443509425,17210669,1213.2447937011718,1150.73306640625,1216.0935818396763,1173.0550590608543,48.42669259512233,23.80281627565728,32.65529989036039,-0.0195830445842002,0.0195282320103107,0.950528024237808,0.9714727162875012,-0.1058305788859529,0
2022-05-06,1186.9393310546875,1204.3087009820067,1174.6651887519583,1183.112189870724,19649948,1213.122509765625,1152.5107666015624,1213.31698652682,1173.5995403155143,46.67284248838497,18.66076821376896,32.440172200338104,-0.0076677749950503,0.0193388491662708,0.9293579860796164,0.9419683437095996,0.141730632318825,0
2022-05-09,1140.583251953125,1176.2732081933118,1135.4652620079833,1166.2410086662385,18083752,1210.8409423828125,1153.5832788085938,1206.3899641864682,1172.3047839091462,38.98719816770701,10.72151891257772,33.79973626079283,-0.0390551377721821,0.0212295548082305,0.9025355376716128,0.912824421604328,-0.0797048419670117,0
2022-05-10,1120.8133544921875,1144.3424996019623,1113.2722828322585,1130.0303130323607,19511677,1208.6171142578123,1154.3591284179688,1198.239810882251,1170.285512167305,36.24589385066743,2.8020409570676748,33.6047705828579,-0.0173331472534632,0.0212175756800662,0.8900178775110836,0.9182374231556328,0.0789617663414097,0
2022-05-11,1109.331787109375,1125.4783543216397,1096.9444341111473,1119.9073998813726,16643899,1204.8499694824218,1155.0407690429688,1189.772380046739,1167.8951700081702,34.71908408317758,-4.350518838694143,33.2425669848318,-0.0102439601890848,0.0208409870116614,0.9092867124302776,0.8824238938004976,-0.1469775253044625,0
2022-05-12,1086.7313232421875,1102.787203178042,1073.4155164726255,1099.458311385817,20490321,1200.0762268066403,1156.3420056152345,1179.9589460653533,1164.712274056563,31.872986830484123,-11.707683672770829,33.43354581711163,-0.0203730426999466,0.0211935023039669,0.908554029477861,0.8636060665528903,0.2311010178564529,1
2022-05-13,1099.0506591796875,1122.3306194635952,1093.955311378371,1098.7789520224087,19308778,1197.0314880371093,1157.6341809082032,1172.2533949333852,1162.137308767274,35.00082276230576,-16.3556842096084,33.58824227456135,0.0113361377131802,0.0211550986965391,0.9259535263719804,0.8605423044723828,-0.0576634694985989,1
2022-05-16,1099.322509765625,1123.689419002713,1094.544153545097,1102.60611718799,13437911,1194.2132141113282,1158.246983642578,1165.3075963459794,1159.673983316229,35.0716640662329,-19.789204421533213,33.270886787636684,0.0002473503688542,0.0211616384659708,0.9638248745833804,0.8698862014033859,-0.3040517116101288,1
2022-05-17,1145.497314453125,1150.366239393939,1101.496331090796,1102.9003909379085,16551828,1193.8803161621097,1159.4300061035156,1163.4209028323742,1159.118035517676,45.86418383378759,-18.570306157553887,34.54037556197078,0.0420029648054276,0.0233596144459939,1.0220232564699598,0.9096189694903596,0.2317262705490459,1
2022-05-18,1149.6641845703125,1163.9990123371506,1136.0313867118257,1150.2530031709175,17276788,1191.5602416992188,1160.879796142578,1162.1107391883684,1158.747296264838,46.72478781013644,-17.07130156921835,34.07089342363893,0.0036376079320419,0.0216027520014753,1.0363573801180197,0.9423459950703694,0.0437993918254828,0
2022-05-19,1123.1683349609375,1137.9561265637965,1116.918112875952,1125.0480019185666,14699118,1186.1569274902345,1162.277501220703,1158.401938785756,1157.3520428803715,42.13765234958481,-17.815952056378592,33.976263300119044,-0.0230465991417118,0.0207893800273708,1.0335289974066844,0.9390169351760568,-0.1491984505453213,1
2022-05-20,1188.6602783203125,1197.6959774442455,1133.2005197063886,1137.95611299257,21793091,1182.5867980957032,1165.7640588378906,1161.283685408095,1158.5798168191927,54.125917275225234,-12.971908357464372,36.87279038463255,0.058309997994782,0.0243961354440662,1.0815336566992353,1.00144990331064,0.482612154008152,0
2022-05-23,1180.7117919921875,1201.84037705705,1174.4161648907582,1191.8534622113486,15252755,1179.146887207031,1169.1283349609375,1163.1339812732465,1159.447737414212,52.69885572780456,-9.662956695231514,36.19789194046536,-0.0066869285304602,0.024378139664457,1.0740358552686369,1.0351824735023478,-0.3001105258542719,1
2022-05-24,1184.7652587890625,1194.7973375363194,1176.5448004718992,1180.7569797022973,13527818,1177.3544555664062,1171.4993579101565,1165.1941029414195,1160.4405813896965,53.37399368387825,-6.637000557888314,34.916080877890714,0.0034330704786438,0.0239172561728937,1.0342802587491744,1.057058478149424,-0.1130901925586558,0
2022-05-25,1183.021728515625,1203.2671466893,1178.266014579306,1193.4388469280666,12714544,1173.6484619140624,1173.4899340820311,1166.8919720437248,1161.3261165711056,53.02342252000477,-4.329686904484561,34.20787025161237,-0.0014716250839592,0.0227681011510894,1.0290150327313017,1.0664273234234696,-0.0601186384973541,0
2022-05-26,1171.7440185546875,1193.3934954511844,1154.0348942869591,1188.637781781663,17882023,1169.317431640625,1175.1924560546877,1167.3540717114356,1161.7346617469325,50.70356609231914,-3.3722677495052267,34.57577960251329,-0.009532969419833,0.0227978758118309,1.043248800809043,1.078227887145896,0.4064226762674303,0
2022-05-27,1166.3089599609375,1179.9191164627784,1150.4568600156867,1174.4388502012214,16521973,1163.774853515625,1176.607824707031,1167.2545372590073,1161.914045990619,49.57779890738132,-3.0172885529459563,34.210527948554606,-0.004638435108424,0.0223895538201067,0.9811962099120872,1.0611967248456504,-0.076056830930147,1
2022-05-30,1206.935546875,1211.1023215122134,1174.959525909724,1184.3801432114667,13853398,1160.9339111328125,1179.33755859375,1171.033681031959,1163.6795950449082,57.223332773715526,0.5360814381062937,34.966444634463265,0.0348334689252693,0.023967467453681,1.022210123639543,1.0978903244074554,-0.1615167268461218,0
2022-05-31,1192.3743896484375,1213.2765527152142,1184.697464521731,1196.3373846577454,70620653,1157.5868530273438,1181.4146411132813,1173.0661294716238,1164.8048811077915,54.059398440119786,2.1523777897964465,34.51020488867897,-0.0120645690354089,0.0240714074863701,1.006422479729995,1.0409229027461249,4.097713427420478,1
2022-06-01,1192.7593994140625,1202.587698682473,1184.9238588339676,1193.121675611818,9776989,1156.2247131347656,1182.789699707031,1174.9416789899512,1165.9011367276455,54.131613589354735,3.4248913481812906,33.306893100095145,0.0003228933537715,0.0231015263744603,1.008231185162301,1.0374850460005038,-0.8615562362472067,1
2022-06-02,1233.88427734375,1237.5755649319342,1192.98576447725,1192.98576447725,22126569,1158.1133850097656,1185.1167919921877,1180.555259785551,1168.5671422420023,61.15551713847222,7.6634618473106,34.12898398707919,0.0344787707813409,0.0239452145993592,1.053032281628978,1.0985746650226416,1.2631271243119944,1
2022-06-03,1258.88525390625,1276.02820063973,1241.9008029974498,1242.806733024834,23939791,1161.7106811523438,1187.366435546875,1188.0152592256177,1172.1090289739338,64.69498898780651,12.89132618811186,34.701479652000664,0.0202620108073028,0.0241758176230771,1.079375446063977,1.059079096750143,0.0819477253793843,0
2022-06-06,1253.472900390625,1274.5109147154303,1246.3393903599856,1259.1117816339226,11093152,1167.3551635742188,1189.434912109375,1194.2493202889516,1175.2997690294903,63.34923899399041,16.408566901873883,34.23505427367524,-0.0042993223558944,0.0221404910404821,1.0385582756561604,1.061624783365354,-0.5366228552287695,1
2022-06-07,1255.8282470703125,1264.1392757142603,1246.452912224144,1254.537398429056,12358255,1174.105908203125,1191.1931420898438,1200.1139799824143,1178.457748560503,63.70308703897573,19.16513851357854,33.053004931992454,0.0018790567222901,0.021530796135188,1.0532163873802958,1.0599806482795442,0.1140436009530925,0
2022-06-08,1233.77099609375,1259.564603425916,1230.2608467946975,1255.8280315270272,12479250,1180.3278686523438,1192.3544213867187,1203.319410088256,1180.626895522591,58.0508114634965,19.34688669540401,32.785201481937165,-0.0175639073480146,0.021879405528228,1.03438379668174,1.042898001241111,0.0097906217342174,1
2022-06-09,1267.6041259765625,1269.528957983228,1227.4076388685442,1227.4076388685442,17278305,1189.3715087890623,1193.9559399414063,1209.4417639823805,1184.0377673050996,63.41324815776852,21.96774378924738,33.45206702713337,0.0274225362647781,0.0215056015331058,1.0273282099885437,1.08180976894605,0.3845627742051807,0
2022-06-10,1229.3326416015625,1263.5958986630922,1223.5579057416696,1255.443365625697,18093057,1195.8856079101563,1194.7865966796876,1211.3361332794454,1185.814036885353,54.86883623935707,20.717781291099072,34.208792256259045,-0.0301919846983107,0.0231060116884895,0.9765247768110816,1.054036866562987,0.047154625410305,0
2022-06-13,1206.074951171875,1210.5588374187555,1184.9690106078476,1200.2324095352897,17620803,1201.223229980469,1194.6955541992188,1210.8350683168196,1186.6085825436485,50.4224979961398,17.64705153558225,34.93413788036303,-0.0189189562227743,0.0237400958540087,0.96218669808978,0.9992869580274164,-0.0261013934792777,0
2022-06-14,1190.3134765625,1210.1286894158018,1183.6782159302647,1200.2551062805885,14714312,1203.4640380859375,1194.6353149414062,1208.8806310068844,1186.7538725051718,47.60695540730366,13.782777524266066,34.32816185216117,-0.0130684039114322,0.0223651064804415,0.9478314246708098,0.9982715889373092,-0.1649465691206013,0
2022-06-15,1175.9107666015625,1194.480416204564,1170.5210697144337,1185.5352852287417,11195535,1204.7763671875,1194.095888671875,1205.7406439206632,1186.3286526658146,45.12720358770645,9.449209598011748,33.587532183444694,-0.0120999301818635,0.022585948618605,0.9531029423812204,0.9858742401688246,-0.2391397572648996,0
2022-06-16,1159.4697265625,1204.3312302745603,1156.7521762440374,1188.0035257051024,17111475,1206.5914367675782,1193.156533203125,1201.3338898865525,1185.2753614460769,42.411448097761166,4.634744813949965,34.58692660109314,-0.0139815371251152,0.0221571005029954,0.9146938723233046,0.93969081854139,0.528419588702103,1
2022-06-17,1173.0572509765625,1188.8414216894157,1157.7034029954712,1159.4697388409886,24457187,1205.8112854003907,1192.8299780273437,1198.6408766570296,1184.7962198590371,45.339134027040224,1.893815721986812,34.34057603629681,0.0117187401298917,0.0179564401720703,0.9542228126703892,0.9318222191709944,0.4292857278522162,0
2022-06-20,1151.7928466796875,1185.3314250139977,1141.8512172581657,1179.8510396489687,12066797,1204.3653381347656,1192.14154296875,1194.1791595163304,1183.5019699304353,41.76099863548037,-1.971523547216293,34.993406873406464,-0.0181273371603751,0.0183417121526529,0.9549927602430972,0.9188813306779504,-0.5066154991577732,1
2022-06-21,1170.38525390625,1174.5973137201734,1145.112415821389,1159.4698864092793,11720049,1203.646337890625,1192.2434497070312,1191.913073267751,1182.987588909879,45.789418252688286,-3.4943007623110134,34.59994194664774,0.0161421450742287,0.0187225150836218,0.9832580046780612,0.9319628353929844,-0.0287357117220087,0
2022-06-22,1134.831298828125,1158.7000801408756,1132.7478510128988,1158.6095110793892,10617206,1201.23681640625,1191.24658203125,1186.4767137973106,1181.0991069458887,40.0800734602495,-7.483751683363152,34.81690344284085,-0.0303779930236313,0.0198855566730399,0.9650658290236094,0.919807081233974,-0.0940988386652649,0
2022-06-23,1116.4200439453125,1143.6178348788872,1107.3843432520748,1139.111305663959,19446323,1198.470617675781,1189.930859375,1179.8046500018822,1178.562673102729,37.47431025268838,-11.992809043119903,34.91808831312453,-0.0162237813689354,0.0200762651810569,0.962871231882166,0.880732415639009,0.8315857298049976,1
2022-06-24,1132.3175048828125,1137.2768791745684,1117.8014186070498,1123.2365200121849,14240234,1196.771044921875,1189.37830078125,1175.282064752447,1176.749137094105,41.038834382663886,-14.120702580187526,33.9137130928482,0.0142396771033597,0.020398022705369,0.9652704537141436,0.9210830873307329,-0.2677158555887403,0
2022-06-27,1128.9656982421875,1152.6533352328772,1123.9382780429507,1152.6533352328772,15474529,1192.8725524902345,1188.843854980469,1170.8709822276603,1174.875276746971,40.51440334239438,-15.894316535487633,33.54238052835379,-0.0029601296687291,0.0185424974762444,0.980181203153584,0.936065952738041,0.0866765953424641,1
2022-06-28,1144.840576171875,1147.67133814574,1124.187598454475,1124.187598454475,13572847,1190.4958618164062,1188.6975610351562,1168.391895936633,1173.6974453518692,44.15438008581327,-15.83639627775051,32.82390618284745,0.0140614351298757,0.0188014165793669,0.9781741288613148,0.9617975421718772,-0.122891107057281,1
2022-06-29,1168.5960693359375,1176.2278290145132,1132.7476201425022,1135.5557396776303,19205146,1189.2876953125,1188.1481689453126,1168.4113410222812,1173.49739139046,49.16706400824248,-13.71552031027909,33.585070660644845,0.0207500447298052,0.0194694543833264,1.0297531188491889,0.9937795473318398,0.4149681345409699,1
2022-06-30,1175.616455078125,1184.7880089664673,1162.187437050855,1168.5282289340553,23112959,1186.3743041992188,1187.0358056640623,1169.097542360933,1173.5804919272314,50.57887146391097,-11.337532352794824,32.80046360742824,0.0060075383842228,0.0177124821951225,1.05302342201204,1.0139259595535068,0.2034773909034588,0
2022-07-01,1090.943359375,1173.9631898181497,1071.150907551117,1166.2183382001654,81997149,1177.9772094726563,1183.6534155273437,1161.6542868384631,1170.339820062438,37.17000553238399,-16.099782671792582,37.91939817311252,-0.0720244220275889,0.0228193156590912,0.9634606501008792,0.9300000988585996,2.5476699024127547,1
2022-07-04,1093.2080078125,1106.025565464495,1071.6490989100685,1077.4691189892487,41857728,1169.96396484375,1180.5273754882812,1155.1355935978952,1167.3150431114602,37.64613638001276,-19.466761448964007,37.666331628920666,0.0020758625258028,0.022901652597657,0.9683270355464628,0.9491359587480752,-0.4895221539958664,1
2022-07-05,1102.0625,1116.3973279805082,1094.7478514073186,1097.42011751126,17647327,1162.2756774902343,1178.15634765625,1150.0810132552383,1164.756119852187,39.574233976334405,-21.17652309191635,36.63225938171263,0.0080995493302484,0.0230639886127229,0.9626340321419103,0.9416237058026684,-0.5783973989223686,0
2022-07-06,1092.3699951171875,1106.0027924376789,1081.5679595799388,1096.106567126978,23943726,1155.2056274414062,1174.8609155273436,1144.5847258135193,1161.9174482939518,38.18240468056224,-23.047943308905133,35.761014630000304,-0.0087948776796348,0.0229205139554735,0.9347712385665768,0.9625835983244516,0.3567905213067113,0
2022-07-07,1081.61328125,1102.0624779330788,1075.6800503518657,1098.7335863010785,23301033,1145.9060852050782,1171.325888671875,1138.5874453788983,1158.7682652726205,36.64218356287356,-25.1095865417185,35.09111555508693,-0.0098471341352007,0.0215503103661999,0.9200392496871966,0.9688228790910014,-0.026841812339483,1
2022-07-08,1083.10791015625,1095.155510044553,1079.0995110804106,1095.155510044553,19010108,1138.5948486328125,1167.4448364257812,1133.3036801195983,1155.801192522959,37.02232469792974,-26.31945529807672,33.73146437001947,0.0013818514733128,0.0209625431992206,0.9928177304977236,0.9565408160570162,-0.184151706922178,1
2022-07-11,1097.8277587890625,1100.046939975301,1073.4154479368833,1076.3594210782474,13847467,1133.1824890136718,1164.1263037109377,1129.9250209452616,1153.5277245333943,40.79017054367535,-25.793188417984084,33.22432348919077,0.0135903805103676,0.0211753438661259,1.004225866389148,0.9724190562196822,-0.2715734702822309,0
2022-07-12,1096.26513671875,1104.983845261713,1088.8146344584836,1088.8146344584836,10778989,1128.4800720214844,1160.8652954101562,1126.7193176855938,1151.282132854389,40.51307027221235,-25.211585205081747,32.006101154479246,-0.0014233763518933,0.0210864414251619,0.9947395331197189,0.9575701276979964,-0.2215912845287878,0
2022-07-13,1076.8349609375,1102.4022679488555,1074.7742754785731,1099.3677256155834,14224132,1123.526281738281,1158.0019506835938,1121.9684265667277,1148.3626359164716,37.13497406422924,-26.018587192279934,31.69337910560804,-0.0177239749130458,0.0212386445364941,0.9857785967674616,0.921477479852742,0.3196165243326623,1
2022-07-14,1085.7122802734375,1102.3797424093775,1076.5633677805536,1081.568146854285,16970315,1119.838409423828,1155.7939794921874,1118.515460253081,1145.905759224588,39.61247530845413,-25.64618336408648,31.273593071552035,0.0082438996299014,0.0212797149408892,1.0037897084794487,0.923525930233162,0.1930650671689491,1
2022-07-15,1087.8182373046875,1093.796752824721,1079.3487135847497,1093.796752824721,9603210,1115.5764587402343,1153.8115576171874,1115.591915210377,1143.6278171885135,40.214415865218,-24.89415321284855,30.07176779786769,0.0019397008484784,0.0210331960411373,1.0043488992225695,0.9971353947540385,-0.4341171628222575,1
2022-07-18,1097.08056640625,1098.3260107043704,1083.5155743058108,1096.5143900160117,15160908,1112.8408447265624,1152.94150390625,1113.828929609984,1141.8024348048953,42.90981576296424,-23.282386491237503,28.98167269791712,0.0085145925890266,0.0209045449298943,0.9993193901531178,1.00354238037599,0.5787333610324048,1
2022-07-19,1103.8062744140625,1108.290160910551,1087.1388148491112,1087.1388148491112,16439888,1109.511895751953,1152.6013623046874,1112.8743910198964,1140.3123892993726,44.854025139894055,-21.21775623873941,28.422363652454457,0.0061305506758215,0.0205588024047101,1.0068789359824797,1.0015822826872909,0.0843603826367127,1
2022-07-20,1133.653564453125,1151.5438277746334,1126.0672081991272,1150.4115948025603,23924246,1109.4530090332032,1153.0877978515623,1114.853359918299,1140.0512589132452,52.57298772546207,-16.97739024020484,29.80202006017706,0.0270403337351079,0.0205017989127304,1.0527644491279873,1.037792661388057,0.4552560212089036,0
2022-07-21,1126.08984375,1132.2949020971544,1117.484465892399,1129.577351299841,16523230,1109.9364990234376,1153.8749682617188,1115.923501235604,1139.5037524362551,50.63860625841988,-14.065065365930195,28.828239953073417,-0.0066719859931581,0.0202093700444543,1.0371899297909697,1.0411205772626972,-0.3093521108251437,1
2022-07-22,1133.6988525390625,1139.6773678755285,1130.030207237111,1132.2947927493988,10969995,1110.00556640625,1154.5679321289062,1117.6163918359334,1139.276109303032,52.5308128219045,-11.016057252018754,27.739617393963066,0.0067570175073452,0.0200124878420904,1.0421767292190784,1.0467090507865593,-0.3360865278762082,0
2022-07-25,1096.2425537109375,1117.5523977830069,1088.3618480432954,1117.5523977830069,23110452,1108.3694091796874,1154.5063330078126,1115.5807882049814,1137.5885188876557,43.65859246348491,-11.489660975248851,28.9965736155205,-0.0330390197928107,0.0213523724493989,0.999236142977122,0.9985560530188512,1.106696675796115,1
2022-07-26,1096.74072265625,1106.886133119494,1092.143624721455,1096.5595845623452,11303288,1105.9644165039062,1153.531201171875,1113.7864962479591,1135.9866445256398,43.79455931143946,-11.690041743107711,27.97842609998611,0.0004544331394782,0.0210536312384405,0.9935989204613254,1.0004338238274395,-0.5109014743632015,0
2022-07-27,1095.698974609375,1099.2316463703332,1087.90871936657,1096.038608509345,8655086,1102.319561767578,1152.4518969726562,1112.063875139523,1134.4067359014723,43.55783527769785,-11.796917781573027,26.788747593113044,-0.0009498580889308,0.0203715702698813,0.9665201159914676,1.0175180174828755,-0.2342859882894251,1
2022-07-28,1112.8646240234375,1117.7787135139506,1096.5142758027298,1103.3080323769393,12496073,1099.1819702148437,1152.2458227539062,1112.1401369379907,1133.5619472003732,48.497865932394966,-10.376875205669648,26.452389829646084,0.0156663917844608,0.0207083522170135,0.9882556264937786,1.0250087838586128,0.4437838052677929,1
2022-07-29,1136.5748291015625,1140.0396942059217,1115.989778235377,1120.8359411287292,15130683,1101.4635437011718,1151.2041137695312,1114.4672504773785,1133.6800994317923,54.430650355319216,-7.254638876941499,26.504009854848807,0.0213055609517025,0.0134767446905566,1.002536808215038,1.0448205317072825,0.2108350359348894,1
2022-08-01,1166.1956787109375,1172.038340631328,1135.7369249153332,1140.9681259695833,15700044,1105.1129272460937,1150.9137915039062,1119.3937674520032,1134.9552201878373,60.54539014084764,-2.362851597823237,27.20382455921638,0.0260615041358867,0.0144993995727585,1.063811721925224,1.0629991218704116,0.0376295637150021,1
2022-08-02,1170.6343994140625,1181.1194448466035,1160.1719962455124,1165.1314906618964,13917913,1108.541522216797,1150.6311743164065,1124.273827638866,1136.354403686905,61.38165490814935,1.8507583390323816,26.75694056220743,0.0038061543051088,0.0144568938643673,1.0673757025989203,1.060543345828936,-0.1135112105418303,1
2022-08-03,1180.4625244140625,1182.11564904104,1162.8440902328596,1177.586478112168,14250977,1112.9461486816406,1150.579990234375,1129.6251320936465,1138.0841339114995,63.23956308917332,5.914938393958892,26.22227043691978,0.0083955545855471,0.0142201728355215,1.0773602529243091,1.041290356621,0.0239305993650054,0
2022-08-04,1164.8594970703125,1185.6258045890304,1148.1468730281574,1182.115655170841,14467127,1117.1084594726562,1150.4422998046875,1132.980785900948,1139.1341481530214,58.433235135100205,7.787032399383179,27.02631766005929,-0.0132177235795729,0.0144113770635156,1.0467216514250344,1.03442856139365,0.015167381155692,0
2022-08-05,1147.6939697265625,1167.9846710602349,1144.5009315875282,1166.716584589606,13942438,1120.3377624511718,1150.07,1134.3820415033874,1139.4698274304153,53.60628089475903,7.795701790463454,26.773276360962683,-0.014736135462622,0.0149934049703044,1.0097830255785176,1.012344651453211,-0.0362676708374786,1
2022-08-08,1162.7081298828125,1170.1359894573532,1146.3351396535795,1146.3351396535795,10165178,1123.5817810058593,1149.1854516601563,1137.0797642061898,1140.3811334089407,56.95561402102484,8.911364923683323,26.56096017830632,0.0130820240868103,0.014974938904771,0.997009465142265,1.0606303558887398,-0.2709181851839686,1
2022-08-10,1169.6605224609375,1173.0120563323646,1158.1336946618562,1167.1241099957583,10724688,1127.251550292969,1148.7311743164062,1140.1826935637848,1141.5293447443132,58.45141336198019,10.238512770202306,25.726488856320756,0.0059794822100587,0.0149517958377879,0.9991680776221744,1.066487728866381,0.0550418300594441,1
2022-08-11,1173.5556640625,1182.0704726435374,1168.618812190309,1178.990645714219,8198226,1132.0875854492188,1148.347099609375,1143.3610717065194,1142.7852788352225,59.30466108236875,11.472346307398084,24.849715398957017,0.0033301471040223,0.0141071293775096,0.99414902192258,1.0710566417029654,-0.2355744055211676,1
2022-08-12,1192.5328369140625,1196.31469366612,1169.5247047340197,1173.193230375856,12650587,1137.42861328125,1147.5200708007812,1148.0440969643803,1144.7361634657652,63.26302089928176,13.822134561936537,24.98830636561012,0.0161706627411852,0.0143302564038245,1.023756804930852,1.0715884135148384,0.543088346186114,1
2022-08-16,1200.8211669921875,1203.5387175050762,1189.9512045412775,1198.511296976361,6607378,1143.078759765625,1146.3587890625,1153.0704845860764,1146.9355753687623,64.87020781646486,16.16679688084764,24.173963979766445,0.0069501902350739,0.0143213968848347,1.046290386346007,1.0565262719581872,-0.4777018647435095,1
2022-08-17,1207.0941162109375,1212.4158859762824,1202.7460834374597,1207.0261894301318,6595965,1148.5794372558594,1145.4312133789062,1158.2155923598727,1149.2947338331614,66.07972415566599,18.319952232136075,23.275446480075622,0.0052238829487512,0.0142984007065042,1.038174658959853,1.0350699614538166,-0.0017273114993572,1
2022-08-18,1209.2833251953125,1212.7820913718715,1199.6955520359063,1208.6925853891362,7410035,1153.853289794922,1144.5003149414065,1163.079185963248,1151.6472276120694,66.51304733456682,19.972760677259203,22.547667398353447,0.0018136191329032,0.0143112177012955,1.0338754723900654,1.033015368248699,0.1234193935231615,0
2022-08-19,1187.72216796875,1209.464997552082,1183.6779742626552,1204.148579928399,9460724,1156.5567199707032,1143.5793383789062,1165.4261366304386,1153.0619311554683,58.57627659477662,19.320107906194156,22.779049962001544,-0.0178296986134991,0.0141358939871634,1.0120714375466515,1.0061498297527836,0.2767448466842599,0
2022-08-22,1184.4278564453125,1195.651432697685,1175.0673642837935,1189.1536549981986,9471680,1159.4736206054688,1141.9158129882812,1167.2358242318553,1154.2919674413447,57.44832199409212,18.325804013533343,22.622265565707977,-0.0027736381556904,0.0140302998346515,0.9932035578242664,1.0167989010041258,0.0011580509060404,1
2022-08-23,1202.694580078125,1205.602726680644,1177.4982950302235,1178.7024907985583,9678484,1162.923406982422,1141.3830517578126,1170.6128485981667,1156.1901091133752,61.83663135532751,18.795124455649784,23.01384885747316,0.0154224029208789,0.0142959790307161,1.0015601099792653,1.047922714418955,0.0218339302003445,0
2022-08-24,1199.490966796875,1213.2365143204822,1197.491706212183,1199.65009995872,10369622,1168.0858276367187,1141.2513720703123,1173.3631455694724,1157.8881819637086,60.65518878693454,18.69307731002141,22.49463166110359,-0.002663696448222,0.0116231826319823,0.99370127870565,1.0316354861282082,0.0714097373100994,0
2022-08-25,1195.9921875,1210.0102083418858,1191.6981161929027,1203.671444195302,7871946,1173.0484008789062,1141.3649462890626,1175.518292419999,1159.382456690622,59.32214389204244,18.120994419422004,22.195878838809268,-0.0029168867408965,0.0117102006245465,0.9890090788333944,1.022512228576939,-0.2408647104012085,0
2022-08-26,1189.60791015625,1204.148643044039,1184.6096383933834,1196.4238336256965,10742038,1177.74384765625,1141.6388891601562,1176.8601607758324,1160.5677685912349,56.86624084532461,16.956987188033054,22.00610211108401,-0.0053380594041296,0.0118560351290249,1.001587696380817,1.0136782997051728,0.3645975213752737,0
2022-08-29,1180.3609619140625,1206.4205794013706,1171.4547933496003,1174.6128173581192,19838975,1181.1186645507812,1142.0567138671877,1177.1935704080447,1161.3439722509536,53.416837970078696,15.114125398388069,22.931793821133027,-0.0077731058807207,0.0118199733748168,0.9965663636589436,0.9897932579940546,0.8468539210157329,1
2022-08-30,1198.6729736328125,1201.990130578996,1170.795826558723,1187.790261371782,23139054,1184.2235717773438,1142.5690283203126,1179.2392278580228,1162.8078546580853,58.75272881973885,14.958834328243029,23.5219731210716,0.0155139082955229,0.0114121820275583,0.99665616981075,0.998211063047168,0.1663432208569242,0
2022-09-01,1163.4344482421875,1183.6777688235838,1159.0267970935467,1173.544810561464,19909939,1184.0855102539062,1142.8018603515625,1177.7340107517527,1162.8324269555012,47.4815526793897,11.855646030407344,24.673701936656894,-0.0293979477019722,0.0121569281550395,0.9699401499863122,0.9638307673093482,-0.1395525936367148,0
2022-09-02,1149.8482666015625,1170.2278880627014,1147.6671567250864,1163.4346809089884,12999345,1183.0462036132812,1142.3911206054688,1175.0782255945917,1162.323244196523,43.97850514041365,8.205468104584043,24.522775465296757,-0.0116776511656089,0.0123893752662227,0.961417874313299,0.950851006248556,-0.3470926756731901,1
2022-09-05,1167.7060546875,1173.022472536249,1150.0754462865928,1150.0754462865928,11327815,1182.408380126953,1143.0486157226562,1174.3761140796307,1162.5343348040126,49.27576807600934,6.676685382038386,24.42644907025317,0.0155305605136206,0.0127657749302972,0.9815890132523806,0.983147478576171,-0.1285857095107484,1
2022-09-06,1179.9974365234375,1184.1552111927028,1168.7057123414318,1169.1601553219334,10899618,1183.1652770996093,1144.320163574219,1174.911478121898,1163.2191623224214,52.598152159849725,6.383342650352006,23.85664245846386,0.0105260924070715,0.0126206536872438,0.9996920218455586,0.9962594429894857,-0.037800493740408,0
2022-09-07,1173.135986328125,1179.1112920563703,1167.7968526449283,1170.0688269822715,7488501,1184.4373779296875,1145.136533203125,1174.742383665348,1163.6080573814686,50.60549791541186,5.533418925896285,23.024066845609955,-0.0058148009334054,0.0121960667222197,0.9786956176818664,0.9754230257293752,-0.3129574816291727,1
2022-09-08,1174.7945556640625,1180.519984126391,1168.2513462113554,1176.0896159479148,7057077,1185.04169921875,1146.0531103515625,1174.7473524271306,1164.0467435886292,51.08786809751536,4.9367728902191175,22.25582192199749,0.0014137912017588,0.0118708908795766,1.0097642866248622,0.9794109236197402,-0.0576115299977926,0
2022-09-09,1167.4788818359375,1185.9727033347192,1165.0704903678632,1185.9727033347192,8314850,1184.9326171875,1146.5058764648438,1174.0551171327313,1164.1813372453864,48.82305594342522,3.8294691336391216,22.15913556805881,-0.0062271941871485,0.0118926895781363,1.015332992836075,0.9761592876926192,0.1782286065463081,1
2022-09-12,1180.542724609375,1186.881609136413,1168.046804859231,1168.046804859231,7435419,1185.2819702148438,1146.7448095703126,1174.6729845114592,1164.8229602792685,52.84335705223696,3.960412689372106,21.96224926323144,0.0111897893629508,0.0121367747494028,1.0109930661662196,0.9923796862230982,-0.1057663096748587,1
2022-09-13,1190.403076171875,1194.9243089400052,1181.8832020191865,1189.607891122723,8888657,1185.1754821777345,1147.0405419921874,1176.171088479118,1165.8261020789782,55.67377835554179,4.804451637574402,21.420773196617063,0.0083523885726055,0.0117197109385421,1.00881835784245,1.0085076638264352,0.1954480305682839,0
2022-09-14,1176.135009765625,1185.9726599528265,1169.046493026583,1170.0688394223357,8678219,1183.9411743164062,1148.744375,1176.1676524111665,1166.2303729686505,50.91183364574692,4.272790796635263,21.416188192950987,-0.011985911908203,0.0118903046459347,1.0025564158566875,0.9811975706777788,-0.0236748926187612,0
2022-09-15,1164.4798583984375,1183.041828116281,1161.776157155841,1173.7040529111878,10365600,1181.810461425781,1150.1698120117187,1175.0545291718588,1166.161725338446,47.3491037745375,2.877798965507054,21.405436962057347,-0.0099097053232944,0.0119567026378129,0.991219999091846,1.000898555271274,0.1944386284789541,0
2022-09-16,1135.625732421875,1160.0722649582217,1131.899684568862,1155.8690579820689,20217708,1178.1275817871094,1150.8410766601562,1171.2994056718603,1164.9642354201494,39.90422362680436,-0.5496924212909562,22.203632452594352,-0.0247785530754022,0.0129772223143542,0.9727162949928728,0.987630946975532,0.9504619124797408,1
2022-09-19,1137.1025390625,1146.3040180403946,1127.5147655140895,1135.6257495827476,7580254,1175.5966003417968,1151.7357275390625,1168.0425612328736,1163.8716198767122,40.42057183519317,-3.1109766826778014,21.959748172145115,0.0013004342878666,0.0125283052256602,0.9632032076083916,0.9737917642011455,-0.6250685784956436,1
2022-09-20,1137.2841796875,1153.119972213298,1133.5808482063046,1146.1903481529216,8411448,1173.2394165039063,1152.8491455078124,1165.1131915618855,1162.82897516341,40.488300904606966,-5.067738299916073,21.786846446062857,0.0001597398816379,0.0125371760618394,0.9553773864099916,0.9638022460779396,0.1096525261554559,1
2022-09-21,1140.4195556640625,1150.9842421176709,1133.7172134827065,1134.512398474311,9207309,1170.125665283203,1153.9953784179688,1162.761416714474,1161.9501743987298,41.71987508115735,-6.292946175121415,21.46400231669868,0.0027568975569711,0.0119178645218484,0.9696332021366496,0.9721119878297624,0.0946164084947085,0
2022-09-22,1129.673095703125,1137.352352488463,1123.3116153435435,1129.6276634257686,10308170,1166.6347717285155,1154.63228515625,1159.6101480467264,1160.6844066067454,38.75918250531684,-8.03841985001418,21.15285503125727,-0.0094232512127344,0.0120156002327227,0.9701096052076128,0.9615920419928808,0.1195638160943659,0
2022-09-23,1108.4984130859375,1134.149023023791,1106.9534751005983,1129.1734669494883,9528051,1162.2600830078125,1154.8769506835938,1154.7423637647466,1158.63789705691,33.686452361942884,-11.003498751657162,21.584475952109795,-0.0187440797676146,0.0125254212935775,0.9761124474715056,0.949480483400908,-0.0756796793223238,0
2022-09-26,1080.257568359375,1098.637929447728,1079.257938059937,1087.845960638479,12479523,1156.792565917969,1154.9454028320313,1147.6485737261398,1155.5641586766144,28.35606706078927,-15.45400118837756,22.13133302881627,-0.025476666807256,0.0134388309163714,0.9500089316923066,0.9150516502626512,0.3097666038941227,1
2022-09-27,1088.8455810546875,1102.363845481466,1072.4191704410875,1087.8231145473603,16154822,1152.216796875,1155.0080688476562,1142.048288709811,1152.9477438679114,31.885790858461988,-18.07966446437717,22.689428886784988,0.0079499676251797,0.0137082185139279,0.9574085356167336,0.9146864644841324,0.2945063685527083,0
2022-09-28,1059.855224609375,1080.5529923156532,1057.4242371952328,1072.532873252523,16997059,1145.275909423828,1154.44880859375,1134.2203778431028,1149.297056838165,27.042375599999005,-22.24339302138901,23.313137099118546,-0.0266248556725845,0.0137993092758868,0.9293555335362738,0.9011339819061914,0.0521353314818324,0
2022-09-29,1056.6063232421875,1075.7817488504493,1051.017191660742,1072.3738473223364,14671827,1139.934503173828,1153.6393237304687,1126.828563119206,1145.662126108911,26.555545530412232,-25.511259173451435,23.41680996273203,-0.0030654199665666,0.0126632399540473,0.9353204278840864,0.9073633310372466,-0.1368020196905829,1
2022-09-30,1080.4393310546875,1091.458340177691,1050.108360317172,1050.108360317172,18613024,1136.4640563964845,1153.1719848632813,1122.410541017823,1143.104369440118,35.70023480671429,-25.879617966538035,24.69775066971683,0.0225561851072106,0.0139251514053537,0.9746873051869,0.9514044109853912,0.2686234645487573,0
2022-10-03,1076.6905517578125,1098.251530811662,1073.7369732258553,1086.687214378407,11852723,1131.91328125,1152.032724609375,1118.0562563263936,1140.4999060015964,34.962819591744804,-26.17234166039907,24.684665449437528,-0.0034696805171055,0.0132237380801441,0.996697994343164,0.946871996825814,-0.3632027229965426,1
2022-10-04,1096.547607421875,1098.7287171700252,1086.0737854797874,1089.5499554327275,8948850,1127.740789794922,1151.4418798828126,1116.0078135735823,1138.7762864494505,41.81828867409588,-24.51938465349417,24.495629732492898,0.0184426766183132,0.0137868512251719,1.007073570854489,0.964180832730111,-0.2449962763830725,1
2022-10-06,1100.5916748046875,1113.269322563035,1098.7968595905177,1103.7271026820092,13352162,1124.11357421875,1150.779736328125,1114.539609881307,1137.2788506986756,43.132981059612696,-22.62230601465785,23.940350118826267,0.0036879998236654,0.0138689176762518,1.0384358629833867,0.9650761154861262,0.4920533923353281,1
2022-10-07,1105.2493896484375,1110.4976589700225,1097.206554532043,1097.206554532043,7714340,1120.636315917969,1150.959873046875,1113.6548270019855,1136.022793402588,44.68334189122507,-20.50663118456191,23.179689713051506,0.0042320098819361,0.0139313129842629,1.0460370767581526,0.9783798462160544,-0.4222403832428036,0
2022-10-10,1093.1851806640625,1098.547030597458,1085.0969133921378,1092.8216022630288,6329527,1116.921630859375,1150.8887622070313,1111.7053368745644,1134.3428870206849,41.52544963924335,-19.57774442828804,22.963460180426377,-0.0109153726727797,0.0140283925446963,1.0117969137581588,0.9861856072673622,-0.1795115330669895,0
2022-10-11,1071.4195556640625,1096.911150105876,1068.329679997323,1096.911150105876,9215177,1111.4654724121094,1150.403173828125,1107.8685958068977,1131.8753053988569,36.51192284817793,-20.36316512433245,23.364746603864,-0.0199102817939577,0.0140743448776207,0.9951044465978228,0.9918186060860142,0.4559029450383891,1
2022-10-12,1079.3033447265625,1082.2342073300697,1064.6944639855951,1068.7386577474497,7417103,1105.9104858398437,1149.7319482421874,1105.1480957040085,1129.8136598822962,39.36743161832214,-20.11755810770819,22.94867494247904,0.0073582650426924,0.014027337868605,0.9842740410187424,0.9912363731881226,-0.1951209401620826,1
2022-10-13,1082.7340087890625,1087.8231445652352,1072.419200033899,1077.5538882747444,7328492,1101.2404357910157,1148.6551318359377,1103.013420759728,1127.9673990551105,40.61903423310171,-19.422199829210967,22.40976562739741,0.0031785911525819,0.0140279186284018,0.9837744856476458,1.0215867069845506,-0.0119468477112963,0
2022-10-14,1077.2357177734375,1097.9789154976827,1076.508681223135,1097.3654596284905,9106089,1096.8782287597655,1146.8759326171876,1100.5584014277003,1125.97792135779,39.221635302654896,-19.09467795608839,22.342656245051007,-0.005078154903229,0.0139628717598503,0.9746539811400295,1.0195242012824122,0.2425597244289821,1
2022-10-17,1094.5255126953125,1096.911067683068,1064.9216983657,1070.1018190034106,16729355,1094.8232177734376,1145.3537548828126,1099.9838405960445,1124.7444935671049,45.56364175440151,-17.241226432596704,23.03170717878794,0.0160501500615033,0.0137157160646094,1.0012260795837316,1.0130374572970002,0.8371613763054588,1
2022-10-18,1113.83740234375,1119.176536172448,1099.7056807153497,1100.5462980220425,12415820,1093.6599609375,1144.0212524414062,1101.303227429159,1124.3167644995222,51.63428726314189,-14.052061233602672,23.14737262866992,0.01764407446372,0.0143780217398518,1.0395903233756052,1.0345009534311334,-0.257842277840359,1
2022-10-19,1133.2174072265625,1148.6441893082867,1109.497912475689,1115.3142054707246,19247142,1093.4566223144532,1143.3884106445312,1104.3426731241498,1124.6658093123474,56.836373314653216,-9.847306785236697,24.29015150037905,0.0173993123610616,0.0149523733813167,1.0499526502566885,1.0334411379464892,0.5502111016429039,1
2022-10-20,1136.2618408203125,1144.6227018334394,1129.173323936751,1129.173323936751,8717053,1093.2487365722657,1143.1597680664063,1107.3825938571176,1125.1205556459931,57.60774512600063,-6.1979026796338985,23.65866767154399,0.0026865397357431,0.0149516809047554,1.0494376565220445,1.0324099907642452,-0.5470988368039265,0
2022-10-21,1123.084228515625,1143.6229813098248,1120.994103570685,1139.4879233106462,8243452,1092.9192932128906,1142.3672900390625,1108.8779876341184,1125.0406996800964,53.17786816989717,-4.319257109183354,23.585111247800835,-0.0115973377185438,0.0150309082046972,1.042561261185205,1.0161364837965308,-0.0543304027175238,1
2022-10-24,1126.8330078125,1137.1251004905544,1115.6777019334577,1117.81325918146,3370033,1093.836022949219,1141.5107397460938,1110.5879895558692,1125.110986273524,54.25554143414254,-2.499113574644525,23.43241748417911,0.0033379324557247,0.0143933793535588,1.0295173522612815,1.0307796224679866,-0.5911866776200068,0
2022-10-25,1109.4298095703125,1135.5348605120162,1107.8167232856267,1135.5348605120162,12233241,1095.2946350097657,1140.22822265625,1110.477686700102,1124.4960381675155,48.6566504469199,-2.432884584571866,23.738540322908417,-0.0154443454544981,0.0135766974053905,0.9960428759492516,1.0354765355040505,2.6300062937069164,1
2022-10-27,1113.7919921875,1121.6530982836084,1105.453847178534,1116.904583955269,12513059,1096.5419555664062,1138.653405761719,1110.793334841759,1124.0762716584954,50.04810596941291,-2.005290214516208,23.2000196644917,0.0039319140152516,0.0135045350445435,0.9828581745080988,1.031954545151229,0.0228735786370921,1
2022-10-28,1147.87158203125,1151.8929390234955,1117.5633290375397,1120.085180684718,17609592,1100.9427734375,1137.5944140625,1114.3245964788532,1125.009421084878,59.323005041048205,1.0711716893251833,24.2643716053134,0.0305978046913564,0.0133556088960561,1.0102174875489578,1.060160272710966,0.4072971285438675,1
2022-10-31,1158.52734375,1163.684748855419,1150.620804946696,1154.6195667238408,12419943,1106.0388244628907,1136.6230786132812,1118.534381933248,1126.3238494246868,61.71655796539208,4.319330278852476,23.660714120945936,0.0092830608280185,0.0132931241144426,1.0315587329377958,1.075463173598241,-0.2947058057903897,0
2022-11-01,1149.552978515625,1181.428769564145,1139.6244632866772,1181.428769564145,13963166,1109.4945068359375,1135.4284716796874,1121.4885339887126,1127.2347956635472,58.5896233345211,6.099056958174742,24.95668498926892,-0.0077463559947805,0.0128708262920673,1.020162677651084,1.0502751787711235,0.1242536298274477,1
2022-11-02,1156.7322998046875,1158.7998289194838,1142.8051438822936,1150.666129478395,8981896,1113.4965942382812,1134.8086743164065,1124.8450831140435,1128.391560531827,60.32157536357849,7.99663418060959,24.316542135549017,0.0062453157211883,0.0127895871092458,1.0426367579330642,1.038510914942053,-0.3567435923915822,1
2022-11-03,1161.049072265625,1163.048452941367,1147.3717940343818,1149.5529038103175,6693449,1116.7216674804688,1134.3410986328124,1128.2930820808608,1129.672247266486,61.367827273256005,9.736568164522396,23.699407619223035,0.0037318681787188,0.0123092281493905,1.042428999678218,1.0245598636780366,-0.2547844018679353,1
2022-11-04,1178.134521484375,1181.4288426079638,1159.2089717466056,1160.4811958004998,12575815,1120.598809814453,1133.8498974609374,1133.0398858335764,1131.572728608364,65.2710668852526,12.351748082023732,23.59372642223269,0.0147155272131695,0.0125886083324308,1.026364394699599,1.036851260123136,0.878824354977531,1
2022-11-07,1184.4278564453125,1186.1092114125374,1169.614649236392,1177.3393389028124,11789748,1124.5577331542968,1133.5486352539062,1137.933978272789,1133.645478719617,66.60932654180414,14.76194997345101,23.08664326179788,0.0053417796068044,0.0125945186596507,1.0223564103471878,1.0546206832685785,-0.0625062471100282,0
2022-11-09,1183.2464599609375,1191.4028762322173,1176.9075752515669,1186.109174333478,11254205,1129.0607971191407,1133.293720703125,1142.2494527192796,1135.5906152388843,66.09443783433225,16.38781498395315,22.47297595600164,-0.0009974406443973,0.0121839372303682,1.0293100727630835,1.0500637199632197,-0.045424465391457,0
2022-11-10,1168.9329833984375,1179.8611290593667,1164.616195791804,1176.8848340514855,5966242,1133.9364685058597,1132.880222167969,1144.79074135539,1136.8981590882786,60.0389953791552,16.333069326409714,22.198496542653903,-0.0120967837613243,0.0114806508683731,1.0105475429326305,1.0536340139005016,-0.4698655302617999,1
2022-11-11,1195.8785400390625,1197.7869359415272,1175.9759587388326,1181.4286729917058,12310132,1139.7652282714844,1133.1905737304687,1149.65624599193,1139.2111152039956,66.2987059982093,18.25354867913734,22.673886256970743,0.0230514127185343,0.0122049634822022,1.029998273634957,1.0737000700555797,1.06329746597607,0
2022-11-14,1190.0849609375,1200.5133505404451,1183.7687931045675,1195.4013783558953,9043112,1145.1327758789062,1133.0188134765624,1153.50659979627,1141.2061679778585,63.97813995472518,19.088014241644032,22.25036276974981,-0.0048446216798683,0.0124055159827356,1.0101435271059438,1.03677534975781,-0.2653927675186586,0
2022-11-15,1184.7459716796875,1193.4248592098502,1176.8848651845096,1191.561895358841,7086433,1150.5082885742188,1133.4450439453126,1156.481778070881,1142.913611260283,61.83037117990657,19.098368297210985,21.842479288006285,-0.0044862252973995,0.0123813648125488,1.0002685813514465,1.022630996213539,-0.2163723063476378,0
2022-11-16,1177.9527587890625,1188.6764594316192,1172.954366703904,1185.9727580356148,9716161,1154.6796508789062,1134.0071337890624,1158.5266333773743,1144.287695477098,59.11125983783028,18.34692650562852,21.405308819414056,-0.0057338982811596,0.0123012325486706,0.9955261212680496,1.0247050643199664,0.3710933272070731,1
2022-11-17,1180.9971923828125,1187.33595685175,1172.3409009131724,1174.5901593039591,6661451,1158.037640380859,1134.2729565429688,1160.6666866159876,1145.7272835910476,59.96107315071075,17.791969075193492,20.947433613640037,0.0025845124696508,0.0118590162763228,1.0103207020040623,1.0209771029841754,-0.3143947491195339,0
2022-11-18,1180.3609619140625,1185.518366679259,1168.2967693410817,1184.495900066872,5303197,1160.3948181152343,1134.2802270507811,1162.542331882471,1147.0854670546953,59.68191187833529,17.10366245754267,20.68130245110699,-0.0005387231001509,0.0113812194768587,0.987024118582734,1.0166331381762814,-0.2038976193024613,0
2022-11-21,1159.117919921875,1175.9759375856167,1155.5736016352212,1175.9759375856167,6390268,1161.5376220703124,1133.9998657226563,1162.2161974100331,1147.5573279514474,51.12349839576505,14.674875718325213,20.97459229594516,-0.017997072656266,0.0122330743633257,0.9739791342365756,0.983858717985328,0.2049840879001854,1
2022-11-22,1165.547607421875,1167.1152613187112,1152.5746494360667,1156.4369938334312,6611488,1163.660791015625,1133.8149267578126,1162.533474554018,1148.2628291071503,53.3060714703994,13.117654618159577,20.51502226642369,0.0055470521070308,0.0118949477237959,0.9837953749438846,0.9840596040352338,0.0346182664013465,0
2022-11-23,1161.91259765625,1171.3867910548404,1159.731487519947,1170.0690144783027,6413408,1165.4147705078126,1133.7036010742188,1162.4743434208974,1148.7981141482917,51.89517211055665,11.458148366148862,19.882185214171525,-0.0031187141069813,0.0119420815954037,0.9863830183229914,0.981970060315759,-0.0299599727020604,1
2022-11-24,1171.931884765625,1178.702375351731,1157.8910283853108,1165.9792953074673,9389439,1168.5398742675782,1133.5313842773437,1163.3750616442048,1149.7053208391676,55.39927762627696,10.826647586362697,19.948553910760715,0.0086230987852145,0.011331006178155,0.992324022719396,1.0025655032493554,0.4640326952534439,1
2022-11-25,1189.4261474609375,1192.7431844497548,1173.295044904841,1176.430472976704,7349922,1172.32158203125,1133.511845703125,1165.8561174362744,1151.2630003145312,60.77236759075157,11.604055138163403,20.010178608858507,0.0149277128839371,0.0116508285392948,1.007680011318042,0.99460447498463,-0.2172139357846618,1
2022-11-28,1230.2989501953125,1236.4332684225644,1136.8978915395971,1185.472802558626,31527484,1176.4429504394532,1134.5951245117187,1171.9935300799923,1154.3624493294635,69.89700127873621,15.3414036645313,25.69054991415199,0.0343634641138721,0.0121346475730152,1.0614096538842528,1.0337908557605278,3.2894991266573985,1
2022-11-29,1232.4119873046875,1241.2500078770877,1224.1419904117938,1228.6632233258863,11058913,1180.1371826171876,1135.9537670898435,1177.747668863297,1157.4232155245709,70.28186089384064,18.26325628320774,25.077511882090697,0.0017174989127963,0.0120640008771292,1.0573673520129416,1.0402331105269942,-0.6492294469168551,1
2022-11-30,1241.1136474609375,1247.5206802015884,1226.0504438987869,1232.54834119291,26164986,1184.7152160644532,1138.063525390625,1183.782523967834,1160.7051932475654,71.87642778151019,21.03847830422842,24.819849340712903,0.0070606747142087,0.0118108649686049,1.068164378253965,1.0536192034872471,1.365963634943145,0
2022-12-01,1237.45556640625,1251.8598796480708,1234.1385299270664,1245.8618584705512,9485801,1188.751379394531,1140.0705859375,1188.8942422953023,1163.7150118028078,70.17183803334075,22.6812300792501,24.31281365359086,-0.0029474182820978,0.011893572038788,1.0559108276619071,1.0478056801384308,-0.6374620265418831,0
2022-12-02,1236.93310546875,1248.6792715763747,1227.1408877532265,1240.5001400003844,11589592,1192.5455810546875,1142.063564453125,1193.469372121345,1166.586309593629,69.9168028295127,23.668132961198356,24.114640094273533,-0.0004222058162599,0.0119245341309323,1.0399410741971875,1.047927833417119,0.2217831683376026,0
2022-12-05,1218.8935546875,1234.479348297158,1216.871578162377,1232.3209547622266,14828536,1194.5835327148438,1143.6330444335938,1195.8907228419314,1168.6375741071142,61.592942082753424,22.732572672925016,23.82513203799492,-0.0145840956972477,0.0122359166209239,0.9907295738925878,1.051569934118225,0.2794700624491353,1
2022-12-06,1222.415283203125,1225.5051588426245,1209.146894711336,1211.009978665276,8594245,1196.4829040527345,1145.4878881835937,1198.4168714477594,1170.7465038755854,62.53079042649041,22.021458793923784,23.291784330373027,0.0028892830732276,0.0122105264505727,0.9918885046522264,1.0487905216562008,-0.4204252530391402,0
2022-12-07,1204.375732421875,1224.5963402295367,1200.5815364526634,1220.0523915216042,8462111,1197.5393676757812,1147.4054345703123,1198.9843820167227,1172.0652971519105,55.10764520008862,19.77430901108619,23.34342857655162,-0.0147573014090436,0.0127435487319172,0.9703992336928848,1.0365458941156842,-0.0153747071441412,0
2022-12-08,1203.8077392578125,1210.9645247591304,1199.6500849785011,1208.6925503476532,7757008,1199.28310546875,1149.8764379882812,1199.443749373017,1173.3100988031222,54.88671081216553,17.743063327558048,22.4842150911286,-0.0004716079449063,0.0123764027305461,0.9728088603244514,1.0271994088620282,-0.0833247164921376,0
2022-12-09,1185.563720703125,1208.6924740397408,1182.2692798901842,1202.330873974504,12655763,1198.7673645019531,1151.81080078125,1198.1218418806463,1173.790632995279,48.20205435916432,14.494068068835077,22.76557073815917,-0.0151552593987603,0.0118178609278956,0.958470361462144,0.9967526972851088,0.6315263565539704,1
2022-12-12,1187.38134765625,1191.8798642806923,1174.6128344148897,1174.8401159938364,9479842,1198.6321838378906,1154.3613232421876,1197.0989376687992,1174.32360219767,48.87017535864669,11.928380280411377,22.372817818705133,0.0015331330753332,0.0117766606306807,0.9741468753279862,0.9651161187024916,-0.2509466240794806,1
2022-12-13,1192.7886962890625,1196.4237590933476,1184.473147579326,1187.381293975718,8333348,1199.0343200683594,1157.084970703125,1196.688438489777,1175.0477235345877,50.89923649345543,10.213645519102556,21.62837451122774,0.0045540117700904,0.0117708490459882,0.9757638935628888,0.9678489892797276,-0.1209402013240305,0
2022-12-14,1188.4720458984375,1199.1275984061572,1186.4272326920325,1198.5368585654778,7268947,1199.560284423828,1159.245625,1195.905924909649,1175.5741675488562,49.22000836395202,8.409449358493475,20.99065959714895,-0.0036189564874773,0.0117222075137425,0.9867950788982964,0.9575851883748164,-0.1277278951989044,0
2022-12-15,1171.591064453125,1188.244637773301,1168.2513114103942,1182.564761948623,8688551,1199.0899780273437,1161.1436352539065,1193.5902239137895,1175.417967427455,43.21554830666083,5.553440178805886,20.935664946498544,-0.0142039364775728,0.012158770353042,0.973237690908558,0.946774248917555,0.1952970629721195,0
2022-12-16,1165.7974853515625,1189.9714223850988,1162.412300039899,1168.2513090093971,15837349,1198.3618041992188,1162.5286328125,1190.9432964316727,1175.0406936205577,41.35108796823884,2.790373227315968,21.408769046405773,-0.004945052311633,0.0122025943537098,0.9833275639205292,0.942490325626599,0.8227836839537455,1
2022-12-19,1181.110595703125,1183.246273075343,1166.2972711057284,1172.7951677670053,7729933,1199.4614379882812,1164.139011230469,1190.0068487432395,1175.2787289963444,47.765695539350645,1.815336718127128,21.12591323764682,0.0131353091287074,0.0118401784083086,0.9947188390945312,0.9690022489338196,-0.5119174932622877,1
2022-12-20,1191.3345947265625,1193.242990634255,1165.9792991040035,1174.1129983269077,7467588,1200.7507873535155,1165.8607153320313,1190.1333007416515,1175.9083707896862,51.5739930016166,1.8463212929329984,21.564325972832865,0.0086562588301488,0.0119230571349495,0.9987809227510088,0.974574361999859,-0.0339388452655411,0
2022-12-21,1174.3857421875,1196.423883640869,1170.568829692697,1190.9711686756098,8527550,1201.374444580078,1167.4847265625,1188.6335332603037,1175.8486598641102,45.63421980365335,0.4975110416685311,21.87080654249996,-0.0142267777785405,0.0123828032165657,0.9881475515056908,0.9750991410512164,0.1419416818389016,0
2022-12-22,1171.34130859375,1183.5417989966502,1166.3202002479725,1180.5200715713056,7451122,1201.3449157714845,1169.4831616210938,1186.986654720632,1175.6719009907629,44.63970487261852,-0.8077795677031645,21.53872027151265,-0.0025923625299462,0.0122539308444207,0.999786823349074,0.9730302193570552,-0.1262294562916663,0
2022-12-23,1136.9888916015625,1177.112082738486,1132.4676588679465,1164.7524600759673,10257115,1198.7230529785156,1170.6368725585935,1182.2249629950063,1174.1549202304018,35.29323479506056,-4.561601434049635,23.18912767144313,-0.0293274186952641,0.0133700182250156,0.9752885092719922,0.9590280739421124,0.3765866402402216,1
2022-12-26,1146.9173583984375,1155.0737739248264,1132.5357596211306,1142.6915558359974,5990242,1194.553973388672,1171.9205395507813,1178.8623339858093,1173.0867805507169,39.25206946654418,-6.658631454552733,23.14261957374689,0.0087322460845591,0.0106322599399163,0.971049927560482,0.9659216566457915,-0.4159915336817419,1
2022-12-27,1156.30078125,1158.1637450751375,1142.918811616,1149.6211545027727,5763271,1190.7484130859375,1173.5018408203125,1176.713614677637,1172.4285060683358,42.81311788119859,-7.477186696650733,22.578499136989077,0.0081814289258517,0.0108926223958711,0.9705928010219468,0.969409573420186,-0.0378901219683611,0
2022-12-28,1156.1871337890625,1158.6181211536698,1145.75874366298,1153.2562711921107,7459393,1186.5020874023437,1174.7350732421876,1174.758711735868,1171.7915895083645,42.78040834024856,-8.042360695786556,21.884276162253418,-9.828537935829829e-05,0.0106553138072346,0.9845037216097844,0.9728349419569486,0.294298498196597,0
2022-12-29,1155.66455078125,1158.209118855438,1147.5762834083114,1148.2578877514563,6930648,1182.4125366210938,1175.5716162109377,1172.9402202163806,1171.159156617105,42.619164640005785,-8.435197536806072,21.080601825458643,-0.0004519882573852,0.0106765103895195,0.986616404887726,0.9864060813067832,-0.0708831134115067,1
2022-12-30,1157.4366455078125,1170.97762738263,1154.6649160603042,1156.4824475075625,7289476,1178.4377136230469,1176.0560009765625,1171.4636892917551,1170.6210189265446,43.39824819140515,-8.50548439945419,20.740038218092018,0.0015333988789087,0.0107137097095074,1.017984128127626,0.9928282227841412,0.0517740909652315,1
2023-01-02,1170.4779052734375,1171.8865462707408,1157.8911210447166,1158.7090222381169,5316175,1176.0169311523437,1176.740322265625,1171.3698050995345,1170.6154066264228,48.89719139613712,-7.423295442738663,20.290742685580323,0.0112673638045244,0.0108344690168806,1.020542497419256,0.9909977181913624,-0.2707054663462778,0
2023-01-03,1161.91259765625,1169.1602486359825,1157.7095105638098,1165.547781216755,7658932,1172.991796875,1177.5168896484374,1170.4691186763646,1170.2741200001417,45.7532163280412,-7.174103045056427,19.753432115869423,-0.0073177866738001,0.0108340103273095,1.0048532496883582,0.9753033302310292,0.4406847028173453,0
2023-01-04,1144.4183349609375,1163.7301788455284,1142.350805656606,1161.8898109401732,9264891,1169.9939270019531,1177.868596191406,1167.9880916558477,1169.2601676456632,40.08422225970479,-8.292664395272595,19.869570763944623,-0.0150564360267726,0.0108520450293755,0.9898210259531636,0.9744824837785044,0.2096844573107581,0
2023-01-05,1142.3734130859375,1152.5292093307503,1137.806748253793,1146.6674842652508,13637099,1166.9222106933594,1178.5274682617187,1165.5485984587133,1168.205785113909,39.468617389687736,-9.237654498487473,19.501920072016954,-0.0017868657050743,0.0108431282557721,0.988499138710859,0.9752694664695212,0.4719114342521677,1
2023-01-06,1152.7564697265625,1157.777577935928,1144.3047436595773,1148.0989399434063,6349597,1165.2818481445313,1179.3067578125,1164.3303004842228,1167.599929608523,44.15807039436258,-9.04448092142934,19.20922327044364,0.0090890216120986,0.0107153011868066,0.9959564302725212,1.0138678383240751,-0.5343879955700256,1
2023-01-09,1179.9747314453125,1182.3376907366148,1155.687332011369,1156.57338165,10722753,1164.9115173339844,1179.9488208007813,1165.8202462900408,1168.085215955064,54.179340649064486,-6.618805749059902,19.950080251844263,0.023611458650244,0.0120782556596406,1.0081136313031525,1.0288228029725146,0.6887296941837411,0
2023-01-10,1162.52587890625,1184.155127696438,1156.891435377878,1184.155127696438,8047142,1163.3983764648438,1180.0287915039062,1165.5064970153942,1167.8672027374632,48.20676675326554,-6.034851263862947,20.472481113752533,-0.0147874798282248,0.0124427456327731,1.000527820467079,1.0053836317999547,-0.249526497532863,0
2023-01-11,1147.87158203125,1162.344044167369,1145.5767715508584,1159.8449086559888,11509553,1161.3683532714845,1179.9951635742189,1163.8269813026186,1167.0830607489845,43.83614733742388,-6.677567571599184,20.220811559583893,-0.0126055661563313,0.0126940271755271,1.0030174691935798,0.9928077804061348,0.4302659254677001,0
2023-01-12,1123.084228515625,1150.7569299071174,1120.0852177263123,1147.280880250268,17688773,1158.9430114746094,1179.3222021484376,1159.9467191324288,1165.3576163476762,37.62267319587188,-9.082361340198986,20.967304461099697,-0.0215941869314002,0.0131767812034841,0.9831148166183192,0.9718081494810928,0.5368774964588112,0
2023-01-13,1121.266845703125,1123.675117069892,1106.2717897707075,1117.0863548772086,20618583,1156.7164794921875,1178.5265576171876,1156.2629216629714,1163.628566518478,37.206265130253655,-11.007932735510169,20.71273466382004,-0.0016182070465916,0.0131590211748176,0.9726831947159604,0.9687500823953796,0.1656310474446136,0
2023-01-16,1110.5885009765625,1126.7421991055548,1102.8182596793808,1123.584175159578,13623855,1153.1903747558597,1177.1756372070313,1151.9129768356945,1161.548563948207,34.77109108984173,-13.242958533551018,20.942106432559605,-0.0095234642560632,0.0127694257450203,0.941196850559875,0.9488333747890064,-0.3392438752944371,1
2023-01-17,1126.3560791015625,1128.2644751675343,1113.5421334042796,1116.9046027544262,10751000,1149.941448974609,1176.0142016601562,1149.4789865753007,1160.1684665032406,40.920026852905465,-13.58531771539424,20.70881127244619,0.0141974980932499,0.0130916003730419,0.9688868863386356,0.96939828466753,-0.210869463892562,0
2023-01-18,1124.492919921875,1131.9450149571076,1117.9724269094495,1123.947732620178,13448286,1147.446807861328,1174.839130859375,1147.0993611797362,1158.769425460834,40.434976649473725,-13.84735749082597,20.22765247067561,-0.0016541475775349,0.0128087231520003,0.979633033454836,0.9825890459542992,0.2508869872569994,0
2023-01-19,1123.2889404296875,1127.423878776926,1116.2911675478767,1123.6751148013898,11940054,1145.044189453125,1173.92625,1144.831702060684,1157.378033890985,40.1041549692299,-13.990898613508762,19.57801381055944,-0.0010706865920251,0.0128101019233479,1.000182276546019,0.9832940153914328,-0.1121505000711614,0
2023-01-20,1109.9295654296875,1124.6291897175156,1107.4758620574123,1124.6291897175156,14930286,1143.6912231445312,1172.2072705078126,1141.507689048208,1155.5173096376009,36.53251201859831,-15.009624295228832,19.40482194266971,-0.0118930886962081,0.0113653477351354,0.9898888651556196,0.9628482637733244,0.2504370583248618,0
2023-01-23,1104.3177490234375,1120.6305800710877,1101.9094778576764,1112.8150268033935,10954118,1141.5612426757812,1170.4919262695312,1137.96578999823,1153.5094837311633,35.11767498427946,-16.08438761336879,19.35598481915125,-0.005056011283092,0.0111510123215851,0.9943536674946564,0.9358825401886316,-0.26631559502611,0
2023-01-24,1097.7972412109375,1110.3839043654414,1084.8014472016189,1108.7253859560433,16488755,1138.6360656738282,1168.7529516601562,1134.1402139232496,1151.3246899068408,33.49450823394076,-17.263295250932742,19.800732843770625,-0.0059045576495226,0.0109279002290357,0.9746449294139692,0.94432069094564,0.505256288091839,0
2023-01-25,1082.620361328125,1097.2292417944516,1081.4617181061994,1096.2068953996695,12385018,1134.9577270507812,1166.8463037109375,1129.2335612951424,1148.6304025115971,30.016840248682385,-19.200899399209675,19.55321786241116,-0.013824847898207,0.0111945375539856,0.96276316386531,0.9431545987159488,-0.2488809494713215,0
2023-01-27,1062.0816650390625,1084.8014072954272,1050.403647808396,1083.4610350495243,25830975,1130.278582763672,1164.4679931640626,1122.8381426040874,1145.2363343754191,26.07172781927233,-22.138566177765146,20.61354226416973,-0.0189712821065606,0.0117074925956043,0.94551065786581,0.9456830022827502,1.0856630971388173,1
2023-01-30,1072.26025390625,1077.781116815708,1045.564464693845,1059.5144571522903,21772103,1126.0197631835938,1162.3059790039065,1118.021200823341,1142.374527298197,30.917487978824965,-23.37589840315104,21.44233582543354,0.0095836216764113,0.0120465890327235,0.966061529761256,0.9562935513658716,-0.1571319704347203,0
2023-01-31,1069.579345703125,1084.9379802131518,1063.7403362487162,1082.3705756526113,22691594,1120.974835205078,1160.5152075195313,1113.4076908118918,1139.5198142944687,30.353156502651583,-24.29278785630231,21.424857835362264,-0.0025002402106749,0.0115256357421352,0.9685431087646358,0.9630743923267912,0.0422325303164328,0
2023-02-01,1063.2406005859375,1081.439113474972,1047.382090519888,1081.439113474972,19347800,1116.0412353515626,1158.4690673828125,1108.6298726951345,1136.5284725804086,29.005092958853936,-25.239962532862364,22.32715534391382,-0.0059263907279553,0.0115115044610138,0.9685218368859428,0.9439648973475874,-0.1473582684407274,0
2023-02-02,1057.3560791015625,1066.9210156997124,1050.1084290116537,1053.2891691648742,13662663,1111.6881225585937,1156.3779370117188,1103.7466542576512,1133.42367283614,27.771971756843243,-26.163836571281536,21.933257582781312,-0.0055345154061386,0.0112397317475929,0.9766637658693496,0.9402958972609832,-0.2938389377603655,1
2023-02-03,1058.28759765625,1067.375495661173,1041.9293331709027,1067.375495661173,24699575,1107.4838317871097,1154.1050512695313,1099.4172202956129,1130.4771600839877,28.291687706281223,-26.51519695518141,22.18417936188768,0.0008809885081277,0.0112817390654647,0.9964277065430058,0.9421330163291978,0.8078155773878051,0
2023-02-06,1050.3128662109375,1054.6523697762398,1047.7455820077842,1051.9259524136774,14837879,1102.3616516113282,1151.3227856445312,1094.7406151446914,1127.3334622850446,26.53160510187658,-27.12447273358725,21.352596239500404,-0.0075355049638433,0.0108912717556103,0.979531659766966,0.9462878536840572,-0.3992658173268163,0
2023-02-07,1047.791015625,1057.560517598404,1041.929290402716,1050.5628652677376,15135435,1095.7524658203124,1147.672626953125,1090.2692247142447,1124.2141506513174,25.98115169711778,-27.493888017158724,20.943927022085223,-0.0024010470280491,0.0086742323667587,0.9796290661691848,0.9488129811836992,0.0200538095775009,1
2023-02-08,1068.7159423828125,1072.3284093286718,1048.290888887822,1051.017186057536,21160332,1091.061968994141,1144.3987060546874,1088.21653115887,1122.0377503270624,37.5573878597658,-25.800770358169306,21.20060321362712,0.0199705155377105,0.0101530068662307,1.0051496733607217,0.9735094079886314,0.3980656651097243,1
2023-02-09,1070.5789794921875,1077.3040386110729,1060.559599329042,1069.3976200283605,13172763,1087.1973388671877,1140.9880126953126,1086.536764333472,1120.01975931393,38.47992561529774,-24.031609455840908,20.88230578994168,0.0017432481686585,0.0100302166683832,1.012505626677685,0.9888775583149336,-0.3774784346483788,0
2023-02-10,1061.763671875,1070.0563840638993,1054.7886158361223,1070.0563840638993,10790445,1084.1313110351562,1137.4741748046874,1084.1774221945698,1117.7352068653447,35.78581946732433,-23.07486565902468,20.518595637521937,-0.0082341497321093,0.0091644636372403,1.0032846215210764,0.9997005944321138,-0.1808518076276024,0
2023-02-13,1055.72021484375,1067.8298390073717,1051.267130813873,1063.3767549774948,10352493,1080.8539794921876,1133.8499169921874,1081.4672119706822,1115.3032463939096,34.026940210383515,-22.54441776761314,20.236032248663125,-0.0056919041320915,0.0091829179556471,1.005148321806549,0.9845746039711492,-0.0405870193490629,1
2023-02-14,1080.5985107421875,1082.325177803188,1055.8566674193971,1058.7193818882065,14321920,1079.3544799804688,1131.0840161132812,1081.3844785203494,1113.942276368352,45.83020446866634,-19.8873148434966,20.690955870861323,0.0235652358917077,0.0107811790612232,1.031311105581124,1.010302335290346,0.383427160974656,1
2023-02-15,1105.0675048828125,1107.4531801088635,1078.2809718116707,1079.6440602664363,33503591,1078.2900512695312,1128.737060546875,1083.640004840584,1113.594246114017,54.4601369055048,-15.62696042912762,21.296759615599285,0.0226439273211833,0.0115581641575033,1.0340142418189724,1.0393390774146742,1.339322590825811,0
2023-02-16,1104.2041015625,1119.5400175721072,1101.9321273600988,1113.0194047366483,17264487,1077.2756103515626,1126.7336279296876,1085.5984902426712,1113.2260051512123,54.13242669220705,-12.179866375853408,21.033268943914223,-0.0007813127401696,0.0115567769145345,1.0314083525965194,1.0443067604063376,-0.4846974164649992,1
2023-02-17,1108.8162841796875,1112.1334412904273,1095.3661670147735,1099.6375221146495,11809520,1076.5519775390626,1124.833798828125,1087.8097087128633,1113.0530749170348,55.66709628772605,-8.972426366066884,20.72855503903848,0.0041769294378286,0.0116108721046003,1.044315522889944,1.0477457041312224,-0.3159646156876831,0
2023-02-20,1097.093017578125,1113.155852121636,1095.1390690194628,1110.9974583087271,8836937,1075.9101501464845,1123.064384765625,1088.6938333666978,1112.4271903155088,50.99646062789549,-7.292414276859517,20.534857043548097,-0.0105727763641525,0.0115467677083943,1.0391891735638483,1.0445392538472364,-0.2517107384550769,1
2023-02-21,1106.0445556640625,1111.8152960708703,1096.161352929149,1101.4551746278107,13311592,1075.9964904785156,1121.437648925781,1090.346283109304,1112.176890917413,54.15919939676303,-5.178978242541234,20.18622033627476,0.0081593246356614,0.0116510955430443,1.0235481028975302,1.055596525614714,0.506358141967064,0
2023-02-22,1080.9617919921875,1104.181409716533,1079.2124090771258,1102.34116225432,11024335,1075.154718017578,1119.2011108398438,1089.4525220505311,1110.9527693909336,45.33063512288875,-5.465036819192847,20.660929354179185,-0.0226778962415447,0.0126685289863788,0.9781862078252122,1.0114584700421625,-0.1718244519513518,0
2023-02-23,1075.7816162109375,1088.1639533747034,1072.987170955967,1080.552846029714,9851910,1074.8127807617188,1116.9473022460938,1088.1505310181888,1109.573508481914,43.74465888616089,-6.040110560439189,20.269204573076127,-0.0047921913795889,0.0123324153405437,0.9742597538703728,1.0048596477405318,-0.1063488183187466,1
2023-02-24,1083.14306640625,1088.8003468562931,1076.009116649248,1077.8266482510571,9434053,1075.8658508300782,1115.1783422851563,1087.6736296265756,1108.5370205573784,46.60369500140608,-5.834595549419873,19.75131357823895,0.0068428852885966,0.0115983551139919,0.9768462836091636,1.0201357374504023,-0.0424138060538514,0
2023-02-27,1075.940673828125,1085.846592046861,1068.6022799971277,1082.370422196558,11199715,1076.049871826172,1113.3812060546877,1086.5562052648183,1107.2587324503488,44.23494376888858,-6.181638233065314,19.572242040488543,-0.0066495302435177,0.0115372791494937,0.9807196441768496,1.0191532365299718,0.187158371910779,0
2023-02-28,1055.3565673828125,1075.5544571553608,1051.3124942776465,1070.601498241021,21994038,1075.3387329101563,1110.866125488281,1083.5848111808175,1105.2233534280924,38.25106786083221,-8.025128733176189,19.933380434059256,-0.0191312652695576,0.012317690699255,0.954171838718724,0.976640775358798,0.9638033646391896,1
2023-03-01,1065.0579833984375,1065.7850199744744,1055.6746563210354,1065.1034156724895,11551145,1075.429602050781,1108.3405932617188,1081.8203513920196,1103.64824087791,42.21836490850068,-8.604102306282584,19.25445701674516,0.0091925481069243,0.012436780169819,0.9852873536219632,0.963794500057607,-0.4748056268703364,0
2023-03-02,1056.947021484375,1068.5796069332716,1054.9249246750653,1061.9226969308686,9333535,1075.409149169922,1105.9918188476563,1079.4514628293869,1101.816820509536,39.909676149353714,-9.606689932985772,18.854473105420954,-0.0076155120570822,0.0124954845757131,0.98249217643921,0.9572025859972318,-0.1919818338355202,1
2023-03-03,1083.915283203125,1087.5731818872284,1063.99010787448,1067.443441152776,14643807,1076.6905334472656,1104.2432983398437,1079.8765885792668,1101.1147994386963,49.7491649857542,-8.131400786223821,19.695307912380414,0.0255152445397648,0.0137339829613103,1.000712940719306,0.9775427171012514,0.5689454210007248,1
2023-03-06,1094.5028076171875,1101.727741256493,1090.5495987349282,1090.5495987349282,10171916,1078.9000305175782,1103.3935766601562,1081.2695618209734,1100.8555056417745,53.00278106683727,-6.0382930879382,19.560818636736663,0.0097678523203168,0.0136939562536977,1.0172520049112184,0.9976390242947172,-0.3053776248211958,1
2023-03-08,1098.43359375,1099.1833465971572,1083.733846641011,1094.5029801942796,15782657,1081.432159423828,1102.4239013671877,1082.9042315284998,1100.7605287048425,54.18872744424391,-4.016014452328363,19.26715301669449,0.0035913897209365,0.0136546047317012,1.0408175091703975,0.9931187564957608,0.5515913619420372,0
2023-03-09,1072.032958984375,1098.2288726400263,1070.147279158801,1097.819982158377,16235128,1081.5980102539063,1100.738544921875,1081.8688722385832,1099.6339573432554,45.82475354976513,-4.491875109979446,19.911378843444812,-0.024034802755344,0.0142168702158291,1.0065489162981356,0.991739918030445,0.0286688736883782,0
2023-03-10,1055.4248046875,1065.1034417835135,1051.9486346812796,1063.967514713159,13334091,1080.840301513672,1098.7232983398435,1079.3503896146706,1097.9002650822454,41.48661513955235,-6.138377961052356,19.923732090562712,-0.0154922049342673,0.014637789021934,0.998559798394874,0.9810771896296786,-0.1786888899182069,0
2023-03-13,1038.0670166015625,1065.1035499544928,1033.7502288751575,1058.2876262665352,12771592,1079.65546875,1096.37134765625,1075.4186398038985,1095.5538631810423,37.49179530201122,-8.743086902952882,20.740131304046464,-0.0164462574774115,0.0149741970781094,0.9577012453721712,0.9583840295869273,-0.0421850278357932,0
2023-03-14,1034.1817626953125,1047.359164622662,1031.0464552108242,1036.0220100653578,16027522,1078.578546142578,1093.90625,1071.4913181745092,1093.1471141423865,36.641304101219575,-10.994111748496609,20.423886883174426,-0.0037427775318106,0.0149485217859706,0.9448872634203668,0.9611884631294428,0.2549353283443443,0
2023-03-15,1016.5057373046876,1044.3374508988734,1012.120801922126,1037.8851067638673,21728555,1075.3739074707032,1090.826806640625,1066.254596186907,1090.1415699526726,32.97621689323775,-14.04249948772167,21.266227032715346,-0.0170917976203304,0.0141880754558259,0.9254139195018476,0.963187010647528,0.3557027093770328,0
2023-03-16,1011.4393310546876,1024.207844384365,1000.6701985245504,1019.2095726723304,18363159,1070.6924987792968,1087.8173413085938,1061.0340947457432,1087.0552076429478,31.988555457590067,-16.674966739391266,21.428471234651003,-0.0049841393551145,0.0128457845580923,0.9434778311414111,0.9496565884867028,-0.1548835622065065,0
2023-03-17,1010.1671142578124,1023.2763697645564,1005.4413760837782,1020.0047649704466,34014213,1065.9906494140623,1085.1323168945312,1056.1896204135594,1084.0399882945112,31.731548823378176,-18.64890035068493,21.17179426651723,-0.0012578280850009,0.0128392802287176,0.9571189816378364,0.955740537344185,0.8523072745816773,0
2023-03-20,1000.2384643554688,1008.758398079038,990.5825434751304,1006.4864237654998,19524589,1060.5617584228517,1082.289617919922,1050.8609388842174,1080.753654022392,29.724413063215597,-20.774935504441828,21.058421160529004,-0.0098287201812528,0.0127305167807973,0.9635586608175478,0.9228013294541072,-0.4259873365289974,1
2023-03-21,1031.341796875,1033.2957451749278,1007.3951430408976,1008.2811925498517,21400360,1057.2741973876953,1079.8613244628907,1049.0019729785777,1078.815934134259,42.08356588347016,-19.722703637542963,21.91548256473829,0.031095917251666,0.014990352415845,0.9972539006944864,0.9422925091624994,0.0960722399841553,1
2023-03-22,1034.477294921875,1041.2250703817986,1031.4782836063534,1038.2942074878824,10920094,1053.695834350586,1076.951375732422,1047.6186703065107,1077.0771639690672,43.16863303864016,-18.423420095491792,21.05603906059974,0.0030402123295842,0.0148330377048599,1.0176797404654496,0.9417749974217547,-0.489723817730169,0
2023-03-23,1021.3906860351562,1031.4327819622354,1019.232292255806,1030.5694484887376,16249370,1050.7172790527345,1074.128671875,1045.1207670425722,1074.8933805206784,39.81577441135275,-18.239455407122023,20.64096503241897,-0.0126504554048303,0.0143011908259037,1.0098388056257332,0.9527605261342,0.4880247367834014,0
2023-03-24,1001.1699829101562,1022.3902814688944,998.7617116838696,1020.231887763167,12375945,1046.9866973876954,1071.1946398925782,1040.93497807758,1072.0022668888932,35.258877158944955,-19.50051402982808,20.85436537189081,-0.0197972268608527,0.0147997688132861,0.9910934228399758,0.9485943275765552,-0.238373856955685,1
2023-03-27,1016.7329711914062,1024.207782359069,999.7613722312702,1007.6224178329716,14054323,1043.666192626953,1069.0676147460938,1038.6300250408017,1069.834843528207,40.86827258729905,-19.02480289948562,21.110939997312805,0.0155448011295866,0.0152406856006537,1.0164905744217367,0.9794482966234686,0.1356161489082248,1
2023-03-28,1021.4814453125,1025.3437895017669,1016.48305390752,1020.1182367301236,12576424,1040.9432312011718,1067.0719067382813,1036.9968269714395,1067.9386318334737,42.50512942876832,-18.05649222189959,20.23592539709381,0.0046703256957718,0.0153099597812906,0.9904392980170326,0.9877194533485946,-0.1051561857515299,0
2023-03-29,1015.4380493164062,1020.0274303318192,1004.7142894261992,1017.3918775634876,18804065,1038.9473052978517,1065.168897705078,1034.9436100519124,1065.879785460255,40.95141670324351,-17.574166531491983,19.98815614632288,-0.0059163052092883,0.0148313086029791,0.9815952987088936,0.9989496488321724,0.4951837660689557,1
2023-03-31,1059.2191162109375,1064.8536804760474,1024.5260415402947,1024.6623383806666,28171201,1038.6553619384763,1063.8261584472657,1037.2555630194386,1065.618582744596,54.054237812268575,-13.503493870423426,22.09011864727418,0.04311544847468,0.0177999135647278,1.0370362004402292,1.0472393980432095,0.4981442044579192,1
2023-04-03,1059.4007568359375,1067.3754434349298,1051.9259454677697,1065.5579119993613,10293043,1038.7780487060547,1062.5243151855468,1039.3646290972003,1065.3747464344524,54.09974518426272,-10.145844597558836,21.615788598694603,0.0001714854105445,0.017712414486313,1.0581627245320706,1.0487381165781644,-0.6346253395444518,0
2023-04-05,1056.856201171875,1066.9210129823457,1048.995215362799,1066.9210129823457,16262928,1037.4250946044922,1061.1956604003906,1041.0304931043122,1065.04068583592,53.30326719761069,-7.602570039626471,21.35221781446976,-0.0024018820523238,0.0166880807193763,1.03946289843778,1.0566042387231025,0.5799922335892311,1
2023-04-06,1063.9447021484375,1069.6474143387793,1053.3572991214214,1053.3572991214214,18435046,1035.8971893310547,1060.2759631347656,1043.212798727562,1064.9977060834697,55.278516382757154,-4.957872572578935,20.990639057533198,0.0067071574815027,0.016596644887299,1.0415702674099447,1.0316121244889187,0.1335625417513992,0
2023-04-10,1056.4017333984375,1068.0116029231133,1054.902227914822,1067.829873819937,12961408,1033.7955963134766,1059.3176428222655,1044.468887743836,1064.6606091154292,52.72283483346496,-3.431034485033706,20.42769162544448,-0.0070896248035902,0.0166033064493896,1.0403408992893344,1.0211937357969934,-0.2969148002125951,1
2023-04-11,1061.6273193359375,1063.7402807994256,1056.0383079017138,1060.559540630498,10542367,1033.2753143310547,1058.5942443847655,1046.103024085941,1064.541656575057,54.29918140860619,-1.7788378517998351,19.51871171632072,0.004946589703795,0.0158080364512386,1.0022735646365737,1.0393939692723968,-0.1866341218484905,1
2023-04-12,1066.3077392578125,1075.9181086673711,1058.7647789480902,1061.6273731304518,18179087,1033.8194610595704,1058.2679919433594,1048.0272826737382,1064.6109147194788,55.72318524319834,-0.0907433123156806,19.3497558593893,0.004408722191515,0.0154278517163451,1.0065197068977974,1.0650616353461944,0.7243838124777862,1
2023-04-13,1070.3289794921875,1075.0092249147228,1064.194660902681,1069.1929322468409,12378208,1035.4325592041016,1058.432938232422,1050.1512537993049,1064.8351525537028,56.96392227917037,1.5536546881685354,18.740099298864475,0.0037711817014232,0.0149039023433584,1.0127479767875454,1.0527139473385796,-0.3190962780474069,1
2023-04-17,1075.7589111328125,1101.8866740573628,1067.3980510351955,1101.8866740573628,17929479,1037.5114166259766,1058.502911376953,1052.590078307258,1065.2635352430796,58.6489570598145,3.257452173404772,19.864993850528965,0.0050731426922601,0.0148667844820302,1.0111041569740593,1.0531360271587775,0.4484712972992537,0
2023-04-18,1063.4449462890625,1080.0985197030036,1056.9243329412964,1080.0985197030036,10405576,1039.8583770751952,1058.3802233886718,1053.623875257906,1065.1922180291965,53.53021328700476,3.572903695118157,20.101364772755986,-0.0114467700116775,0.0145335689610266,1.0066671727884875,1.0472770318238267,-0.4196386855412809,1
2023-04-19,1068.7386474609375,1071.4195123263064,1059.741614492453,1062.8542061722762,12273475,1042.7233428955078,1058.490184326172,1055.0633773724803,1065.3312936931864,55.33496303885992,4.201625024187251,19.49968856283437,0.0049778798520296,0.0144390745266718,1.0066985165090214,1.0089873106558476,0.179509428406462,0
2023-04-20,1066.034912109375,1071.9193532094926,1059.6961482625013,1069.692811176778,7007330,1045.5167327880858,1058.663760986328,1056.108285442661,1065.358886572253,54.17763677254288,4.430648601262647,18.97993973313129,-0.0025298377278542,0.0144609367534889,0.9997441384523502,1.0062621772078504,-0.4290671549825946,1
2023-04-21,1067.37548828125,1072.8282030082607,1061.6500596936005,1068.1252410633845,7647317,1048.873583984375,1058.8455187988282,1057.1813523796695,1065.4379689922134,54.68372056767261,4.66653185511791,18.42266856038336,0.0012575349612353,0.014161024086588,0.9972405762456896,1.0099533759632682,0.0913310776001701,1
2023-04-24,1071.465087890625,1081.8706418346944,1066.9210188410907,1079.1897769115358,12936186,1050.8797485351563,1059.268563232422,1058.5417081426176,1065.674326596073,56.27041846951665,5.124396688315301,18.174593877041957,0.0038314535552623,0.0125724109374177,0.996008563630985,1.0070683990690508,0.6915979813573832,1
2023-04-25,1079.666748046875,1081.7342770992536,1068.0569991057368,1075.1000833366595,9236126,1053.1392211914062,1059.9060778808594,1060.553616704928,1066.223049005908,59.34482634805667,6.078988502420543,17.853357028218728,0.0076546219274362,0.0126349948031049,1.0152540117985602,1.0220228857194262,-0.2860240259377841,0
2023-04-26,1073.328125,1084.2336751201349,1069.6702254865136,1081.0073822687018,8617834,1055.7360931396483,1059.9983215332031,1061.770236542554,1066.501679437049,56.06425093382924,6.251966706286112,17.61836364289034,-0.0058709069797153,0.0123017371144549,1.004294293604864,1.0110215755104923,-0.0669427853192994,1
2023-04-27,1080.121337890625,1083.2793621459462,1074.191463763707,1079.1898559504257,9167125,1059.683660888672,1060.189168701172,1063.5179604804655,1067.0357836901303,58.699304856894656,6.858152176871272,17.07071175025147,0.0063291110447936,0.0111352276468377,1.013213850335705,1.012954607871858,0.063738869883082,1
2023-04-28,1099.8646240234375,1101.409681900637,1082.2568535921685,1082.3704342762564,15565210,1063.8402435302737,1060.9511877441407,1066.979547484558,1068.3231891933976,65.22678064911672,8.829891229356008,17.37197119737722,0.0182787668757375,0.0113017558106559,1.0304383378659965,1.027594921839137,0.6979380121902996,1
2023-05-02,1109.2025146484375,1111.3609082117491,1103.3180737047812,1106.9986888116582,12981805,1068.2262969970702,1062.0208337402344,1071.0007824525464,1069.926299995556,67.81750741898497,11.018978443076549,16.952279268158247,0.0084900363381457,0.011345922592399,1.0352203979245889,1.0310883815783665,-0.1659730257413809,0
2023-05-03,1099.6829833984375,1110.9974233118685,1096.4795270846323,1110.9974233118685,7061872,1072.438543701172,1062.4025231933597,1073.7324206378694,1071.0932287564535,62.689780086648646,11.849110052765582,16.77839476523524,-0.0085823202925366,0.0114856829865777,1.01853927185196,1.0340760819220864,-0.4560177109423535,1
2023-05-04,1112.3604736328125,1114.564299341236,1097.1836913545592,1100.159985858142,8635233,1075.0956115722656,1062.548382568359,1077.411282827864,1072.711552084938,66.33985279067736,13.375775235147104,16.821409995338207,0.0115283135465065,0.007206414735324,1.0363657186685689,1.0408161773465476,0.2227965899127031,0
2023-05-05,1109.5206298828125,1118.4267984938415,1106.9079133744922,1109.1798878043744,8746585,1077.601605224609,1062.6547131347656,1080.4693158807163,1074.1550453319137,64.81030305723988,14.192909705843022,16.442658218481856,-0.002552988727409,0.0072776531605526,1.0272185086627412,1.040792020298277,0.0128950776429541,1
2023-05-08,1123.220703125,1128.5598368262858,1110.6112034431017,1113.269352129285,9153782,1080.9198303222656,1062.9428015136718,1084.540876570648,1076.0791887747798,68.5745935392075,15.764255550285498,16.62812598455268,0.0123477408830465,0.0075153932214868,1.0212354126057106,1.0523201211353237,0.0465549697396183,1
2023-05-09,1126.69677734375,1129.9912183396398,1119.290114376559,1124.6292481933926,6464721,1084.0574340820312,1063.5348767089845,1088.5557242633245,1078.064192248073,69.4670503326625,17.09301100084258,16.204767268733264,0.0030947383796247,0.0074667955494663,1.015771928447942,1.0515478199685055,-0.2937650252103447,1
2023-05-10,1134.4442138671875,1135.9210031175069,1127.4464419348942,1131.4452030936898,10872255,1087.959558105469,1064.102869873047,1092.9260566065495,1080.275173488038,71.41550577092342,18.55729569473442,15.706157161949236,0.0068762391791894,0.0071292158905194,1.0316102285781714,1.0507355310510444,0.6817825548851992,0
2023-05-11,1127.03759765625,1140.3058651251242,1125.3335267806174,1135.51203899488,10557860,1091.2300720214844,1065.024385986328,1096.1747748017592,1082.108994043654,67.0127399209822,18.90220696007645,15.653741532131924,-0.0065288500927597,0.007468356765304,1.013194575294018,1.0500401241756805,-0.0289171841536093,1
2023-05-12,1128.8778076171875,1130.2637323324757,1116.2228762779578,1122.2663301444138,6955341,1094.358575439453,1066.0863098144532,1099.2893493556096,1083.9430651641849,67.54805081218488,19.103824193794708,15.538535426588066,0.0016327848909072,0.0074669919102037,1.017446433363226,1.045139807923598,-0.3412167806733561,1
2023-05-15,1131.1043701171875,1138.056589765274,1123.7885720856236,1131.3998000896129,6833343,1097.3973449707032,1067.0455358886718,1102.319351332903,1085.7925281035182,68.22004468567823,19.22169653709193,15.447784158949668,0.0019723680321963,0.0074665462077091,1.0070188049154132,1.0284032647395016,-0.0175401896183091,0
2023-05-16,1114.9962158203125,1135.8074445597897,1113.3375770795326,1133.2628763872494,8717229,1099.3592102050782,1067.8266467285157,1103.5266717602751,1086.9377707590788,58.74293810327035,17.8100150212681,15.949361539043055,-0.0142410857233326,0.0083524151948933,0.989615163761254,1.005223303315095,0.2756902441455082,0
2023-05-17,1108.4073486328125,1120.0852459817609,1103.7271032383842,1119.1764803056624,8798967,1101.6073303222656,1068.8876623535157,1103.991498129088,1087.779714989421,55.35547919345446,15.975425966605144,15.97856019649546,-0.0059093179815435,0.007972420063947,0.977048791896414,1.0079335275402856,0.0093766035055404,0
2023-05-18,1106.02197265625,1116.4503639599598,1102.8865442699205,1113.0650580248443,10525531,1103.4714965820312,1069.7069421386718,1104.1848766554845,1088.4950976430223,54.13830209204012,14.16572733058706,15.80607873174859,-0.002152075209087,0.0079964677030673,0.9813532174581368,0.9943017563759148,0.1962234885072304,1
2023-05-19,1109.6114501953125,1111.4291017814717,1099.1149119209986,1106.0218196807168,8050447,1105.650323486328,1070.7602307128907,1104.7016931830872,1089.3231898999752,55.7162639265657,12.872779572371655,15.556658098086055,0.0032453944205483,0.0079379849455269,0.9829331772740382,1.0000818554518536,-0.2351505116463957,1
2023-05-22,1115.5413818359375,1120.5397737195674,1105.2494084549478,1106.4534840047638,7434906,1108.0586181640624,1071.3927526855468,1105.7340444833585,1090.3513542896208,58.270675373226446,12.18613095168439,15.53763718140988,0.0053441514501144,0.0079694511054292,0.9862408910332142,0.9931631234469795,-0.0764604748034487,0
2023-05-23,1115.3369140625,1121.4485168171575,1113.9282731003457,1118.1087637100431,6092034,1110.2522094726562,1071.8094348144532,1106.6486034908958,1091.3311801630668,58.14613009197027,11.492974278886775,14.964966219652876,-0.0001832901735129,0.0079777975551031,1.000305559998638,0.9899175505693452,-0.1806172129143259,0
2023-05-24,1108.8389892578125,1119.630957590089,1105.749113749558,1111.4063935962215,8112254,1111.7108215332032,1072.0175427246097,1106.8572116591736,1092.0177609118805,54.18269010731246,10.300575769866327,14.887600335429886,-0.0058259748446947,0.0080475143715371,1.0003894241819422,0.9774292783229156,0.3316166653042316,0
2023-05-25,1108.7027587890625,1112.8151011277312,1097.84276158454,1105.9537453747698,11487863,1113.4795532226562,1072.750938720703,1107.0329780524964,1092.672074554123,54.09943163721755,9.238107547116895,14.893653135984255,-0.0001228586567298,0.0078763294707232,1.0024238091096638,0.9837318303264097,0.4161123406638896,1
2023-05-26,1138.94287109375,1140.0787982471202,1113.6102893364032,1116.904610291511,12626260,1116.4206298828126,1074.421300048828,1110.0720154849969,1094.4866155948926,66.43062173215577,10.712728496081809,16.070966444703785,0.0272752205809572,0.0097100869756642,1.0264339565829774,1.008915990206068,0.0990956281425012,1
2023-05-29,1145.3497314453125,1149.6210865747194,1139.2608448772517,1145.5314605509366,10010304,1118.6948852539062,1076.5669543457032,1113.4317979574078,1096.481247589027,68.36945366684644,12.257064498431646,15.685769947294183,0.0056252692862548,0.0090299711686561,1.0267209716239454,1.012594205896887,-0.2071837582942217,0
2023-05-30,1145.0543212890625,1153.1198717474913,1142.50963326853,1145.3496310598186,11342504,1120.4874755859375,1078.784405517578,1116.4434668461367,1098.386074008636,68.17393865891222,13.303767228566812,15.323231985270406,-0.0002579213563679,0.0089135764038938,1.0266443321761134,1.026958033616855,0.1330828714092997,0
2023-05-31,1122.3118896484375,1140.4650896335454,1118.2678159183406,1135.9892890678166,27107927,1121.6189208984374,1080.9005285644532,1117.0023642558797,1099.324341288628,55.10828735135584,12.158012516132205,16.14203722708837,-0.0198614434422834,0.0098963003561627,1.012150456938426,1.0125446128021218,1.38994202691046,0
2023-06-01,1119.2900390625,1129.1278089205923,1116.904484137778,1126.9694153626442,14592692,1121.965399169922,1083.0575427246094,1117.2202380469864,1100.10730982878,53.63732828376227,10.880729289948931,15.862129195354516,-0.0026925230088082,0.009611763667215,1.0095492504095516,1.0119962050793485,-0.4616817434988666,0
2023-06-02,1115.6322021484375,1128.1962696801756,1113.7238061790024,1122.8117036497752,15800644,1122.270977783203,1085.1668444824218,1117.0689965328388,1100.7161291354332,51.83376067325904,9.464218640507625,15.762867360055854,-0.0032679973790584,0.0096244675412563,0.9795330656726208,1.0054260002022015,0.0827778726502279,1
2023-06-05,1125.6517333984375,1128.6053121788443,1117.1090229973545,1121.085068396339,10908682,1122.392529296875,1087.6751098632812,1117.8864000438482,1101.6939959692766,56.18028930946203,9.045841352307209,15.563598979366636,0.0089810344580452,0.0094304865551004,0.9828017613257584,1.0090631793021076,-0.3096052287489041,1
2023-06-06,1126.6058349609375,1130.40003073524,1118.7221336360576,1128.4689187387337,7493309,1122.3879821777343,1089.580390625,1118.7168224169045,1102.6709308316947,56.582080766738486,8.691077033462534,15.286048845067768,0.0008475992477881,0.0094069151595262,0.9838885492285148,1.0101036025584338,-0.313087593899978,1
2023-06-07,1135.148681640625,1135.9892989888378,1123.5388113588674,1130.0821412207565,10312545,1122.4232055664063,1091.593818359375,1120.281761390592,1103.9445681183192,60.10902454967204,8.99556481470222,15.083508758275102,0.0075828177119139,0.0094352336083062,1.011437811637377,1.023727243213573,0.3762337840331955,1
2023-06-08,1135.830078125,1143.6457515710592,1131.899585359948,1138.7155083681228,12071109,1122.8628295898438,1093.882606201172,1121.7625534605356,1105.194980275444,60.38544253642982,9.185966473233748,14.84512714776339,0.0006002706917564,0.0093064749644485,1.0147772592315336,1.024467621389854,0.1705266740654223,0
2023-06-09,1127.7874755859375,1139.8743850627466,1125.9925399615922,1139.170064535181,5877018,1122.8083129882812,1096.4149560546875,1122.3363555677167,1106.0809604836986,55.49728925942029,8.58888305189339,14.776321287291315,-0.0070808148982451,0.0094500396952466,1.0108954128556813,0.9902054828289152,-0.5131335488727672,1
2023-06-12,1128.787109375,1131.0818000837537,1120.085385478967,1124.8566162073034,6391969,1122.692449951172,1098.656038818359,1122.9507130731722,1106.9713976951225,55.97432138267256,8.102946507783827,14.506327952826696,0.0008863671664229,0.0094411892537794,1.002785387241484,0.9855392448126632,0.0876211371140942,1
2023-06-13,1145.4632568359375,1146.6447363478687,1129.741165943139,1133.7172110839526,11248016,1124.215802001953,1101.135675048828,1125.0947648601025,1108.480882367311,63.08352382943799,8.960176687968897,14.74570645425827,0.0147735098340828,0.0093764636629085,1.0167382604366273,1.000357132006117,0.7597106619259262,1
2023-06-14,1159.549560546875,1160.9809175855808,1143.7138887627082,1145.5314201372407,13277380,1126.7729125976562,1104.0179052734377,1128.3761739731283,1110.4835756292548,67.8117495298061,10.653379242684878,14.925800909159292,0.0122974732073444,0.0095132826989904,1.021495755843176,1.0331794318868903,0.1804197291326754,1
2023-06-15,1159.86767578125,1164.4116242878065,1152.120151030348,1159.5268135380984,11813494,1129.4651977539063,1106.0308764648437,1131.3753646215207,1112.4202070077645,67.91170273740983,11.883933123421912,14.737634648323516,0.0002743438014196,0.0094688766984938,1.021163022637973,1.0362530133411507,-0.1102541314626831,1
2023-06-16,1171.1595458984375,1173.431520437393,1163.3438717544047,1163.3438717544047,24171579,1132.5426025390625,1108.2660522460938,1135.1643342669413,1114.7237104936733,71.31654442805457,13.61338881570191,14.6537925060249,0.0097354813423709,0.0096087554772627,1.038457662681496,1.0497720876495569,1.0460990626481887,0
2023-06-19,1159.52685546875,1174.1584519189826,1155.3692013285906,1174.1584519189826,6798554,1134.741876220703,1110.3194653320313,1137.4845743813994,1116.4806965711273,63.805391419112894,13.885273226194386,14.949182369193975,-0.009932626575454,0.0099909959654496,1.027232545303224,1.030093785728949,-0.718737696035497,1
2023-06-20,1161.9351806640625,1165.070488566,1151.893084884151,1157.5957972211602,6921096,1137.0717895507812,1112.2792749023438,1139.813203551177,1118.2632253590857,64.63581488779833,14.132168455395004,14.822626748669334,0.0020769895789425,0.0099779809036468,1.0143801415975793,1.0313591005893823,0.0180247152556263,1
2023-06-21,1165.2069091796875,1167.728761153971,1157.800246036839,1161.889751966922,6961603,1139.890185546875,1114.4553784179689,1142.231651706273,1120.104154136364,65.78430665989345,14.425547123902334,14.473047346416656,0.0028157582024113,0.0098024522764737,1.004878919215962,1.026479551115383,0.0058526857595964,0
2023-06-22,1152.1202392578125,1169.296404389101,1150.52986917785,1161.4354185434336,7619166,1142.0610595703124,1116.2652368164063,1143.1734219492769,1121.3596868862248,57.71087024823232,13.44705762968988,14.77972505104768,-0.0112311983552243,0.0102643675174392,0.9933204134530096,1.0143420758496764,0.094455687863844,0
2023-06-23,1142.691650390625,1151.1660925456156,1141.4420223330224,1149.1212794125972,6628570,1142.2484985351562,1117.7929150390626,1143.127538943691,1122.1962344746323,52.69329686587254,11.77505384134679,14.48676018488643,-0.0081836847803848,0.0085895677785021,0.9756925556321416,1.0132154108174891,-0.1300137049120598,0
2023-06-26,1133.9671630859375,1142.9869124040958,1130.8545713330911,1139.1700001634836,12641159,1141.6793701171875,1119.0656787109374,1142.2551221953336,1122.657839518213,48.49199345198578,9.63492021829552,14.318587391037736,-0.0076350319893429,0.0086601939928842,0.9779567913737712,1.0045890439994531,0.9070718118689248,1
2023-06-27,1134.3760986328125,1140.3058517527372,1129.9230146151945,1134.4215309070005,9689466,1141.145458984375,1120.2380224609376,1141.5047389989031,1123.1173790913344,48.698464267361736,7.880999329692258,14.037462372930952,0.000360623799513,0.0086620713646499,0.9762817388698916,0.9903208085139714,-0.2334986056262721,1
2023-06-28,1149.3939208984375,1153.1881169201986,1135.0122016455275,1141.896393407388,11354006,1142.499560546875,1121.957001953125,1142.2560896560017,1124.147831711221,55.71855178957133,7.615035744942133,14.378502081106316,0.0132388387623161,0.0078815188642572,0.9864290297657242,0.991241737314231,0.1717886207557775,1
2023-06-30,1158.822509765625,1161.7306560822208,1151.1886857801614,1157.0731268247234,11151555,1144.4761840820313,1123.7586791992187,1143.8338439521565,1125.507623007472,59.46853152843776,8.072016826125264,14.232661588440385,0.0082030961672543,0.0079727069350443,1.005817335968449,0.9990988920223844,-0.0178307991029773,1
2023-07-03,1188.5628662109375,1191.425580555085,1161.1400387375704,1162.3669506539804,12154387,1148.1227172851563,1126.20923828125,1148.093750833945,1127.9803776429023,68.52335026172864,10.710511727804942,15.544833674227494,0.0256642895652134,0.0094912264319023,1.0401431268047086,1.014859905615293,0.0899275482208534,0
2023-07-04,1176.3167724609375,1192.788615416969,1169.2735683249591,1192.788615416969,8061643,1150.6559692382812,1128.3880639648437,1150.7816576555635,1129.875922537727,62.34690735147109,11.678755106866902,16.114134632640518,-0.0103032781000804,0.0098473579454842,1.0373464159753545,1.014479972510339,-0.3367297750186825,0
2023-07-05,1174.3857421875,1185.5184537103505,1170.4325328520283,1185.5184537103505,10248062,1153.044964599609,1130.4464770507811,1153.029665706224,1131.621405661248,61.40698110691543,12.15021681956864,16.04069079161778,-0.0016415903595403,0.0098816799446705,1.035270175035342,1.0107153666836406,0.271212580363581,1
2023-07-06,1199.0367431640625,1201.626743759331,1170.5461356600115,1170.5461356600115,19117987,1156.2393676757813,1132.833876953125,1157.41129213078,1134.2651443868483,68.03247216657213,14.347593261330758,17.114970599310762,0.0209905485829942,0.0106929267496524,1.0431904339870015,1.029033327658683,0.8655221836089595,0
2023-07-07,1196.696533203125,1210.9418359205672,1194.1518448825288,1197.332705283274,13375267,1159.2826904296876,1135.3012451171876,1161.1527436614797,1136.7134341443495,66.85899641043929,15.718995738632657,17.091757773505588,-0.0019517416578594,0.0107356426483722,1.0326831961912444,1.0386906612924605,-0.3003830894957717,1
2023-07-10,1242.794921875,1252.3145466417045,1215.5085119378623,1221.8245601360636,33240016,1165.0330627441406,1138.554716796875,1168.9281892056244,1140.873492486728,75.73703974897838,20.29168685292302,19.843633178153727,0.0385213689459651,0.0131314913215707,1.0456282601499665,1.0876030479877534,1.4851852303210098,1
2023-07-11,1256.2677001953125,1258.6759714064597,1243.9536302912918,1250.9058502676546,20069348,1171.4070922851563,1141.6827783203123,1177.246237871309,1145.3987555341237,77.62370914830348,24.71778685858385,19.56059148910415,0.0108407091815165,0.0131580641612603,1.0679671748343025,1.1078519211936884,-0.3962292918270557,1
2023-07-12,1257.6536865234375,1273.2167658916628,1254.8818367760516,1256.994798295393,18733835,1177.0166137695312,1144.6518017578126,1184.9040901238927,1149.800909690567,77.81482702142559,28.014407859466928,19.4730441767118,0.001103257154434,0.0130021520787799,1.070903401961298,1.108674352394416,-0.0665449121715364,0
2023-07-13,1246.4072265625,1271.8533855353082,1243.7945103332902,1264.9920307015198,14682934,1181.3594970703125,1147.5862866210937,1190.7615316894744,1153.589392705153,72.41032966803908,29.38082456858024,20.08631782137653,-0.0089424140218015,0.0132198851102802,1.039507115748125,1.084403879209863,-0.2162344762831529,0
2023-07-14,1245.3624267578125,1254.5411899868595,1238.273788876465,1249.588229926287,15124144,1185.634234619141,1150.2463256835938,1195.961616934078,1157.188335217022,71.91065409877214,30.033208905333822,19.813538056306385,-0.000838249155189,0.0132373892165261,1.0406668626543327,1.074679181896191,0.0300491713713348,1
2023-07-17,1270.8084716796875,1279.1466167196916,1239.5914489485467,1248.225023984058,22220040,1190.616680908203,1153.472082519531,1203.089888814612,1161.6440268430088,76.21546556812176,32.23196136914703,21.22365446450913,0.0204326422374259,0.013704321196027,1.0225407662290924,1.0691975223245396,0.4691767018351584,1
2023-07-18,1281.6002197265625,1289.3249082218797,1269.1270172578058,1280.0325658904894,25867313,1196.7203491210937,1156.6396728515624,1210.5670631871787,1166.3481912698148,77.77136491168885,34.44819506539943,21.150385643049468,0.0084920334475038,0.0133196244450718,1.0201649055589916,1.0895026320549392,0.1641434038822613,1
2023-07-19,1291.324462890625,1297.754212251756,1270.9448400838094,1285.9398963552078,39122156,1203.1898132324218,1159.9322265625,1218.2582441113163,1171.2492215294544,79.09820654687329,36.567711574805344,21.554598966256403,0.0075875791954351,0.0133107781702489,1.0267726932525156,1.0995743702450833,0.512416693608648,0
2023-07-20,1289.7603759765625,1295.2248684894755,1270.142048583782,1270.142048583782,38717624,1209.4174865722655,1163.0385498046876,1225.0679709556257,1175.8967177822822,78.28874655203431,37.68680490869065,21.806614747644765,-0.0012112268906927,0.0133818156591646,1.0347824920219912,1.0756637637084374,-0.0103402276704791,0
2023-07-21,1249.834716796875,1287.3235564344566,1242.3763715855305,1284.4190157057792,30249238,1214.3032104492188,1165.4944921875,1227.4267086547925,1178.7962471554035,61.099948981945,34.949155307985166,23.63357115074385,-0.0309558736051703,0.0152508905633756,1.0035911554283083,1.0444040591072143,-0.218721737676878,0
2023-07-24,1224.5548095703125,1238.117785416934,1215.644194653028,1221.4041174807796,23727866,1218.3963684082032,1167.4080322265625,1227.1531944562705,1180.5907005834392,53.14373754753965,30.389361394111347,24.387639078822644,-0.0202266002750753,0.0159851583384166,0.9636029636722208,0.9853233128140172,-0.2155879761334814,0
2023-07-25,1223.767333984375,1233.3179681079685,1220.9119513502328,1227.8041962368873,12026020,1222.886376953125,1169.2612915039062,1226.8307315541851,1182.2839018932798,52.91259980106899,26.407737210926143,23.53180891303072,-0.0006430709183313,0.0158022371525057,0.9548744726693894,0.9741294262314596,-0.4931689179296612,1
2023-07-26,1243.65625,1253.8961800235134,1223.3733833366434,1223.3733833366434,12911012,1228.3503845214843,1171.8344921875,1228.4331618823578,1184.690660642563,57.89369263035615,24.57386840527897,24.03116518259066,0.0162522037182264,0.0160111478069422,0.9630857973650404,0.988870197993749,0.0735897661903106,0
2023-07-27,1232.087158203125,1249.2931304965796,1226.0072859774648,1247.5209111436616,17226898,1232.4850463867188,1174.3080883789062,1228.7811615319547,1186.5493468214086,54.2957161113265,21.93414200788152,23.977927992342384,-0.009302483541473,0.0161732611539185,0.9552837729801016,0.9885109231925198,0.3342794507510334,1
2023-07-28,1244.4686279296875,1251.853175548335,1231.0287272255082,1236.690213733138,20827852,1236.767352294922,1177.077021484375,1230.2752059507864,1188.820691178596,57.35061908738419,20.603714158958155,23.752679444519845,0.0100491833261371,0.016206127944284,0.995706561199596,0.9992822982218502,0.2090309003977384,1
2023-07-31,1255.00390625,1257.2930680054526,1239.594792375287,1244.468666067682,8551174,1240.089404296875,1179.9848706054688,1232.6303202649972,1191.4161113774746,59.81208851736408,20.16697705889851,23.320222029208832,0.0084656841352754,0.0154161278307755,1.0248654420706345,0.9875633773445044,-0.5894356268711722,0
2023-08-01,1237.25634765625,1259.803857697837,1233.36720054875,1257.8346449464532,9536632,1243.1363830566406,1182.419169921875,1233.0708943022594,1193.2137677021324,54.143140831066844,18.17922135696949,23.54282453777156,-0.0141414369352684,0.0156109587103001,1.0110225312420762,0.9653996063766488,0.115242421683853,0
2023-08-02,1224.0380859375,1236.665614699006,1212.8381883521488,1235.2871417271826,12748214,1245.6190002441406,1184.593193359375,1232.2106268389489,1194.4225644956764,50.31791949796933,15.360244059011391,23.60534844965225,-0.010683527099125,0.0158703761448256,0.9842254127195518,0.9478935163959452,0.3367627061629306,0
2023-08-03,1218.893310546875,1231.2008891912403,1210.105771509517,1218.5980007741289,10168350,1246.6118286132812,1186.7942797851565,1230.9423110016085,1195.3822015957232,48.870686942769545,12.566188662680815,23.426046251943045,-0.0042031170841261,0.015288937231948,0.9892914656496444,0.945054083882807,-0.2023706222691272,1
2023-08-04,1235.45947265625,1238.6348041373592,1216.776590964359,1230.1672134573323,22885610,1248.5499755859375,1189.3294140625,1231.372516873479,1196.9538592843714,53.50768573868676,11.555426698067777,23.314058174875697,0.0135911502393448,0.0155277880436214,0.9927606409103096,0.9884982838551112,1.2506709544813073,1
2023-08-07,1242.49951171875,1244.7393951840495,1233.2195480808575,1241.0963994857652,5982870,1248.535205078125,1191.400546875,1232.4322306682668,1198.739963301406,55.36046848904432,11.193431959290365,22.47161452689829,0.0056983164711699,0.0129534672667394,0.9900363700312188,1.0146540620380513,-0.7385750259660984,0
2023-08-08,1235.0162353515625,1247.7176805176769,1230.5363488514104,1244.5423492739476,9844072,1247.4726318359376,1193.193876953125,1232.6783263523905,1200.1625622053336,52.9451685612356,10.185300850224394,22.093737179710303,-0.0060227600064292,0.0127627939140887,0.9981894517583756,1.009192026175893,0.645376215762669,1
2023-08-09,1243.1640625,1245.034838767312,1221.453562693164,1233.145764124846,11486586,1246.7481506347656,1195.1560717773436,1233.676967890258,1201.8488955502226,55.235206127413086,9.929351852395484,22.199989957884423,0.0065973441605147,0.0128640725959123,1.015625311648576,0.9996042415257432,0.1668531071288386,1
2023-08-10,1248.702392578125,1255.3731247892665,1234.9179033647526,1243.0409059369183,15470598,1246.8629089355468,1197.6838818359374,1235.107960717674,1203.6862875905324,56.77511130824983,10.057471112723078,22.07536363407224,0.0044550274941084,0.0127496387470017,1.0244558582554495,1.0134854375068982,0.3468403927851147,1
2023-08-11,1253.969970703125,1259.7300139419374,1236.837916549459,1246.733138146324,22179330,1247.2932861328125,1200.37748046875,1236.9043426210503,1205.658196732203,58.24630265941965,10.463440057564412,22.13370175967269,0.0042184416049082,0.0127787053821915,1.0149826833308238,1.0076348592163742,0.4336440000573991,1
2023-08-14,1268.7882080078125,1271.2743627863513,1243.065370150248,1249.9576137867246,9575812,1247.1922729492187,1203.4406005859375,1239.940901229313,1208.1338834488934,62.14914670332008,11.844347020904252,22.56765110798915,0.0118170591408808,0.0122007964866327,1.0211579127726955,1.0109834731901357,-0.568255127634604,0
2023-08-16,1267.7545166015625,1271.5207081344915,1255.8654425931288,1255.8654425931288,10203112,1246.4999877929688,1206.28265625,1242.5898169790514,1210.471947494096,61.71577407025369,12.708816158966556,22.073909281801548,-0.0008147076081933,0.0120358959782419,1.0265083812770126,1.024649838332279,0.065508804892995,0
2023-08-17,1249.4654541015625,1269.2068594315797,1246.930140835009,1263.791524524126,13673744,1244.4070373535155,1208.7398486328125,1243.2446395621478,1212.0011046159575,54.47759297463366,11.782320427716968,22.08839566142791,-0.01442634379172,0.012264319373114,1.0050688334642577,1.0207733472154077,0.34015425881829,1
2023-08-18,1258.7208251953125,1268.960755625946,1234.9671961841154,1246.142454602955,18639978,1242.8550598144532,1211.2112915039063,1244.7185620034015,1213.8332505210303,57.21246854243213,11.660482202134062,22.93876450288524,0.0074074645788466,0.012428074924736,1.0080230747348078,1.0326751441687445,0.3631948938052372,0
2023-08-21,1244.986328125,1262.5000997685252,1242.8371963360953,1254.8424457661688,9221746,1242.6126403808594,1213.3944165039063,1244.7440635387918,1215.0549398388332,52.20068649286635,10.336512518907284,22.70477442642414,-0.0109114720241332,0.0105661493245622,0.9928358391444672,1.0077111841218611,-0.5052705534309108,0
2023-08-22,1244.68994140625,1253.8544488619668,1234.6115281978846,1243.4548358358238,7713044,1243.6193969726562,1215.7324658203124,1244.7389090499785,1216.2170967630457,52.09463296173429,9.15777593461098,22.45749915768544,-0.0002380642357706,0.0094530279428757,0.9810068643060608,1.0017629219704642,-0.1636026409749303,1
2023-08-23,1246.0732421875,1256.2752862282496,1243.4795205761563,1247.061326610869,9517952,1244.7346923828125,1218.0781884765624,1244.865988396409,1217.3879259953771,52.57887593759335,8.240251027075601,21.767375335857423,0.0011113617417741,0.0094465009586027,0.9828978921943162,1.0089529242769752,0.2340072220513716,0
2023-08-24,1225.1258544921875,1254.8177179260883,1220.7782590700383,1254.8177179260883,14140020,1243.808172607422,1219.6714404296874,1242.985975643626,1217.6913741717226,45.13806856564718,5.756469804428207,22.643952730156894,-0.0168107194554142,0.0095196538024745,0.9805199899449188,0.9854900824823252,0.4856158131497197,0
2023-08-25,1219.4691162109375,1237.5757146480018,1206.747529523438,1213.3676467766436,22222400,1243.1772705078124,1220.8698315429688,1240.7462747452748,1217.7610895458097,43.35381338383705,3.2936367921183773,23.228540758328812,-0.0046172711648426,0.0093531992008823,0.9688161916457652,0.9765890763556307,0.5715960797792365,0
2023-08-28,1207.315673828125,1227.2008731617648,1201.0660879981488,1221.272366528133,12580826,1241.3196228027343,1221.818791503906,1237.5624079912604,1217.3514654000178,39.72093115085568,0.3570270705442908,23.43612964442076,-0.0099661748061115,0.0092381955913099,0.9697421140731654,0.9627947255795608,-0.4338673590611275,0
2023-08-29,1195.755126953125,1212.107851949824,1189.7277154191993,1211.4162410930337,16876644,1238.3571838378907,1222.310703125,1233.5807621781046,1216.5045501668062,36.58084538983148,-2.8700130839145004,23.36070156486389,-0.0095754135605181,0.0090963084007138,0.9606851370568332,0.942438713889562,0.3414575481768844,0
2023-08-30,1194.61865234375,1206.9449799395882,1193.1117996537475,1201.510516255865,12168946,1236.2252990722657,1223.0125390625,1229.8700850510231,1215.6462796639412,36.27723106255716,-5.456273138624056,22.680164330647948,-0.0009504241995356,0.0086663703312732,0.9587066088078252,0.9423107050299724,-0.2789475206089552,0
2023-08-31,1189.1595458984375,1198.0523052778192,1185.6517981191516,1197.0642209023324,21638600,1234.4813720703123,1223.5570263671875,1225.992890846015,1214.607584222157,34.783777323487115,-7.855849785231612,21.94590310407792,-0.0045697482075992,0.0084382409083953,0.9706427642010232,0.9517346333944956,0.7781819395040457,1
2023-09-01,1191.950927734375,1198.3734766692594,1186.5164632510111,1188.9373425267036,18112842,1233.1342529296876,1224.0919067382813,1222.7507991210969,1213.719087889303,36.22941810818313,-9.423660290274029,21.22526812651866,0.0023473568753371,0.008451258575894,0.9774342883220648,0.9469541647961716,-0.1629383601526901,0
2023-09-04,1190.9874267578125,1197.3852486913688,1188.3196473047951,1191.9507848594153,9347626,1230.9106506347655,1224.8692504882813,1219.7257160388797,1212.827650197872,35.933330780063855,-10.621470190756554,20.356720502236875,-0.000808339466117,0.0077167956134057,0.9864755776601994,0.9566269121617488,-0.4839227328323187,1
2023-09-05,1197.3607177734375,1202.4739821466742,1191.852074903386,1195.582117616625,8675876,1228.6537109375,1225.9626318359376,1217.5957162040756,1212.2211038282865,39.45794734074215,-10.93047216634659,19.72313727985293,0.0053512664134287,0.0076994105911377,1.001342742158592,0.961975089491492,-0.0718631661129788,1
2023-09-06,1199.88037109375,1203.560961679848,1194.2236115362405,1196.125722417537,8200370,1226.8969177246097,1227.2808959960937,1215.908540479283,1211.7371535249713,40.84356512377753,-10.847005960230264,18.981295341549696,0.0021043393882154,0.0076803826565002,1.0044045174915668,0.9629292488356,-0.0548078372719942,1
2023-09-07,1201.5107421875,1204.5985062247828,1191.1358550222296,1196.4220829309013,13652572,1224.8142517089843,1228.6235888671874,1214.5373215943514,1211.336117786247,41.77220433211176,-10.527941512515554,18.587106474478517,0.0013587780357335,0.0074794888868697,1.0103864921504129,0.980724337652252,0.6648726825740789,1
2023-09-08,1209.5140380859375,1213.3675912039566,1197.039473070506,1205.4629163426932,23109288,1222.854833984375,1229.8259912109374,1214.0589136411693,1211.264663680353,46.234096421811714,-9.519546144060088,18.425750164405105,0.0066610273361904,0.0075901078209432,1.0147347595802,0.9918365475659344,0.692669190830856,1
2023-09-11,1222.5570068359375,1223.6686019045655,1211.3916036780722,1211.3916036780722,13271074,1221.2841857910155,1231.1006811523437,1214.8682558501948,1211.7075006668465,52.60774805214339,-7.580543192773575,18.12066542542103,0.0107836439588915,0.00798511219776,1.0265070641123943,1.0126241490425496,-0.4257255351181741,0
2023-09-12,1204.89501953125,1226.70693716321,1203.4622246012573,1226.70693716321,16255666,1218.0895263671875,1231.42732421875,1213.9184238198193,1211.4403445438818,44.85371587409646,-7.383926839942887,18.486668792316145,-0.0144467597060344,0.0078842329091409,1.0062924243680074,1.007643615630078,0.2248945337807626,1
2023-09-13,1210.9222412109375,1216.653058753229,1198.6699696902265,1205.4630504045967,12803338,1215.2479125976563,1232.11943359375,1213.6330730951638,1211.4200267661197,47.68736927327773,-6.664931365813345,18.45069881165089,0.0050022795197812,0.0080570374446678,1.0092024758327551,1.013647525790093,-0.2123769029211106,1
2023-09-14,1212.0338134765625,1218.2093412827492,1207.9332388900991,1215.3438722575231,9209636,1213.3763305664063,1232.8723950195313,1213.4807626552972,1211.4440968331958,48.21585408731234,-5.936989758160053,17.866799067436546,0.0009179551153617,0.0075522665917731,1.0087581999224609,1.01923565904762,-0.2806847714244519,1
2023-09-15,1214.28173828125,1219.296218648912,1210.156437431325,1219.296218648912,25468592,1211.1543762207032,1233.177294921875,1213.557046048245,1211.5553768899822,49.3306617488736,-5.119685496995999,17.243440649590145,0.0018546716928957,0.0073059132477739,1.0039418312191375,1.0187346727346576,1.7654287313852577,0
2023-09-18,1203.709228515625,1210.8975674516837,1201.535490839137,1205.487828880595,7516300,1209.0905212402345,1233.317548828125,1212.6191586641858,1211.2476847968703,44.48052452957848,-5.264394498789216,16.92221256334177,-0.008706801257334,0.0071762072075717,0.9845833133220578,1.0106817263322794,-0.7048796415600831,0
2023-09-20,1176.8826904296875,1199.3370070481767,1163.4694916701224,1197.089090701199,57081884,1205.7001586914062,1231.9993041992188,1209.2156854989953,1209.9000379589418,35.06093808516744,-7.457786133843911,18.587750012067545,-0.0222865601180271,0.0085149832509034,0.976751228407882,0.9828973616389972,6.594412676449849,0
2023-09-21,1168.31103515625,1180.8103271156433,1165.9396084396587,1173.3255153106452,12226182,1201.8120483398438,1230.2401708984376,1205.320004513972,1208.2690966725618,32.67958794323138,-9.775045116068668,18.322247773775903,-0.0072833557185788,0.0085208888032387,0.9648109477185952,0.9736895971481532,-0.7858132713349125,0
2023-09-22,1163.4447021484375,1177.0308632017377,1160.9992172819989,1173.8443150051187,19176786,1198.7279907226562,1228.3559912109374,1201.331880479159,1206.511277279459,31.376637388886092,-11.86736239204106,18.1586333556304,-0.0041652717995269,0.0079031477784228,0.959911092588454,0.9683181858451316,0.5685015976369401,0
2023-09-25,1156.2811279296875,1166.2854832156668,1153.638074334712,1161.1968240581607,14254884,1195.5685913085938,1226.5534692382812,1197.0413326173048,1204.5414675010363,29.511320472809015,-13.942854926084465,17.76497446458214,-0.0061572107428239,0.0079318005536502,0.9522346350743452,0.9559881832868252,-0.2566593797313063,1
2023-09-26,1157.2938232421875,1161.0979239595738,1153.8849803976211,1155.3423807263628,10087782,1193.0674987792968,1224.792097167969,1193.2558555339604,1202.688618706572,30.143566858337493,-15.329275320408216,17.011257971537177,0.0008758210162205,0.0077726878892926,0.9614396864509585,0.946617472045205,-0.292328018944244,1
2023-09-27,1170.3365478515625,1171.7693426359383,1155.3177128519037,1157.7879239120955,11722778,1191.7965698242188,1222.782658691406,1191.0730643261131,1201.4199100455912,37.872587303174605,-15.200364260849485,16.971284529572706,0.0112700200652895,0.0081058374075299,0.9944377271996966,0.971318271617446,0.1620768569344579,0
2023-09-28,1153.14404296875,1177.3026603074284,1148.6482103293206,1177.3026603074284,14518346,1189.7228393554688,1220.21353515625,1187.4607765777928,1199.526738787676,32.731658637731485,-16.29762391411623,17.80579634732521,-0.0146902230083931,0.008660873472418,0.987018018548912,0.9522857898915056,0.2384731673669842,1
2023-09-29,1158.529052734375,1170.435518964013,1153.1440405649926,1156.9481416896208,12342014,1188.1913146972656,1217.557626953125,1184.7053743069912,1197.918986393429,35.67686563303607,-16.54199894418616,17.769059351017724,0.0046698500490549,0.0087473826145125,0.9957749178753532,0.9558553893899082,-0.1499021996031779,0
2023-10-03,1145.263916015625,1153.885049186791,1144.2017734963838,1151.0936382939,8859056,1185.856964111328,1214.6676977539062,1180.9490449459088,1195.854081672731,31.964253429810825,-17.603135598366862,17.52321791437297,-0.0114499819296214,0.0089880569936361,0.9904718570182074,0.9431616073191416,-0.2822033745870002,0
2023-10-04,1143.2877197265625,1145.683872665596,1133.8763122199225,1140.7434506187417,10286386,1183.4719787597655,1212.5367578125,1177.3622520678755,1193.7926557140577,31.43936179801362,-18.391550224007688,17.114956666608723,-0.0017255378969222,0.0089842254974276,0.9878975388666756,0.94980390001365,0.1611153603724822,0
2023-10-05,1143.2630615234375,1150.821810414835,1140.743398149127,1145.8073305142325,10953682,1180.7670959472655,1210.9109228515624,1174.1147101112624,1191.8111030007,31.432425958834457,-18.80163071073889,16.612346352258676,-2.156780196227448e-05,0.0088317793953537,0.9768669222730632,0.9714333219617876,0.0648717635134439,1
2023-10-06,1145.18994140625,1148.5494528467332,1142.2504141267464,1144.7206253894865,5431026,1178.0325744628906,1209.339375,1171.3599702345946,1189.982822153859,32.6822045428452,-18.75494402780282,15.875681521382116,0.0016854212715005,0.0088213452096914,0.9931022480573872,0.9802098130940724,-0.5041826118377364,0
2023-10-09,1135.4324951171875,1142.200849187487,1133.826857954507,1140.2988590719287,7576878,1174.728662109375,1207.1748999023437,1167.9383059376987,1187.843593642617,29.727346325100697,-19.283006370182196,15.553353087836468,-0.0085203737268951,0.0088825003496705,0.980063894329905,0.97592304388896,0.3951098742668513,1
2023-10-10,1140.447021484375,1145.1404226117538,1138.1497733893898,1139.5331157395624,10236032,1171.2753112792968,1205.3420971679689,1165.3200883707154,1185.984904538372,33.076113034649666,-19.07696186987528,15.135822688317171,0.0044164020219183,0.0087703174083309,0.9957940746548553,0.9863060063311218,0.3509564229488715,1
2023-10-11,1158.5537109375,1160.8509589721596,1142.7196339530417,1143.4359710357803,9814118,1168.075146484375,1203.623798828125,1164.675671472314,1184.909171455985,43.53878433683256,-17.253721443233417,15.512116602564843,0.0158768352339224,0.0092493808086013,1.0133527116119017,1.0010886498052698,-0.0412185112356038,1
2023-10-12,1160.70263671875,1165.618452848462,1155.1446622546923,1157.9607991424273,12554450,1165.86552734375,1201.7377734375,1164.29728721007,1183.9598955839365,44.64486396498919,-15.457208836468451,15.152236173365194,0.0018548348349867,0.0088648456903379,1.0152542103232771,0.9917682557632692,0.2792234615479454,0
2023-10-13,1160.6534423828125,1164.7045645712087,1150.6984190160554,1156.058825491677,10150316,1163.3520874023438,1200.205715332031,1163.9502543693786,1183.0459170270296,44.623312522461525,-13.877458520798882,15.070372557778636,-4.238323786065479e-05,0.0087309976295963,1.0135030010459,1.0065121087515916,-0.1914965609803695,0
2023-10-16,1158.0596923828125,1163.2471357038708,1154.0826283801794,1158.5290083696575,5929036,1160.6533813476562,1198.8861474609375,1163.3892484658963,1182.0660650801976,43.43283629731707,-12.688523560991824,14.648525041058118,-0.0022347325267696,0.0087024093816348,1.019928262897998,0.999594865272947,-0.4158767076808249,1
2023-10-17,1163.593017578125,1165.7914814830851,1156.7011522648252,1163.963549268257,7928180,1158.1189453125,1197.7801416015625,1163.408655048013,1181.3416318448224,46.69970228391151,-11.1710183938701,14.251511053715392,0.0047781001546882,0.0087988064944034,1.0202955469721195,1.016004260071571,0.337178590246374,0
2023-10-18,1148.154052734375,1169.397866963109,1146.6719261602773,1163.5928712145596,8918320,1155.3411865234375,1196.034033203125,1161.9558357800477,1180.040158154217,39.79409041630006,-11.086383126323426,14.856827464366557,-0.0132683546656925,0.0090352182671554,0.9910235856094152,1.0042564377486505,0.1248886881983002,0
2023-10-19,1139.33544921875,1147.0672825471008,1136.7911799610206,1142.2256445327594,12032556,1153.463824462891,1193.970751953125,1159.8015132504,1178.4438950587082,36.47618651485856,-11.59721123845111,14.607259272151405,-0.007680679691565,0.0078489076444624,0.98159116140168,0.9965645594291712,0.3491953641493017,0
2023-10-20,1135.8525390625,1143.559525479833,1134.4691966955595,1136.2971288231192,8913312,1151.8408996582032,1191.9874780273435,1157.5206585658384,1176.7736458039549,35.226942411741604,-12.143109729209757,14.213192808731549,-0.0030569663733699,0.0077437631317255,0.9786319478195004,0.991846416034458,-0.2592336989746817,0
2023-10-23,1118.1163330078125,1139.3848747937852,1114.188721465012,1131.356688684127,7853962,1149.574481201172,1189.4865234375,1153.7678656555502,1174.4733590276355,29.656810720568984,-13.847279004346774,14.997689988734534,-0.0156148843663513,0.0083593220097124,0.9655083760899984,0.984749280838939,-0.1188503218556693,0
2023-10-25,1115.522705078125,1127.009187707913,1108.1367973597628,1111.6198194416302,11620688,1147.5365600585938,1186.8229296875,1150.125469410081,1172.1615686766745,28.936260021343926,-15.231549707128806,15.274454300121372,-0.0023196404999383,0.0083015545642141,0.9586880363032322,0.9781451343756336,0.4795956486675132,0
2023-10-26,1099.985107421875,1115.5474388316163,1096.922069489782,1112.089142962785,15222534,1144.671124267578,1183.743232421875,1145.3501968397757,1169.3311192157016,25.015188540902614,-17.38197984619319,15.513805374529442,-0.0139285355515572,0.0087044166402642,0.958046618223588,0.9494467947729144,0.3099511836132249,1
2023-10-27,1119.40087890625,1123.204979852311,1104.6536704890177,1106.654565590137,11771084,1142.1243408203125,1180.7554858398437,1142.878833227059,1167.3730705761154,36.58012400569152,-17.319868072106146,16.064238735665622,0.0176509403203479,0.0093301525283635,0.9825033353204544,0.964416589998229,-0.2267329473529177,1
2023-10-30,1142.4725341796875,1148.6480613914696,1121.451015427628,1123.4519103673986,16813304,1141.5907653808597,1178.2498461914065,1142.8401380796902,1166.3965789527265,47.033970396647845,-15.233353662366426,17.005877574919477,0.0206107174902172,0.0101428281612161,1.0058282170348023,0.9843356272085836,0.4283564708229082,0
2023-10-31,1130.319091796875,1150.130232099537,1127.84888081728,1150.130232099537,12808438,1140.1802673339844,1175.8669189453126,1141.6476574813269,1164.98177553485,43.01194301207759,-14.394526053793244,17.382697125443585,-0.0106378420655327,0.0103149492684191,1.0109136754636578,0.976045621164088,-0.2381962522059911,1
2023-11-01,1135.0125732421875,1144.942870331504,1124.0448598372486,1130.9367248364767,10309190,1139.6677001953126,1173.39275390625,1141.0157446966468,1163.8065126998436,44.96907744387183,-13.198875976751651,17.633790937501576,0.0041523508532896,0.0100849007275359,1.0174715118529996,0.9754377656928328,-0.1951251198623906,1
2023-11-02,1146.2767333984375,1148.302354744411,1140.2247162104195,1143.1889695269997,10562104,1139.8171508789062,1171.418562011719,1141.5167912396746,1163.1190703742984,49.45548986389157,-11.2131330722832,17.323504549267437,0.0099242602432796,0.0103376593314213,1.0420838661034784,0.9983649238257996,0.0245328682466807,0
2023-11-03,1146.0296630859375,1153.5638066087804,1144.078220526126,1149.7349795725816,8850156,1139.955480957031,1169.4453564453124,1141.9465885583663,1162.4488975394609,49.36043424286077,-9.549275914824648,16.76365323022365,-0.0002155415924455,0.0103379505617166,1.0237884252920242,1.0058755425118897,-0.1620839938709181,1
2023-11-06,1155.564697265625,1156.0587394619763,1148.9445800808262,1152.2546386732256,10647304,1140.47421875,1167.635185546875,1143.243551292391,1162.178928901271,53.10639552845968,-7.376230960432622,16.282612026353302,0.0083200587967438,0.0104943528530756,1.0114594991951713,1.0173545046783932,0.203063991188404,0
2023-11-07,1148.0552978515625,1155.614167696399,1145.955618484429,1153.1192304428853,6960204,1141.1053588867187,1166.0937744140624,1143.701812869455,1161.6250610169689,49.97122653979138,-6.188683659276421,15.809464682468782,-0.006498467313714,0.010412268414087,1.0156913266204255,1.026776252130413,-0.3462942356111932,1
2023-11-08,1154.033203125,1156.552866758098,1147.042553778562,1152.1064866637696,7884494,1141.78466796875,1164.7850561523437,1144.6857547985544,1161.327341099637,52.38124660642544,-4.710872861238386,15.359525275116434,0.0052069837442711,0.0104289895169378,1.0167580785721868,1.0345223793935938,0.1327963950481911,0
2023-11-09,1141.50927734375,1154.0331752710283,1138.3720609954937,1154.0085696526105,14513610,1140.9324462890625,1163.4689282226564,1144.383233136192,1160.5501621288174,47.24620600158418,-4.498418334086409,15.38106933614428,-0.0108523097492658,0.0100810093964596,0.99584092050743,1.0377497564664295,0.8407788756006409,1
2023-11-10,1143.658203125,1144.3746607841822,1135.333664696756,1139.0389810755562,7734954,1140.080224609375,1162.4269897460938,1144.3141826589358,1159.887732363962,48.184827749947125,-4.10927705152767,14.92820696123585,0.0018825302815326,0.010081379636704,0.997930716771718,1.021669917074258,-0.4670551296334957,0
2023-11-13,1143.5101318359375,1148.4505538682092,1142.077337077115,1147.610585630105,3854810,1139.223059082031,1161.4048193359374,1144.2376063900788,1159.245473519726,48.12129343812705,-3.769376866866424,14.317136234797156,-0.000129471627675,0.0100811034408447,0.9895682470585924,1.0009082035893275,-0.5016376309413088,1
2023-11-15,1164.185791015625,1166.9030232858888,1149.6362714370953,1156.0588204395372,12220648,1139.529364013672,1160.9053442382813,1146.1374334972736,1159.4392114607415,56.70556233549564,-1.8107771082325144,14.965404464451025,0.0180808709989235,0.0109074913513634,1.0140502754477494,1.0299620695293326,2.170233552367043,1
2023-11-16,1166.285400390625,1172.9302438744137,1159.492320123304,1161.542667627995,13134910,1139.6639831542968,1160.392033691406,1148.0562874871166,1159.707689457992,57.47508505959457,-0.0881357847076742,14.856298699212363,0.0018035002584666,0.0108636983941313,1.0106168498726444,1.027552846449186,0.0748128904457439,0
2023-11-17,1163.7412109375,1172.4857343750468,1162.012063114762,1162.4319266451018,7758634,1140.443341064453,1159.847109375,1149.5500897204863,1159.865866770914,56.17219911008565,1.0595610882855908,14.543253882146114,-0.0021814467130196,0.0104154241248591,1.019475911440232,1.0152358300837918,-0.4093119785365868,0
2023-11-20,1160.6781005859375,1165.1490860409533,1154.2801575494675,1160.2828426994563,4490186,1141.5104736328126,1159.11345703125,1150.6099002791009,1159.8977190773855,54.5683429290981,1.702328341494649,14.28080206852752,-0.0026321232957754,0.0102609947975919,1.0148819790864363,1.012781900828427,-0.4212659084060416,1
2023-11-21,1175.2769775390625,1179.7728099438689,1166.0384122376151,1168.9038812090423,8214450,1143.4816955566407,1158.6213891601562,1152.959145732431,1160.5008272523537,60.37533330486958,3.3511039425031868,14.624652589199226,0.012577886104472,0.0105294535564027,1.0277801173935577,1.0170585691308172,0.8294231018492331,1
2023-11-22,1179.87158203125,1182.9593458443585,1171.9669066696931,1173.3502489811203,8534814,1146.5694580078125,1158.1886059570313,1155.5222349037467,1161.2604646946631,62.020664234244215,4.971211635632926,14.36520877387538,0.0039093801546323,0.0097067316694832,1.0134736148960732,1.0277131983443897,0.039000054781513,1
2023-11-23,1183.4781494140625,1185.7013394254852,1179.8716170501546,1179.8716170501546,8531542,1149.9672302246097,1157.6678881835935,1158.1847029523483,1162.131746448365,63.308566537649625,6.471578176336379,13.755533675329657,0.0030567456982084,0.0096335161917183,1.014741459524126,1.0255148172594415,-0.0003833709791449,0
2023-11-24,1182.6876220703125,1186.9858858764198,1181.2796741129466,1181.5514214570694,6749486,1154.1023559570312,1156.870500488281,1160.5183142969163,1162.9378592178532,62.80582702145121,7.510266838339476,13.180582110197053,-0.0006679695304399,0.0088295000532158,1.016280605133464,1.0360735961974683,-0.2088785356738559,1
2023-11-28,1182.9346923828125,1185.5531403805655,1173.4738317237427,1182.6876712625676,13792174,1157.2790466308593,1156.4312939453123,1162.653207447954,1163.722048753734,62.90497515896374,8.25817647779104,13.101919720670322,0.0002089058073233,0.0082157572402496,1.0191755076499154,1.0343428562401695,1.0434406412577193,1
2023-11-29,1186.047119140625,1191.605094048659,1184.7379555197092,1189.6536514263266,12531306,1159.4577758789062,1155.933791503906,1164.881199037732,1164.5975417100826,64.19964849537081,8.998320050887287,12.785382716754343,0.0026311061615269,0.0070672432595673,1.0091639177890768,1.0371986098945998,-0.0914190902753981,0
2023-11-30,1174.5606689453125,1186.0471507278282,1170.8306260067593,1183.0828973645985,28439984,1161.669854736328,1155.1843286132812,1165.8030533146443,1164.9882525820524,56.379149973948216,8.559361637579968,12.959035717062529,-0.0096846491256057,0.0069809499317172,0.9954987363312928,1.008911702934148,1.2695147656597006,1
2023-12-01,1182.88525390625,1183.9226701483003,1174.6347733568996,1174.8323419889748,14342842,1164.0634887695312,1154.5563989257812,1167.429929561464,1165.6900957712369,60.16631087805733,8.781975223609606,12.702104680342908,0.0070874031295569,0.0070602032716045,0.99949902285217,1.0142330972419489,-0.4956803773166679,1
2023-12-04,1195.680908203125,1210.403389884879,1185.009669053603,1210.403389884879,15590990,1166.5336975097655,1154.3958325195313,1170.1204989559078,1166.8662060626832,65.17168645279179,9.87704404291526,13.76039263022049,0.0108173250572021,0.0071149625726957,1.0109862366785132,1.0274457043932428,0.0870223627925343,1
2023-12-05,1204.3514404296875,1205.8830195816831,1196.3973123183705,1204.9689932142376,12693624,1169.4497863769532,1154.945207519531,1173.380588620077,1168.3362152535462,68.09708134577063,11.31411142605225,13.50622968367318,0.0072515435908335,0.0071806823841744,1.0181047594468082,1.037627435049996,-0.1858359219010467,1
2023-12-06,1215.8873291015625,1221.7416569101222,1202.9927791973269,1208.9707381739393,16422442,1172.46591796875,1155.8967333984374,1177.428849618314,1170.2009648162134,71.52412131889449,13.231325008590602,13.880704542896188,0.0095785069744751,0.0072395519946531,1.0251593798251109,1.034553856102529,0.2937551955217832,0
2023-12-07,1213.886474609375,1215.813191043024,1206.4511149904754,1215.3438750518303,8142096,1175.7574768066406,1156.9055688476562,1180.9010043793674,1171.914122063004,70.11722336780312,14.423018767514804,13.56324094062411,-0.0016455920250981,0.0069967861062438,1.033481289390845,1.0288293176106211,-0.5042091791220819,0
2023-12-08,1213.2442626953125,1223.594423771572,1207.9333084760417,1217.2460531905654,10204894,1178.7180297851562,1158.0448315429687,1183.9813146951717,1173.534911891722,69.64370214299441,15.141086502672806,13.713089108831705,-0.0005290543452748,0.0070111220128669,1.0256652187427375,1.0251513839068234,0.2533497517101248,1
2023-12-11,1215.022705078125,1219.098553135076,1211.5890153738967,1213.367615499601,7066138,1182.393701171875,1159.1994091796876,1186.9376375887864,1175.1618841735417,70.24300985534938,15.67299723736346,13.269978298285098,0.0014658568249574,0.0062763784388589,1.016176386812153,1.0273403411047877,-0.3075736014504413,0
2023-12-12,1197.5831298828125,1217.7894094868202,1195.6562927549994,1215.3439244936176,9197124,1185.0899475097656,1159.7443408203126,1187.9514939977412,1176.04114871116,58.124688035223336,14.519935578166267,13.90305961496622,-0.0143532916071648,0.0073979067044633,0.994380120021727,1.0123831328934088,0.301577184028956,1
2023-12-13,1202.4739990234375,1204.647857091804,1188.813780320958,1196.570218805253,10031182,1188.0381408691403,1160.7309399414062,1189.334589714474,1177.0777310763474,60.198519323750205,13.841225143253268,14.04098941181479,0.0040839495969717,0.0073840938527903,0.9889682787565224,1.013850107316744,0.0906868277518058,1
2023-12-14,1217.39404296875,1222.7297228698085,1206.7721356331074,1212.379562868232,16972354,1190.698553466797,1161.9082397460938,1192.006918595834,1178.6587629152652,65.76801854829961,14.3419401298479,14.484899014283087,0.0124077892390435,0.0068450934672469,1.00288953574551,1.0364675705188555,0.6919595317879788,1
2023-12-15,1232.9317626953125,1235.1055001292314,1220.308960360837,1224.236571728094,15932152,1194.0308715820313,1163.6615966796876,1195.9045227957845,1180.7871158478165,70.41148167605199,15.810273500611174,14.715367453297253,0.0127630982066184,0.0072343021373001,1.0162271527715805,1.0423088449397722,-0.0612880216851474,1
2023-12-18,1245.4803466796875,1252.3474847954778,1230.634354917611,1232.9317234441762,14165188,1198.1178283691406,1165.70544921875,1200.6260298323466,1183.3241052922033,73.53390609046642,17.781529724314623,15.215207626480789,0.0101778414378281,0.0073131744376553,1.025067549334071,1.0416494385206847,-0.1109055449634174,1
2023-12-19,1263.8094482421875,1271.615218807123,1247.5553868731267,1262.2778691174958,16820604,1203.274395751953,1168.116376953125,1206.6434982523317,1186.480393251026,77.30174499681661,20.585473275229788,15.99518366226327,0.0147164920035578,0.0075808627896785,1.0552999760157404,1.0493693168094578,0.1874606958975764,0
2023-12-20,1248.518798828125,1283.9417239360823,1244.9864450577063,1270.207325538083,17736722,1206.9364868164062,1170.1829541015625,1210.6316221166928,1188.9132719011084,68.53596716099301,21.327935952742564,17.635190463414183,-0.0120988567029072,0.0081483291136279,1.0382917217686884,1.0268375769247258,0.0544640370821405,1
2023-12-21,1266.0079345703125,1271.4176728398502,1244.121839762562,1248.44470925444,13765454,1211.2433044433594,1172.794462890625,1215.9055566360853,1191.936592005783,72.39217517976041,23.06172881110797,18.32523636440517,0.014007907416855,0.0085087261640019,1.039932749697881,1.0429376725510595,-0.2239008989372444,1
2023-12-22,1267.242919921875,1275.07341611771,1258.6465136069178,1264.5504141598008,16541784,1215.43154296875,1175.330380859375,1220.7948293299698,1194.889781335826,72.64710899343481,24.255819154839628,18.189641089147106,0.0009754957436201,0.0085279584662567,1.02782891824569,1.044507655125111,0.2016882261929029,1
2023-12-26,1273.66552734375,1280.5326657287192,1266.0819312708138,1268.7003790735205,7465664,1219.980438232422,1177.6326171875,1225.830133902711,1197.979026277313,73.9921453850807,25.427285182530117,17.922576329772692,0.0050681738448938,0.0084781450055752,1.0226299682200537,1.0482647953989093,-0.5486784254950978,1
2023-12-27,1278.01318359375,1284.460338165659,1271.2201029702012,1275.6170305456778,9204156,1224.7343627929688,1179.978828125,1230.7999481590005,1201.117620681879,74.89219820538372,26.40215239587701,17.58812339160735,0.0034134991932042,0.0084379555191861,1.0112388266849233,1.0671603095467852,0.2328650204456026,1
2023-12-28,1287.251708984375,1290.438257127097,1278.0131437475463,1279.4705441490948,12302636,1229.7945922851563,1182.5107934570312,1236.1763063328458,1204.495428066291,76.73468563902121,27.60203440449345,17.219336962174722,0.0072288185358513,0.0084639635704146,1.0310230892739505,1.070502738545522,0.3366392312342381,0
2023-12-29,1277.074462890625,1291.4264140714613,1274.2831724837226,1289.9937398232034,10864584,1234.9202819824218,1184.8910888671876,1240.071368862158,1207.3416647260688,70.58932759852003,27.41569971539548,17.213901578286432,-0.0079061818467343,0.008319218021586,1.0087412788009646,1.049023091797244,-0.1168897462299949,1
2024-01-01,1279.69287109375,1287.8940202608817,1271.2447008145452,1274.9006856426909,4030540,1239.7606628417968,1187.2130859375,1243.844845265167,1210.178966936566,71.2277686098337,27.166157240534854,17.173574283147147,0.002050317565037,0.0083042508572299,1.009824439321107,1.037926761085474,-0.6290203103956857,1
2024-01-02,1290.2900390625,1291.920402508132,1271.1706293129728,1277.099135940161,7448800,1244.4911193847656,1190.0558056640623,1248.268197055389,1213.320577608171,73.71471101633958,27.50641904559529,17.429017062576577,0.0082810244615121,0.0082131062497318,1.0130524940511036,1.035977839796726,0.8480898341165204,0
2024-01-03,1276.2593994140625,1301.3073179716814,1273.2456933698636,1289.4503036849237,9037536,1248.0865173339844,1192.794284667969,1250.9340258514533,1215.7887666985985,65.62664442445615,26.34028915970612,18.18848902966524,-0.0108740199673492,0.008796928457351,0.9986277260655826,1.0098511300015929,0.2132875093974868,1
2024-01-04,1282.8546142578125,1289.376067708453,1274.184270249419,1278.581197527839,9612778,1251.434881591797,1195.734326171875,1253.974081890154,1218.4187999362148,67.43537070900393,25.652594402916066,17.974439631763023,0.0051676131410103,0.0086762165391664,0.9965841220517534,1.027501240239166,0.0636503135367869,1
2024-01-05,1288.3138427734375,1294.3165279752034,1283.521657474919,1285.9424160498672,8086406,1255.15625,1199.1382763671877,1257.2445353076098,1221.1597820082627,68.89444011589573,25.25695896903744,17.509259209307867,0.0042555317297459,0.0086200980468806,1.0088008806137838,1.0176190903658875,-0.1587857329067622,0
2024-01-08,1278.26025390625,1300.2944657165135,1269.1698042070248,1289.450262535967,7734652,1258.407049560547,1202.39302734375,1259.2460323170042,1223.3990162003406,63.27210619996718,23.857163902159755,18.481787945035077,-0.0078036799213028,0.008925583217773,0.998880499204254,1.0086939400577233,-0.0434994236005463,0
2024-01-09,1274.8758544921875,1287.8691880410895,1273.2454911635218,1284.509677070214,5403074,1261.39970703125,1205.8908422851562,1260.7345868098787,1225.4177157411975,61.45396526839523,22.21860127368745,18.206210011644547,-0.002647660680773,0.0090014118905491,0.9880537056757316,1.0009502707912348,-0.3014457534741058,1
2024-01-10,1309.26123046875,1313.6581576278163,1272.1833407081513,1273.146698836737,11102740,1266.9836120605469,1209.6880493164062,1265.3561719202476,1228.7056967109056,70.67419988686098,23.424616656647917,19.86825336221744,0.0269715485279615,0.0096611198098844,1.025858247210433,1.0244504886773789,1.0548931959843602,1
2024-01-11,1343.6961669921875,1346.2651626289091,1312.6702888458758,1313.6583733689065,23725852,1274.0447204589843,1213.7125219726563,1272.8171238318607,1233.215126918015,76.68803304673364,26.84949980862461,21.09223041921328,0.0263010434602946,0.0108174070082321,1.0474266936082812,1.0438488118631797,1.1369366480706566,1
2024-01-12,1354.3919677734375,1356.9609630954171,1329.714583957277,1343.6960023683716,15012164,1280.894616699219,1218.1939794921875,1280.5861565882014,1237.9671598927373,78.18449434977148,30.080061886784502,21.5318124705652,0.0079599845887721,0.0107158188693252,1.0512903943170784,1.0605426755678806,-0.3672655464596172,1
2024-01-15,1377.51318359375,1379.8104316098677,1349.723309451493,1358.616069177015,8610594,1288.1236877441406,1223.0439916992189,1289.8173020173012,1243.4395529790515,81.02076301252717,34.112763786828964,22.14290601969445,0.0170712883496517,0.0109130993128412,1.077646887153216,1.076440460605515,-0.4264255306563397,0
2024-01-16,1358.24560546875,1379.6623844587446,1354.1697570573224,1373.4126778584214,9069024,1293.7619506835938,1227.283369140625,1296.3342832983917,1247.9417511159024,72.55527114711043,35.34652384342371,22.38217183267501,-0.0139872186738231,0.0116914004502228,1.065394407371352,1.0526668922094642,0.0532402294197125,0
2024-01-17,1345.35107421875,1369.7568331827044,1338.8791932605309,1343.30084717423,12197382,1297.8390319824218,1231.2697973632812,1301.0025491003305,1251.7617245709162,67.47418422726082,34.88171200635816,22.988990981924903,-0.0094935195800246,0.011820471882192,1.0275650442479527,1.0541360751869155,0.3449497983465475,1
2024-01-18,1351.6500244140625,1354.663730119792,1335.1490629645289,1335.2972997496222,10279438,1302.9955932617188,1235.19150390625,1305.826118177829,1255.6789128000592,68.6298995286605,34.62251115806839,22.740824994306205,0.0046820122390509,0.0112598678230963,1.005919386850436,1.053626817405222,-0.1572422672340671,0
2024-01-19,1351.156005859375,1359.6041759840746,1342.8067406703178,1359.6041759840746,10422704,1307.252996826172,1239.2535180664063,1310.143250337976,1259.4231125278757,68.42454968194238,33.98546615110763,22.316297159981243,-0.0003654929499237,0.0110465883241767,0.9976107640985332,1.0487786135641088,0.0139371432562753,0
2024-01-23,1312.7442626953125,1355.4048574857818,1306.791150318716,1355.4048574857818,20055420,1309.5280639648438,1242.4277392578124,1310.3909658005794,1261.514138024638,54.71576552299973,30.03487341574487,24.19468358905871,-0.0284287994853943,0.0131341717721412,0.9529812696750648,1.0269772987806531,0.9242050815220312,1
2024-01-24,1327.862060546875,1333.4200358723897,1308.1498229720294,1319.3151054787045,21919128,1312.237890625,1246.154794921875,1312.0548795859409,1264.1160173392354,58.26019701409476,27.803380093682332,24.27150711129454,0.0115161789551627,0.0132955440804653,0.9776303013243404,1.0415618555077215,0.0929278967979727,1
2024-01-25,1336.9522705078125,1347.895377764627,1319.290261603849,1326.9479158139593,11808872,1315.1848449707031,1250.0206762695314,1314.4260596737383,1266.9723409929052,60.273679966481744,26.46335643261159,24.58105061482907,0.0068457486895843,0.0133345382990433,0.993757165789744,1.0211501260364582,-0.4612526556713388,1
2024-01-29,1430.7957763671875,1435.192704047216,1343.9678528779282,1348.241269998228,23893438,1322.3620483398438,1255.7663891601562,1325.508889835019,1273.3967894389557,74.14165976760401,32.597995268901286,29.84243510944153,0.0701921137571579,0.0202094607792823,1.0585549147512756,1.064820910794119,1.0233463450192364,0
2024-01-30,1390.852294921875,1442.5784888178382,1387.690473107798,1442.5537625848374,14093978,1328.0509399414063,1260.299719238281,1331.7320712718629,1278.0028876931876,63.91438645616282,33.84647452370268,31.63140515234144,-0.0279169690776761,0.0213696116766398,1.0293795008795097,1.0269200704197743,-0.4101318529380325,1
2024-01-31,1409.6258544921875,1417.159997760743,1385.7883192326594,1387.2704457772934,15130226,1334.547589111328,1265.1665283203124,1339.1505268166554,1283.1645726656975,66.26946898022487,35.9365188682732,31.612853250608733,0.0134978815786956,0.0214540016912477,1.0738008114375293,1.023312060661851,0.0735241675558171,1
2024-02-01,1409.650634765625,1426.1515960154993,1401.1531330404457,1417.9011153905622,13349362,1340.5156188964845,1270.084716796875,1345.8648228117954,1288.1248103951066,66.27259793350483,37.166461794028464,31.140396802354797,1.757932671186957e-05,0.0214682957181697,1.06159417958298,1.0378466376698745,-0.1177024057671048,1
2024-02-02,1440.3306884765625,1457.3258137867138,1416.0980132616144,1416.0980132616144,19652588,1348.7191833496097,1275.6777685546874,1354.8615719227255,1294.093668359085,69.98495395216975,40.15395456130159,32.321452675121506,0.0217642960278867,0.0214667851182944,1.077323940614188,1.070598385862194,0.4721743256344386,0
2024-02-05,1421.878173828125,1452.9781061073709,1414.4675408489986,1443.3442832345067,8814432,1355.670361328125,1280.6097924804687,1361.2441054375254,1299.1048254363025,65.32751677446905,40.564992403463066,32.7635321453537,-0.0128113042345537,0.0218881269033899,0.9937673826786766,1.0519573470540249,-0.5514874682153821,0
2024-02-06,1410.7869873046875,1424.6695010773788,1402.9069175392074,1424.6695010773788,9047984,1361.7940185546877,1285.2281005859377,1365.9624751391598,1303.484518058592,62.62959673876231,39.53998446706487,31.97775010198353,-0.0078003775060254,0.0220858699201803,1.014332717036594,1.0441333059888858,0.0264965456651091,1
2024-02-07,1424.9659423828125,1432.2283386037336,1412.2196294925052,1418.8151411125152,9296568,1369.1293029785156,1290.0578564453126,1371.5818529718886,1308.248495483071,64.6400565058875,39.41740219301846,31.225150187488005,0.0100503869157553,0.0219106799881406,1.0108823826136129,1.0854863227184004,0.0274739654712032,1
2024-02-08,1432.845947265625,1442.0845126481563,1410.515263064875,1432.7224367107362,14694634,1377.0278076171876,1295.0610229492188,1377.4165286189111,1313.1346700627794,65.74307531548904,39.50076516334343,31.24972871575896,0.0055299601544409,0.0218234026996732,1.016454653321854,1.079062343776516,0.5806514834291536,1
2024-02-09,1443.3443603515625,1454.4355841797649,1433.661084495157,1436.6747903139974,12556798,1383.731964111328,1300.2692163085935,1383.6953697363065,1318.2409324270452,67.2106040907461,39.95340710805044,30.559722158500453,0.007326965683905,0.0212686483577998,1.0020923471943708,1.0795780763387606,-0.1454841270629809,0
2024-02-12,1435.04443359375,1443.591388249664,1425.163589047209,1443.3443671360003,6674430,1388.2993774414062,1305.2491625976563,1388.5857567703488,1322.8214618845632,64.84548359095695,39.19062920817419,29.693156233068645,-0.0057504826885462,0.0207890175313595,1.0092597664187906,1.002969436516894,-0.4684608289469975,1
2024-02-13,1447.642333984375,1461.3767303535824,1436.674621997369,1438.1567484987418,7715594,1392.961895751953,1310.7107958984377,1394.210192695494,1327.7163980453402,66.75760878278182,39.15135505329931,29.4530948421232,0.0087787528356013,0.0207990766078445,1.0261239627323893,1.0408311071347012,0.1559929462141336,1
2024-02-14,1463.7235107421875,1465.9714268487612,1440.1329959711338,1440.1329959711338,7117888,1397.272412109375,1316.3275610351564,1400.8305086999412,1333.0500103079617,69.07028806160986,39.95724433083456,29.194904558944923,0.0111085289372216,0.0206369507766001,1.0271989436425162,1.0383773155675329,-0.0774672695323263,0
2024-02-15,1453.076904296875,1467.0335965408117,1449.0505085860837,1465.674980481667,10006782,1402.0139770507812,1321.475480957031,1405.8063558996491,1337.7569473271346,65.80615590901454,39.28398391354153,28.39406051578657,-0.0072736458540001,0.020395209022883,1.0141194223076513,1.0308064058286828,0.4058639304243057,0
2024-02-16,1443.17138671875,1459.4007219371786,1441.170612214809,1458.8819534815811,9767498,1406.9049926757812,1326.2518798828123,1409.364930263373,1341.8908469111195,62.83105648233378,37.51863621383427,27.668064030542507,-0.0068169258962368,0.0203135711214604,0.9998801577519794,1.0019722541947589,-0.0239121827576537,1
2024-02-19,1456.4364013671875,1461.8708655513933,1436.2053974591388,1444.628841067812,6729828,1412.1443115234374,1331.062861328125,1413.8479275113557,1346.3828294388086,65.10614922913717,36.76614404255611,27.52502146352193,0.0091915726507003,0.0203499546805463,1.0149068330378217,1.0243046332485866,-0.3109977601223977,0
2024-02-20,1453.4969482421875,1457.9186020207894,1444.3818933388152,1457.449286031468,7117496,1417.2613586425782,1335.8550708007813,1417.6240247238156,1350.5833831173725,64.1688321879347,35.52311096343442,26.525856264839955,-0.0020182502457647,0.0203716722120607,1.004044240846217,1.0302738551757538,0.0576044439768743,0
2024-02-21,1450.2115478515625,1470.7884795851646,1440.18258683898,1456.4365283424868,12720292,1424.134722900391,1340.5944165039064,1420.7275983550296,1354.4903699696936,63.07579809863282,33.88231964847819,26.817287442078868,-0.0022603421318484,0.0189823506958802,0.9907687737530608,1.0177166377931353,0.787186392517818,1
2024-02-22,1464.0941162109375,1467.2559381666686,1440.6271108051608,1450.6561919754165,18493728,1430.9463256835938,1345.5758447265623,1424.8577429127351,1358.7885560968011,65.73201955902755,33.31811743724029,26.80382600775236,0.0095727884527891,0.0189530451206124,1.0075819881807244,1.0218084637814309,0.4538760588200334,1
2024-02-23,1475.82763671875,1479.7059164315408,1465.6750448712426,1471.7517883622584,14438584,1437.890093994141,1351.1407348632813,1429.7120185133078,1363.3783239643287,67.83793208718082,33.43239235570036,26.00439559438457,0.0080141845922985,0.0189606340244943,1.022628116314202,1.0225055622618535,-0.2192713118739498,0
2024-02-26,1469.6026611328125,1476.7169415654328,1464.8352018923576,1475.753583346703,7513106,1439.8304382324218,1356.4833081054687,1433.5111273342131,1367.5439842454457,65.53685374317126,32.644348813670376,24.99563445714818,-0.0042179556955429,0.0112543728554905,1.0090400512876947,1.0240816428607156,-0.4796507746188961,0
2024-02-27,1467.94775390625,1482.0772898132236,1460.4383358684995,1465.3540321072526,10826044,1443.6852111816406,1361.4943823242188,1436.790806055359,1371.481386977242,64.90652394430091,31.522905019776545,24.75587156340361,-0.0011260916098824,0.008937213590687,1.0099420956346272,1.014026544710107,0.4409545133530659,0
2024-02-28,1438.2803955078125,1473.5056294891751,1432.8953836215212,1465.3292067243185,8647950,1445.117938232422,1365.6013549804688,1436.9326717174977,1374.100955939225,54.74188596658241,27.91841869910354,25.888326870850054,-0.0202100914828146,0.0099252190430428,0.9917728193783688,0.9826175400971228,-0.2011902039193633,1
2024-02-29,1443.3939208984375,1461.3522847525776,1437.193666387211,1447.5438276529026,23628976,1446.8051025390623,1369.559626464844,1437.548028782349,1376.8183271140963,56.02033009129456,25.18414889271048,25.76477626331553,0.0035553049367815,0.0099373028454301,0.985861431254111,0.9933362209737115,1.732321070311461,1
2024-03-01,1474.345458984375,1482.1266237591103,1445.0734581651325,1446.061542580972,12132926,1448.505841064453,1373.7703466796877,1441.0525459444468,1380.642920520774,62.859182883711554,25.22398443139264,26.69105673455534,0.0214435835136896,0.0099026219402887,0.9989956972633536,1.021601088098416,-0.4865234109171722,1
2024-03-04,1489.4384765625,1494.4282305064353,1469.503825173054,1472.7150995331629,10024420,1451.883856201172,1378.588740234375,1445.6607298128329,1384.9094129145672,65.6631341887763,26.171743199482307,26.564867348757183,0.0102370970698564,0.0095181462797931,1.013497400320708,1.0226594687995527,-0.1737838012034359,0
2024-03-05,1482.32421875,1489.4384990399917,1468.3429205099196,1487.832861835706,7107668,1455.4607177734374,1382.9150659179688,1449.1524906639918,1388.7296013787018,63.239615147485125,26.04851661736461,26.174203861708254,-0.0047764697397364,0.0093710219079444,1.0097935807357543,1.0198330450866615,-0.2909646642898043,1
2024-03-06,1485.0908203125,1491.019326581213,1460.8827530485903,1475.6545662551582,7805676,1458.4669616699218,1387.2720239257812,1452.5751887257543,1392.508472709439,63.79917303421354,25.87581994271568,26.457230266773564,0.0018663943606298,0.0092019531864677,1.0325461050229778,1.0240511617167922,0.0982049245969283,0
2024-03-07,1461.3028564453125,1485.1897258668157,1457.968071396935,1485.0662153094684,8315726,1459.8898071289063,1391.0247705078125,1453.4063951752362,1395.2062916794737,55.91766479608533,23.548019790064245,26.51183199556692,-0.0160178512598858,0.0100065668667845,1.012407517648216,0.9980935243610918,0.0653434756964035,0
2024-03-11,1449.1246337890625,1471.2577496463198,1446.0615961097308,1471.2577496463198,11277130,1460.1788208007813,1394.4469995117188,1452.998608376553,1397.320736468085,52.35201251321482,20.48440909059309,26.417854962782787,-0.0083338115726907,0.0101002991357255,0.982893544357856,0.9819064216814254,0.3561209207710787,1
2024-03-12,1457.8446044921875,1470.269718687064,1447.5685016900354,1449.1246865128974,9432678,1461.318829345703,1397.858857421875,1453.4601318161372,1399.694221488638,54.58509209096473,18.546313936663186,26.152380822371764,0.0060174056114998,0.010075184458953,0.9787880650544032,0.9919991593975738,-0.1635568624286498,0
2024-03-13,1415.10986328125,1465.4279903850718,1410.7622676768488,1462.142657909758,13522134,1459.692205810547,1400.6195654296876,1449.8077252890052,1400.2987564608973,43.76087745911941,13.407470127593117,28.189048099932567,-0.0293136463785338,0.0119254125194018,0.9546561038276566,0.9640056054553734,0.4335413548517186,0
2024-03-14,1414.4180908203125,1431.264978068201,1408.514310659922,1422.545060878272,18571102,1457.2269348144532,1403.314069824219,1446.437283911035,1400.852455847541,43.61012079757466,9.173334637818243,27.80059233624301,-0.0004888471763835,0.0115791065879149,0.9524118467870428,0.9834091427777024,0.3733854434514552,0
2024-03-15,1401.3260498046875,1416.1473166057365,1396.0645483366263,1408.9589780840722,19223818,1454.6393920898438,1405.5347900390625,1442.1409759009064,1400.871028159586,40.74899985986626,4.707073251274551,27.249319188590665,-0.0092561323279116,0.0116381374537254,0.958956621225992,0.9708548924277268,0.0351468641979351,1
2024-03-18,1422.3228759765625,1424.5460660460144,1399.6463855144648,1403.0799549430176,9169392,1453.5969665527343,1408.4560595703124,1440.2535378128734,1401.712277093585,46.779568890048346,2.8291842441744848,27.08148785594488,0.0149835408931429,0.0121480305541878,0.9815048635655164,0.9647147941543842,-0.5230192046137765,0
2024-03-19,1408.267333984375,1420.4701525728194,1400.3626585436627,1411.7256294896863,8275764,1451.1885131835938,1410.9643139648438,1437.2072326863497,1401.969338148126,43.581804627978414,0.2044224501275948,26.715682825727367,-0.0098821035853318,0.012082699074205,0.965992760576096,0.9455021849808384,-0.0974577158441911,1
2024-03-20,1426.546875,1427.7819805194806,1407.056934025752,1410.935092987457,8488806,1449.8410095214845,1413.728974609375,1436.191960525745,1402.9331631227094,48.51132140290683,-0.3961474493764854,26.28778023058459,0.0129801640459181,0.0125138160643831,1.0080820662872283,0.9623716977402992,0.0257428800531285,1
2024-03-21,1433.685791015625,1440.5283239841642,1427.460931435626,1435.2173701383908,13006936,1449.0147216796877,1416.8374853515625,1435.9532777152574,1404.1391485302747,50.33637346274779,-0.2926787431899811,25.408756570125995,0.0050043332895213,0.0125763275647325,1.013622351354498,0.9653859355981622,0.5322456420844108,1
2024-03-22,1437.6876220703125,1442.6033181580033,1430.1040255590262,1432.6977472783171,19527608,1447.6943969726562,1420.093720703125,1436.1184533681198,1405.4547749436094,51.37681592157539,0.110956238876497,24.48665200075821,0.0027912887745455,0.0123804248893914,1.0259479742567357,0.98383960294689,0.5013226789153111,0
2024-03-26,1424.3978271484375,1435.0939139473653,1421.853557874578,1427.7820647176966,11415906,1445.1229064941406,1422.3964526367188,1435.0022032519596,1406.1976397359556,47.79574374793881,-0.6342245665359769,23.86861001468509,-0.0092438682213437,0.012332415998822,1.0014588467969696,0.9829367287919388,-0.4153966015704534,1
2024-03-27,1475.061767578125,1482.1265951381042,1429.7581221098912,1430.74620650665,16326644,1445.3958618164063,1425.0237646484377,1438.8173998544517,1408.898193768982,59.410808966716495,2.830739846024926,26.287192727183776,0.0355686729255364,0.0148556166594965,1.0474302229284622,1.0118100125575007,0.4301662960434327,0
2024-03-28,1468.1451416015625,1488.0056133770977,1461.0309823617722,1475.086458445527,21854364,1445.405731201172,1427.298828125,1441.6105181160813,1411.2216034879066,57.52897045447185,4.961442771171505,26.33629546205104,-0.0046890415903863,0.0148948030278849,1.0291601119672724,1.037477852212363,0.338570498627887,0
2024-04-01,1467.0830078125,1476.1733358521226,1464.8350917273362,1474.6912092837645,5013880,1446.8458618164063,1429.090224609375,1444.0364695157402,1413.4122467947534,57.2291894584364,6.489527635094191,25.265006080817844,-0.0007234528514693,0.0141122941158027,1.0232946556394455,1.037234334977746,-0.7705776292551914,1
2024-04-02,1469.2320556640625,1476.198098955644,1457.424495287533,1466.317254919796,8910166,1448.1377685546877,1431.309953613281,1446.4360491489138,1415.6012589072757,57.70937944374667,7.784224406838121,24.8013344799102,0.001464844075024,0.0141007803982375,1.0219410900598318,1.0484583911566046,0.7770999704819421,0
2024-04-03,1454.0650634765625,1466.7619246317818,1451.397283687729,1464.4152240453116,7008292,1447.1237487792969,1433.4842333984377,1447.1626219420232,1417.1096434001888,53.172177357684106,7.499976353710508,24.303722872511862,-0.0103230746491198,0.0134486456708503,1.0208279146195534,1.0223171461530534,-0.2134498953218155,0
2024-04-04,1445.493408203125,1462.117879861305,1432.7223691832353,1462.117879861305,14490272,1444.926495361328,1435.3611010742188,1447.003649204985,1418.2227322159904,50.7440217213517,6.508026303336692,24.667422001480283,-0.0058949599221806,0.0132462905066205,0.97995449409312,1.0264339542077052,1.067589649518028,0
2024-04-05,1442.7020263671875,1453.274601948929,1438.6509043996564,1443.467815909923,7442298,1442.9453857421877,1437.192021484375,1446.5939708394808,1419.1827045356451,49.94415798791599,5.434017584042294,23.950013112036885,-0.001931092746668,0.013223528864001,0.9826698910663426,1.0113246551167046,-0.4863934921304444,1
2024-04-08,1468.2686767578125,1473.2090987059642,1443.5912932499484,1445.5427357963142,8357118,1442.1042785644531,1440.302509765625,1448.6582285459888,1421.107644622789,56.67955632703443,6.570136509385293,24.41837448537544,0.0177213658283987,0.0138804524998827,1.0008081812269645,1.0241216631697865,0.1229217104716848,0
2024-04-09,1446.2098388671875,1472.0482715276005,1445.0735176190665,1471.2577557160955,7071414,1441.349627685547,1442.6694653320312,1448.4250485765792,1422.092044397079,50.38064212996462,5.625705448115241,24.600973015601053,-0.0150237066551979,0.0138235384345683,0.9843304420781444,1.005927724956415,-0.1538453806683117,1
2024-04-10,1461.945068359375,1469.281643980642,1448.8776750369068,1448.8776750369068,9138330,1441.9906494140623,1445.1693212890625,1449.712669508274,1423.654908081875,54.283538286497865,6.0768879613335685,24.4917467368763,0.0108803225294835,0.0139126117120462,1.0054192931807135,1.0263600803759332,0.2922917538133109,0
2024-04-12,1449.6680908203125,1468.7627741208264,1445.6415744118667,1458.2891033204971,15551012,1441.5818237304688,1445.546767578125,1449.7084239189444,1424.675032895147,50.91832184758573,5.381766218301891,24.393850520596544,-0.0083977009839637,0.0139866807855028,1.00288806755776,0.9827846688755916,0.7017345620042175,0
2024-04-15,1447.3707275390625,1464.4646364315845,1429.0911655763507,1443.591352839028,12902062,1443.194866943359,1446.6771362304687,1449.4857861684793,1425.5650601360849,50.29004682938773,4.592559049977353,25.17810911592777,-0.0015847512239508,0.0122090495221157,1.0032360813851708,0.98584989080859,-0.1703393965614584,1
2024-04-16,1448.2847900390625,1453.6451964542034,1433.6364862387566,1436.0325186728678,9366184,1444.888201904297,1447.4503149414063,1449.3714055847254,1426.4560299362015,50.55147953127474,3.994814156845905,24.808866337321994,0.0006315330845154,0.0122034724431015,0.9863894891751844,0.9871866706428108,-0.2740552634144837,0
2024-04-18,1446.876708984375,1468.2934876101954,1441.9610129858208,1446.0615875622616,19005692,1447.1657348632812,1448.1948364257812,1449.1338154323112,1427.2568408792674,50.11424525755087,3.368645006504721,24.91769550068289,-0.0009722404490967,0.0119662581306806,1.0004611157380243,0.9847843323364032,1.029182001976472,1
2024-04-19,1452.607666015625,1456.4364932961696,1425.8306012864564,1439.4167626045175,15741778,1448.6799743652343,1448.4403759765626,1449.4646583450076,1428.2509908846148,51.936382004587024,3.2968378854366165,25.32399525132791,0.0039609159478921,0.011567910106872,0.9936130279134028,0.998997708219842,-0.1717334996273748,1
2024-04-22,1462.2166748046875,1465.156201770705,1450.3103301575063,1454.9048261235944,10350362,1451.37744140625,1449.2471459960936,1450.6791361030723,1429.5829784893235,54.91022868178885,3.969538558537352,24.575557848604387,0.0066150062497047,0.0113280244309459,1.0086561772752232,1.011569244457746,-0.3424909181161111,0
2024-04-23,1441.936279296875,1475.7041133303053,1438.20635702296,1461.3768889290402,14605554,1452.1469116210938,1449.8701318359374,1449.8464830739108,1430.0674216582472,48.14017254021727,2.83353701053079,25.498572024228736,-0.0138696240148686,0.0115400101068992,0.99624529628879,0.9994692271471742,0.4111152827311741,0
2024-04-24,1432.8953857421875,1451.051437133562,1432.2283805059903,1446.0615625184662,10462776,1452.107391357422,1450.028720703125,1448.232092851842,1430.1783222105585,45.4499275458485,1.1900054057582563,25.021749495896096,-0.0062699674628452,0.0115887660416216,0.989374048251615,0.9759081620580948,-0.283644016515909,1
2024-04-25,1442.5784912109375,1450.483166375014,1424.3236561270523,1425.311740522562,15943926,1452.3519348144532,1450.2233715820312,1447.6936546003274,1430.6646033478282,48.75316095190522,0.6612183407712564,25.10301812104364,0.0067577197645412,0.0116720483052235,0.9970293130390808,0.9974890589465948,0.5238714849672783,0
2024-04-26,1435.2420654296875,1447.5436681516292,1432.7224019248206,1446.5061312694434,9413848,1452.8941467285156,1450.061325683594,1446.5077889650283,1430.844111664764,46.45776912408665,-0.3458507136717799,24.36860727145542,-0.0050856336940748,0.0115305150778583,0.9880452230893356,0.9817346058291684,-0.4095652476058907,1
2024-04-29,1447.5684814453125,1450.4092243096331,1432.7224880920985,1432.7224880920985,7247974,1451.519482421875,1450.311806640625,1446.608807296484,1431.499969303217,50.66098328383718,-0.1476197697390944,23.891330767603936,0.0085883881977322,0.0083419464935794,0.9899822005782204,0.998551662005741,-0.2300731858003231,1
2024-04-30,1449.5198974609375,1465.403306850403,1445.4440490785064,1450.5079819172845,11474262,1450.5882202148437,1450.3493579101562,1446.886053978813,1432.2066331525396,51.31261058555895,0.1650401650128969,23.61046841076769,0.0013480647310561,0.0083070534705783,1.005259329606271,1.00148487867067,0.583099221934295,0
2024-05-02,1449.0753173828125,1459.7218309784546,1446.6791643138515,1454.460329459568,14512646,1449.6878356933594,1450.0563940429688,1447.0945552553842,1432.868150181178,51.14687616584203,0.3726557752954704,22.855625428898787,-0.0003067085032111,0.0083072644432882,1.011291774543781,1.0005458369439402,0.2647999496612505,0
2024-05-03,1416.9130859375,1457.3750954799905,1399.275802819383,1453.4722101911177,17226958,1447.0718872070313,1449.3331176757813,1444.2201296060618,1432.2424613873084,40.86408077748531,-2.034577303742253,25.373030231163693,-0.0221950032958956,0.0095862394669348,0.982208659404111,0.9792908249467172,0.1870308143670009,0
2024-05-06,1402.610595703125,1422.841600588335,1401.1037428015688,1418.3952205864964,7394208,1444.4991638183594,1448.5219018554687,1440.257316853401,1431.080427438909,37.27517586698178,-5.038339452126365,25.11337505656387,-0.0100941196579547,0.0095756156812648,0.9772641350803822,0.965581160362703,-0.5707769183624875,0
2024-05-07,1384.775634765625,1403.8209867220144,1375.4135586957902,1399.1028593353728,14517472,1441.4632751464844,1447.0886865234374,1434.973347130756,1429.2645532164274,33.34269917115415,-8.757029307531411,25.34866455439675,-0.0127155469894046,0.0098483476122635,0.9566218472669475,0.9470386014785348,0.96335726557868,1
2024-05-08,1401.6470947265625,1415.8754127905866,1380.847871034619,1380.847871034619,9439002,1439.4105285644532,1446.051689453125,1431.7994183303565,1428.1815156285895,39.81151860666132,-10.22486609983912,26.040012925937525,0.012183533229044,0.0103536364241209,0.9669733386770116,0.9720589701855906,-0.3498177919681884,0
2024-05-09,1377.51318359375,1406.7851843569276,1373.437335386219,1396.163276906998,11009612,1434.87275390625,1444.5977221679686,1426.6293007363938,1426.1945222154586,34.633813144222216,-13.183570274209387,26.562001214849744,-0.0172182507448642,0.0098965968833715,0.9506153110672594,0.9613494448376972,0.1663957693832463,1
2024-05-10,1390.65478515625,1393.1990543318575,1371.535254832905,1380.106935558881,10505096,1432.0950012207031,1443.128935546875,1423.203156395428,1424.800807036666,39.26579865715341,-14.303070340035449,26.21212966371423,0.0095400913174676,0.0098681412469163,0.9814679523805258,0.964006321755774,-0.0458250481488358,0
2024-05-13,1385.986083984375,1390.2101693574684,1367.5089520262873,1383.2195197456997,8456620,1428.297052001953,1441.3321044921877,1419.658673308661,1423.2786610346154,38.22936016131916,-15.38960558093163,25.99310848273198,-0.0033571963521848,0.0093992862167212,0.9881474503545896,0.9656810634026628,-0.1949983131996128,1
2024-05-14,1403.1539306640625,1410.070521585227,1383.342910466477,1384.2815424166113,7188300,1425.9713439941406,1440.0031298828126,1418.0867930567947,1422.4894559220447,44.07509104561236,-14.695984674639703,26.04557295673327,0.0123867381340034,0.009864588443381,1.0132716776906232,0.9693178240956832,-0.1499795426541573,0
2024-05-15,1399.3994140625,1412.9361236084007,1396.188139403763,1403.574046995701,5046534,1423.5727783203124,1438.6321630859377,1416.3070426763857,1421.5839640844156,43.11414418056821,-14.284579480665116,25.38145947444073,-0.0026757695784564,0.0098676156824714,0.9983964004402256,0.9654227006567958,-0.2979516714661324,1
2024-05-16,1408.3660888671875,1410.4904944706304,1381.3667306256436,1401.6471872524828,14711774,1421.5768432617188,1438.033876953125,1415.550761361224,1421.0656160366811,46.13463708750336,-13.084175945630932,25.648766929479734,0.0064075164778416,0.0100208506597354,1.0223975390151594,0.9719067545852964,1.915223398871384,1
2024-05-17,1418.5927734375,1420.0749000882806,1396.4103261437938,1406.0936018418706,10916476,1420.162646484375,1437.5378540039062,1415.8404767970596,1420.9686418171054,49.432503801367616,-11.178777530002437,25.507038859123103,0.0072613822862905,0.0102045709665639,1.020089808469692,1.0011854555629915,-0.2579769101945149,1
2024-05-21,1419.0126953125,1424.6447280920645,1408.613082979292,1408.613082979292,11176128,1418.4828979492188,1436.4311987304689,1416.1425928461492,1420.891938032611,49.5690372592899,-9.525052496048374,24.830225020098062,0.0002960129805134,0.0101447207718961,1.0238289631546529,1.0116939795404531,0.0237853314567815,1
2024-05-22,1443.2454833984375,1451.2736690394956,1419.1609264752628,1419.1609264752628,10281604,1417.5343383789063,1435.5073388671874,1418.7238205177955,1421.7685476548004,56.81534340485161,-6.187751468334,25.360992784876466,0.0170772172553401,0.0108123488246259,1.0285724551371218,1.0422233372431546,-0.0800388112949315,1
2024-05-23,1468.343017578125,1474.444366988288,1437.6629456463684,1441.1706938631594,14608260,1418.8546752929688,1435.22771484375,1423.4494583330652,1423.5949974557152,62.78026866686445,-1.500458746037566,26.17673768180812,0.0173896502489583,0.0110494924767645,1.0492665659445144,1.04758396254128,0.4208152735701549,0
2024-05-24,1462.6119384765625,1470.7636348065282,1458.5113640783345,1465.9467233388211,7094776,1420.3405029296875,1434.7781372070312,1427.1792183467317,1425.12507357418,60.71782647539318,1.7318407376433242,25.182132899407087,-0.003903092828415,0.0109803738224243,1.0385168671968006,1.061777089247742,-0.5143312071389747,0
2024-05-27,1448.77880859375,1467.2066075031105,1444.134859977049,1462.587264504762,6629010,1420.6505187988282,1434.52765625,1429.2363221797812,1426.0526710259276,55.94081647328396,3.141035490756849,25.03139108702526,-0.0094578264534206,0.0111369548062217,1.0212788586840915,1.0417961553492008,-0.0656491480492125,0
2024-05-28,1438.8486328125,1460.8829659012893,1435.4397894576246,1450.5080784194065,7820162,1420.8308471679688,1434.3221362304687,1430.151780335278,1426.5544734489306,52.7334590569055,3.4171594032020494,25.06080432678522,-0.006854169678868,0.0111886464118105,1.01397868924325,1.0381407500688304,0.1796877663482179,0
2024-05-29,1423.607421875,1440.6271526936466,1421.310053120064,1429.264181324664,7383556,1419.632794189453,1433.637392578125,1429.528508100966,1426.4389027989723,48.168576670735895,2.378730719610985,24.650539701556472,-0.01059264372216,0.0112523148044906,0.986393124558966,1.0145767978579925,-0.055830812712064,0
2024-05-30,1407.8720703125,1423.2368313836507,1403.178669288835,1418.395193572925,13206858,1417.5504028320313,1433.49263671875,1427.4659902163503,1425.7107917210717,43.93954845918896,0.282797230676806,24.34898347902851,-0.0110531536438432,0.0114688258485568,0.9588168796107563,1.0060544946388137,0.7886852893104623,1
2024-05-31,1413.35595703125,1425.0647331073133,1405.3030450073677,1414.245257118902,31069832,1415.7644348144531,1433.4713940429688,1426.122177532055,1425.2262883999024,45.72788887707992,-0.925077613353551,24.02131952337973,0.0038951598191252,0.0115281261254415,0.9663232740349316,1.003543019250113,1.3525528933528324,1
2024-06-03,1492.32861328125,1496.453914146619,1441.6152266357983,1465.3292536675044,21527942,1419.5352111816403,1435.2914453125,1432.4275523653116,1427.8577521207396,63.69098024992872,4.4389369260911735,28.241079351378957,0.0558759849966472,0.0162782995467944,1.0300596643388036,1.051978158372452,-0.3071110909128829,0
2024-06-04,1380.625732421875,1480.199967601411,1343.1032493273078,1480.199967601411,36709098,1418.435968017578,1434.4575024414062,1427.494045704032,1426.0055160541176,42.342950745087855,-0.3198448785230994,36.88281396584775,-0.0748513965793156,0.0237066140144067,0.9595350761276276,0.972948118774814,0.705183802520464,1
2024-06-05,1403.821044921875,1414.097147783154,1367.6077240917773,1405.0561505394378,17464890,1419.3882385253903,1434.3685766601564,1425.2394742009694,1425.1355367940298,46.363288513055096,-2.1942519063145483,37.56900037481411,0.016800579588873,0.0238257681969442,0.986101240658703,0.9726834839048109,-0.5242353816484404,1
2024-06-06,1414.5416259765625,1426.4974232883103,1404.4137607114592,1417.9011371144834,17855722,1420.0329650878907,1434.1284716796874,1424.2206315129306,1424.720089310992,48.16239887561508,-2.782595654138504,36.50524165992991,0.007636714874355,0.0237345317511629,1.0047373307594505,0.9633591123072168,0.0223781541137677,1
2024-06-07,1452.4345703125,1454.4601915157414,1409.5023527154926,1411.478521453965,18558696,1423.779034423828,1434.503447265625,1426.9076733033658,1425.8069317032075,54.031609206278034,-0.1890392627674373,37.10899859852411,0.02678814369268,0.0240211259504395,1.0276495196322195,0.9930416483714312,0.039369676566425,1
2024-06-10,1453.867431640625,1475.5558362929214,1450.5819785928986,1452.4346368701142,9251760,1426.9396667480469,1434.827043457031,1429.4752693354858,1426.9073434654597,54.24258215809685,1.95940598471293,36.24220282005973,0.0009865238389477,0.0239733508491748,0.9742274045419134,1.0035123533121073,-0.5014865268551196,0
2024-06-11,1439.3179931640625,1456.1154291491666,1437.3418242246385,1451.4960860069511,11774902,1429.6062622070312,1435.1254467773438,1430.412671604874,1427.394035610503,51.650386331403375,2.459692428514927,34.994445827521766,-0.0100074038113255,0.0241046666115504,1.0425113478359052,1.000326205509641,0.272720217558605,1
2024-06-12,1445.8885498046875,1458.41256776401,1437.835758473946,1440.1330064471847,10081742,1431.7429931640625,1434.541982421875,1431.886564766761,1428.1193106769415,52.74858987251579,3.3477710275717527,33.964614646274775,0.0045650486354171,0.0239933812139719,1.0299664298629698,1.0156511743246897,-0.1437939780730234,1
2024-06-13,1447.790771484375,1454.7073627830548,1442.7021123343332,1454.4603416652449,9181160,1434.1625610351562,1434.1348950195313,1433.401251120819,1428.8907405125271,53.0808540922656,4.157152046550891,32.39608863216384,0.0013156074027589,0.0239709648030524,1.0235052436048733,1.0283539264778614,-0.0893280149402752,1
2024-06-14,1459.9442138671875,1462.0438933040557,1439.8613252368543,1452.48412809224,8157998,1436.7414672851562,1433.992119140625,1435.929152334759,1430.1085237813377,55.24617288522113,5.713412897695662,31.66655144895223,0.0083944742722403,0.0239943917719298,1.0051703833743586,1.0329628616231936,-0.1114414736264263,1
2024-06-18,1463.3778076171875,1469.6768460329972,1453.8180422457062,1469.627393563817,7196766,1438.9807189941407,1433.8750341796874,1438.5433099807046,1431.4132015788218,55.86587158984416,7.141500383376524,30.537426615976425,0.0023518664051587,0.0239636672994079,1.0065414327122182,0.9806002475551232,-0.1178269472485774,0
2024-06-19,1441.26953125,1469.775745964541,1438.6510831088217,1469.775745964541,8725874,1440.0935607910155,1433.6191235351562,1438.80295010159,1431.7997243110249,50.97179260222303,6.415364539352368,30.579372061672352,-0.0151077023664766,0.0242613410039473,1.001355876946725,1.0439248649391348,0.2124715462473005,1
2024-06-20,1456.139892578125,1465.1808887163045,1432.8211254931246,1441.6151005379977,16113776,1440.73828125,1433.8320532226562,1440.4540874803074,1432.754240713656,53.89730554433469,6.959584772752351,30.70654285892289,0.0103175436694538,0.0240728504002917,1.0070899951277863,1.037268886832482,0.8466661333867531,0
2024-06-21,1436.8724365234375,1457.1281688420868,1423.4097851653107,1456.0660262473004,31170360,1439.1647521972657,1433.7154614257813,1440.1129778653674,1432.9157385885496,49.75466408955064,5.769651597717484,30.921674345912404,-0.0132318715755902,0.0239305016945248,0.9924586237348764,1.0157866054535216,0.9343920382162444,0
2024-06-24,1424.298828125,1432.228228955547,1420.3712170566394,1428.3006178871865,8878386,1437.2490966796877,1432.836064453125,1438.6068683662847,1432.5778205311556,47.204801903940506,3.768593863581828,29.8916418545471,-0.0087506782640077,0.0239879955289688,0.9755844193198534,0.9806285647817882,-0.715165753619785,1
2024-06-25,1436.822998046875,1438.576872033328,1423.8296636688654,1425.8058325289194,7045386,1436.6513061523438,1432.6483276367187,1438.4369759549124,1432.7442980807916,49.95592054297669,3.15694573101996,28.80989660525536,0.0087932178799601,0.0239984199675907,0.981853756813798,0.988276487097234,-0.2064564437725505,1
2024-06-26,1495.9844970703125,1500.875466568816,1427.905458276952,1428.819484586685,22014882,1439.5080993652343,1433.3291162109374,1443.9176922516172,1435.224305884302,60.44220954586071,7.361193461155835,31.96419029715597,0.0411752172006278,0.0256379036690426,1.0379630351117315,1.0393703852625922,2.124723329566329,1
2024-06-27,1512.312744140625,1519.1798830077462,1488.0552219900264,1495.7128766848623,28383030,1443.9433654785155,1434.5820092773438,1450.431506717237,1438.247381894354,62.76145592772393,11.873769728709703,31.904223920053376,0.0109147167649725,0.0255210002342859,1.0385765487566203,1.0459400514271382,0.2892655976988656,1
2024-06-28,1546.7474365234375,1562.1615299634889,1512.782033239127,1512.782033239127,28957336,1450.8871337890623,1436.5695434570312,1459.6044524130657,1442.5022859974554,67.13727860686103,18.020877367972616,33.1859783416827,0.022769557762591,0.0256373746456621,1.0764681660021584,1.0683501145249084,0.0202341328603745,0
2024-07-01,1541.5599365234375,1560.5805616644209,1537.138282854078,1543.9066370278445,7724306,1457.297332763672,1438.4350463867188,1467.4097366140534,1446.3868997435725,65.88131837361871,22.217803554084867,32.48999980372986,-0.0033538119265674,0.0257054370131111,1.0823290071457858,1.055903315949355,-0.7332521886681841,1
2024-07-02,1546.5250244140625,1554.750778666898,1538.4473863262538,1550.798441129772,7749246,1460.0071533203125,1440.4280126953124,1474.94452592834,1450.313885024768,66.52676940515903,25.64887463072864,31.3338135563666,0.0032208205292505,0.0227063012635578,1.0763504109527129,1.0568186946419964,0.0032287690311596,0
2024-07-03,1533.927001953125,1556.2329594590622,1524.391963189475,1547.661278880494,9049620,1467.672216796875,1442.0543994140626,1480.5619045973672,1453.5928307866643,63.256837887394,27.03977041035228,31.37004089302521,-0.0081460191474823,0.0140776414783039,1.0253628997874764,1.0642887875543752,0.1678065194988003,1
2024-07-04,1535.5079345703125,1548.822348177101,1532.321386398175,1538.447461634288,6837176,1474.2565612792969,1443.520224609375,1485.7948598328858,1456.8051877977878,63.49929733583347,27.947472322136942,30.30796381344669,0.0010306439714371,0.0138435020738493,1.0153375619689486,1.054505780932672,-0.2444792157018748,1
2024-07-05,1569.6956787109375,1579.453012774842,1529.5547474353805,1535.3102911811948,12269710,1482.0142639160156,1446.0754125976562,1493.785414011748,1461.2322658728133,68.36137560064867,31.067372528375245,31.70727106530489,0.0222647785601914,0.014389004815846,1.014836450764761,1.092439132946882,0.7945581626098261,1
2024-07-08,1581.824462890625,1589.6303543798022,1563.6684106310508,1570.0662334946016,9500806,1488.4837585449218,1449.053994140625,1502.1700853335458,1465.9613716382178,69.89356199875775,34.125232994566886,31.29689054269392,0.0077268379751467,0.0134953449055388,1.0261193388678698,1.1105987252499516,-0.225669881358239,0
2024-07-09,1571.3260498046875,1581.429189356112,1561.6675000170792,1578.5637202787966,6960002,1494.356689453125,1451.6289453125,1508.7563676641307,1470.093319801609,66.87467560205502,35.29462082880696,30.501181423469056,-0.0066369014591876,0.0137017678579019,1.016036614344486,1.0936114273926902,-0.2674303632765472,0
2024-07-10,1565.3480224609375,1578.4648673124634,1544.5241914718106,1575.9946562525065,7134578,1500.6581909179688,1454.231064453125,1514.1460490733505,1473.8287983372686,65.14908858626947,35.33171030309677,30.74685959612504,-0.0038044474248314,0.0134361120689211,1.020484038984779,1.046366473400269,0.0250827514130025,0
2024-07-11,1561.815673828125,1585.1344421846698,1551.786592769845,1568.5840280306456,11940946,1506.454547119141,1456.516008300781,1518.68601333571,1477.2792640427924,64.09664024389606,34.67634563785077,30.932644583175023,-0.0022565899609079,0.0135151271276128,1.017132923031866,1.0327332622695249,0.6736723601592134,1
2024-07-12,1577.6990966796875,1586.023756297877,1555.7389442164904,1565.619788574804,12924784,1512.9499633789062,1459.0795922851562,1524.3063069875177,1481.2172966952196,66.7014888117676,35.03476493799212,30.886370833047287,0.0101698446991704,0.0135692229388419,1.0050987067603592,1.020010804236934,0.0823919645897401,1
2024-07-15,1578.1932373046875,1586.7154660951303,1566.607970695329,1585.332123675554,5329688,1518.8624145507813,1461.6619506835937,1529.4383955891528,1485.020274758336,66.78223257294894,34.955739824849616,30.116451159244004,0.0003132033389889,0.0135640877576472,0.997704406733411,1.023763786222848,-0.5876381377050479,0
2024-07-16,1557.468017578125,1580.9350218080888,1550.427916309136,1574.5124732819936,9386838,1523.566925048828,1464.4730493164063,1532.1078833976264,1487.8613627120533,60.18987346748186,32.842175671694804,30.144355040651774,-0.0131322446685666,0.014093939286743,0.9911806768377034,1.007075859097856,0.7612359297579896,1
2024-07-18,1567.76904296875,1574.9079294522828,1539.262708275014,1557.2211925457696,12298374,1529.8919006347655,1467.776218261719,1535.504184309162,1490.994997231924,62.18779280057407,31.633713751846244,30.537274050410144,0.0066139562895444,0.0134290243558066,1.0015466340220025,1.022062354318383,0.3101721793856462,0
2024-07-19,1536.61962890625,1571.029623251694,1534.2976544625544,1567.1020115011324,13140390,1533.9158874511718,1470.8130981445313,1535.610417127932,1492.7841984740544,53.45199768361675,27.84156139653055,30.979752246033662,-0.0198686242735823,0.0143797734769934,0.98386746570412,1.0007239912675858,0.068465636188979,0
2024-07-22,1482.7935791015625,1519.179738244426,1481.4102368427714,1518.9327171487766,19674376,1536.211944580078,1472.4360278320312,1530.5802420778018,1492.3924094790548,42.37475222485314,20.259403169097368,32.71044080442259,-0.0350288703802387,0.0163491771048981,0.9398456158225252,0.9446376130176132,0.4972444501266706,0
2024-07-23,1470.1707763671875,1487.8080584659276,1445.5674511277782,1483.1146576505776,18052044,1538.5055419921875,1474.2891796875,1524.826959629172,1491.5209728864324,40.267251211301776,13.08114219535628,33.391166985403075,-0.0085128523027616,0.0163412599344445,0.9315530833714724,0.9294146163858146,-0.082459133646729,1
2024-07-24,1477.8778076171875,1491.5134207568017,1458.8078508242754,1467.3053526491226,11913362,1540.558282470703,1476.0336401367188,1520.3556118185068,1490.9859467974425,42.158784713061216,7.922881621110946,33.34219576734044,0.0052422693838631,0.0162794540468407,0.9488976922398054,0.9405290568439852,-0.340054677464779,0
2024-07-25,1474.6171875,1482.595920809754,1459.474721651074,1463.3530011800513,12519876,1539.4899169921875,1477.8062622070313,1515.9995714072204,1490.3440346681311,41.5591783174272,3.531113678993279,32.61212458100755,-0.0022062853237133,0.0133455116782946,0.9405831771672464,0.9420379151095764,0.0509103979212584,1
2024-07-26,1491.044189453125,1494.4037007697482,1472.59166375446,1474.6172851615388,9859940,1538.4264892578126,1479.5640673828125,1513.622868363973,1490.371491718523,45.74571594263008,1.3604453481934795,31.840689754884743,0.0111398416432231,0.0133558560221667,0.9703404547255684,0.9546864040610286,-0.212457056283944,1
2024-07-29,1501.987060546875,1509.2989091727318,1493.7613062276428,1493.9341486268256,7538550,1536.1884704589845,1481.6158203125,1512.514696190916,1490.8270042215956,48.39766801796862,0.5172112121883856,30.870263323793463,0.0073390655831357,0.0123405291143794,1.01294413579599,0.9520111051009976,-0.2354365239545068,0
2024-07-30,1495.1199951171875,1506.8287716127938,1492.0075050067665,1498.9488223237445,8228208,1533.866473388672,1483.3508984375,1510.858057993418,1490.9953568057365,46.85004137098584,-0.6971365492968289,29.7239064153816,-0.0045719870763648,0.0123537090172929,1.0169702861402603,0.9473618057511282,0.0914841713592136,0
2024-07-31,1487.487060546875,1492.4520883459395,1483.2629754591517,1486.0789919790418,10057346,1530.9145751953124,1484.7287841796874,1508.632248712795,1490.8577765602909,45.1228390341687,-2.249499102516438,28.44770021842833,-0.0051052320852108,0.0123281026374084,1.0065020618620566,0.9550674837355112,0.2223008946784037,1
2024-08-01,1497.244384765625,1499.9121644798522,1486.37545603751,1493.9836579008804,10764222,1529.0804443359375,1486.29341796875,1507.547690241636,1491.1082317840294,47.77346432171559,-2.6617402067906824,27.38262937727932,0.0065596027538974,0.01237263692666,1.0153444551287143,0.9550159135241127,0.0702845462411256,0
2024-08-02,1481.4595947265625,1491.3404387261814,1475.481756476256,1487.0670219426547,10268248,1526.37802734375,1487.0577001953125,1505.063109716391,1490.7298538602072,44.06540066046427,-4.213573437394643,26.98120072814288,-0.0105425608535733,0.0125355247087972,0.9935718908974268,0.964103000415952,-0.0460761585927901,0
2024-08-05,1430.079345703125,1466.2186085334113,1416.1721046606897,1462.3650548737628,17046704,1519.3972106933593,1486.2924267578126,1497.9217988579846,1488.3514025599295,34.640331183921845,-9.480088586462443,29.71736425226644,-0.0346821804700795,0.0132492732398356,0.9521249438609888,0.9644493784290749,0.6601375424512537,1
2024-08-06,1438.7003173828125,1459.8946792000177,1434.0315221699125,1437.8110173129378,10236186,1512.2410034179688,1485.8141943359376,1492.281657765111,1486.404301180435,37.07238297966059,-12.810527630954311,29.72436205545403,0.0060283170340096,0.0131715720758864,0.9622641139716998,0.9785940113283036,-0.3995211039037224,1
2024-08-07,1447.3707275390625,1454.954323788822,1444.0853950542364,1451.4960282823629,8174568,1506.0432373046874,1485.7860327148437,1488.0044263150112,1484.8735728023416,39.51026544170849,-14.582200401143382,28.762193794779417,0.0060265574779483,0.0133737099880326,0.9730308020339594,0.9793575085024708,-0.2014048982697266,0
2024-08-08,1431.8577880859375,1447.5436277380477,1428.6959662921352,1440.1577210643811,12387192,1499.3687255859377,1485.6462158203126,1482.6571274360515,1482.7945224213065,36.76581840893677,-17.04158363443389,28.054012912717496,-0.0107180138149548,0.013457099121539,0.9563287080285676,0.9710030509772134,0.5153329203451484,1
2024-08-09,1456.7330322265625,1458.9067698886504,1438.6510375603625,1442.6033755756382,6249776,1494.1145935058594,1486.3087280273437,1480.1881659875291,1481.772503197983,43.5384247705227,-16.78989479876327,27.982224976288595,0.0173727058284729,0.0143074940950096,0.9833093237318,0.9769885041172744,-0.4954646702820139,0
2024-08-12,1443.220703125,1455.4482469512195,1440.3799606199186,1452.483993902439,8184584,1487.390673828125,1487.0157006835936,1476.667455238717,1480.2606679010032,40.97138763738452,-17.479271453575848,27.15157116417112,-0.0092757758646478,0.0139956941374419,1.0091892505554745,0.9608742585302446,0.3095803753606529,1
2024-08-13,1446.1851806640625,1452.5582774619256,1440.627205334839,1443.344437718015,6265064,1480.7902709960938,1487.67228515625,1473.764381469702,1478.9243742838685,41.78237954850842,-17.58370485290766,26.06439266152223,0.0020540708241252,0.0140315928226856,1.0052025172934318,0.9672703096654864,-0.2345287188695235,0
2024-08-14,1444.43115234375,1454.460233101401,1436.3782403810735,1446.1109681889411,6267466,1475.138427734375,1486.7143359375,1470.970740600564,1477.571698913668,41.4197737115333,-17.60506427847281,25.494221237151173,-0.0012128656438776,0.0138874657731247,0.9979690240106552,0.9710545998381354,0.0003833959238086,1
2024-08-16,1460.58642578125,1462.7602840003062,1440.676620060605,1451.1502913945535,9416902,1469.779296875,1488.3135498046877,1469.9817582368198,1476.9056097712205,46.06271407737828,-16.132431596611013,25.25061000161903,0.0111845229945963,0.0141015147105936,1.0200638903767922,0.975516382390632,0.5025054782905882,1
2024-08-19,1475.65625,1485.47150978375,1467.823866090739,1469.8067419652286,13797742,1466.7311279296875,1489.75025390625,1470.5221860237891,1476.856615270388,50.04047704505733,-13.592662958367782,25.224501001681958,0.0103176532061013,0.0138639040292547,1.012990175519336,0.9960826844368756,0.4652103207615412,1
2024-08-20,1483.1416015625,1491.0484162933285,1477.2674041310693,1484.4057091952604,8411808,1466.7485290527345,1491.1222534179688,1471.7240351227142,1477.103085321059,51.93654331313644,-10.850791530731383,24.522191379656707,0.0050725577603185,0.0115280235647597,1.0276609796069718,1.0371044138346646,-0.3903489426023475,1
2024-08-21,1485.8433837890625,1494.964564922092,1477.2426107826689,1480.464784262564,7769996,1467.532159423828,1491.7904296875,1473.0687349956995,1477.445842123726,52.635279172972304,-8.363419134529977,24.036460148211454,0.0018216616833592,0.0113530914035077,1.0274226313858297,1.0327678153932778,-0.0762989359719099,0
2024-08-22,1485.2979736328125,1493.6012664349316,1477.8869991875908,1490.1312336221058,10445782,1467.9031677246094,1492.4190405273437,1474.2334243897103,1477.7537688495725,52.46944955414731,-6.362821980346098,23.442017798149266,-0.0003670710938989,0.0113013384922025,1.028292675094103,1.0262042373609677,0.3443741798580075,1
2024-08-23,1487.1322021484375,1498.3849993365056,1485.5955458508122,1490.8749048344312,9249654,1468.5289184570313,1493.3753247070313,1475.4618794143512,1478.121550547567,53.00567264658712,-4.576571542285137,22.70237550568811,0.0012349229233368,0.0112871715169244,1.0181747385150377,1.0386032848530224,-0.1145082292546407,1
2024-08-26,1499.649169921875,1509.9601498448217,1490.1313888488291,1494.0723308917522,8816114,1468.9591674804688,1494.450537109375,1477.765430891258,1478.965770915187,56.60363334852131,-2.126428367663721,22.711344947880686,0.0084168493933185,0.0111676596865429,1.016259152442769,1.0294605372061325,-0.046870942415792,0
2024-08-27,1487.6031494140625,1500.516654009415,1486.6117113802566,1497.5671500638723,6251156,1468.239971923828,1495.2467846679688,1478.702356464859,1479.3044916406332,52.44239455218712,-1.143503831273847,22.082316210829102,-0.0080325590474203,0.0111901018237121,1.0030081738971264,1.0307523625409207,-0.2909397496447982,0
2024-08-28,1485.4716796875,1494.568051187052,1480.2170096090344,1492.1142662167426,9610286,1467.7575561523438,1495.757333984375,1479.347053914634,1479.546342152275,51.71789285743304,-0.5304066503947524,21.53008230848543,-0.0014328214668017,0.011150759236526,0.9997498362844848,1.0271656075229576,0.5373614096336741,1
2024-08-29,1507.90283203125,1523.8401488737277,1481.2083164719252,1490.2303777286736,38335358,1468.7783447265624,1496.6478344726563,1482.0666518305022,1480.6583613632154,58.25412619370673,1.7453643381190886,23.03735017229379,0.015100356775882,0.0115955099053612,1.0152190730747106,1.0439423364585498,2.9889924191642163,0
2024-08-30,1496.6995849609375,1526.5418444404818,1490.4534771750382,1520.865886117465,41620730,1468.7511047363282,1497.756435546875,1483.4602645095913,1481.2874289552828,54.30027454884808,2.6147792854696945,23.96956567894735,-0.0074296876644371,0.01164819463092,1.0064334447190897,1.0247251094096477,0.0857008300274644,1
2024-09-02,1503.2679443359375,1513.7276641806195,1493.725353098191,1497.9389648135596,11240852,1469.8415222167969,1498.6989965820312,1485.346710207339,1482.1494099506026,56.17821334330122,3.7901184760096394,23.68619035062458,0.0043885623013462,0.0114098221401614,1.00241308066356,1.0187114677526947,-0.7299217961818546,0
2024-09-03,1496.203857421875,1509.9600595401412,1494.5927706873033,1508.2250430567562,10923800,1473.1477478027343,1499.885625,1486.3807242277708,1482.7005647533977,53.62594343833546,4.1042591309976615,23.091983100782677,-0.0046991535611989,0.0079478555006424,1.005781587657434,1.0088071535756356,-0.0282053353251159,1
2024-09-04,1501.5823974609375,1504.50709100704,1486.661207884716,1487.850885016148,11983304,1476.2918518066406,1501.4312963867187,1487.8285026309295,1483.4410287811445,55.2914350953696,4.7326658680101445,22.7172616737499,0.0035947909186186,0.0079061716620286,1.0108455233403215,1.0105926464683908,0.0969904245775279,0
2024-09-05,1480.192138671875,1512.7113538076746,1474.3179410781215,1506.0439573959177,16264168,1477.9329223632812,1502.298679199219,1487.1012298729245,1483.313621325879,47.920464046551686,3.4647283840004093,23.836986749164417,-0.0142451448719909,0.0086502671189201,0.9816230245273518,0.996562417069452,0.3572357006047748,0
2024-09-06,1452.2830810546875,1484.182646260627,1449.110527949692,1479.721175380084,19394228,1478.954187011719,1501.4246508789065,1483.785215699759,1482.0967373936755,40.360243899776655,0.2054824155677579,24.639496146433757,-0.0188550235391935,0.0093972964070391,0.9703237013275384,0.9765662252196516,0.1924512830905338,0
2024-09-09,1449.928466796875,1457.3395627288749,1443.1371406451965,1453.943839140462,9010298,1478.6139587402345,1500.1769653320312,1480.5607634232938,1480.835236585958,39.78988866551036,-2.53823202944659,23.89399085623694,-0.0016213190723826,0.0085506565302758,0.964517651201147,0.9668451100949228,-0.5354134230039989,0
2024-09-10,1449.011474609375,1459.446383962114,1445.0952218200862,1447.995226435091,10768260,1478.903497314453,1498.22224609375,1477.5560692505396,1479.5872459202096,39.5554503820766,-4.732090506686063,23.212360233793422,-0.0006324396054694,0.0082819721530149,0.9684585876594264,0.9740578158765744,0.1951058666428125,0
2024-09-11,1439.072265625,1456.1745712275017,1435.1561339115874,1450.5234230036904,9760202,1478.5478515625,1496.1724926757813,1473.8909450957262,1477.9984231635349,37.01010349042255,-7.189869910608422,23.055651453944915,-0.00685930315842,0.0084175266428629,0.9583704950579884,0.9687645246308156,-0.093613824331879,1
2024-09-12,1467.1298828125,1473.2767495080643,1433.495302957586,1444.5250498204912,22349376,1479.6827880859375,1494.58458984375,1473.2470344020855,1477.5722058948668,47.31634248029775,-6.795330238774113,24.25035110369729,0.0194970175283826,0.009493130869349,0.9911752970995406,0.9729604929756476,1.289847689627735,0
2024-09-13,1460.016357421875,1470.451266381587,1456.918113729867,1463.7590600068495,8711328,1479.6542846679688,1493.106376953125,1471.9869699277797,1476.8837412488672,45.292956358311415,-6.976239014352586,23.484836928556057,-0.0048485996188615,0.009245809719423,1.0053249097700507,0.9754905874848492,-0.6102205269623635,0
2024-09-16,1458.7523193359375,1468.2206009201684,1452.2088525514882,1464.8993077290231,5481774,1478.8090881347655,1491.5712646484376,1470.726527014271,1476.1727050954191,44.92531976399881,-7.139310306753714,22.951044888564923,-0.0008657698110791,0.0089228511893946,1.0060857157722791,0.9703874314837037,-0.3707303869168972,1
2024-09-17,1459.6942138671875,1464.824832895271,1454.0677548146175,1461.3796100548857,5935328,1477.63671875,1489.3712353515623,1469.6758305240726,1475.5264897531356,45.281727598164665,-7.1105761680310025,22.080047259428387,0.0006456850273792,0.0088307778858235,1.0073724324789717,0.9755984832056256,0.0827385441282329,0
2024-09-18,1450.9197998046875,1469.3110219373734,1448.0447266088618,1457.413766699014,8574714,1475.890539550781,1486.7531420898438,1467.8895418841312,1474.5615215198632,42.52114503121966,-7.706984717686737,22.021922121505764,-0.0060111316323258,0.0088838128288896,1.0082327583281872,0.966260527732666,0.444690841011651,1
2024-09-19,1457.0916748046875,1463.858190669141,1443.0876132109174,1453.6959512825115,16955902,1474.480224609375,1484.4684545898438,1466.8611735908507,1473.8764294918171,45.05839231903777,-7.594084182884899,21.93254035984276,0.004253767162617,0.0089649923924531,0.9931579281933997,0.9843936045438568,0.9774306175109748,1
2024-09-20,1473.2025146484375,1482.1997658201983,1458.7770437683578,1461.3795684407844,30897320,1473.783740234375,1482.625544433594,1467.4651108344303,1473.8500014587437,51.123525023726,-6.133891876824919,22.15936540667619,0.0110568470895351,0.0093500051511816,1.0090315133522525,1.0144045151159908,0.8222162406930638,1
2024-09-23,1480.5887451171875,1488.64417898616,1476.2015834923338,1478.2340798324108,8832314,1472.8307189941406,1481.001005859375,1468.7149807661217,1474.1142659159375,53.64979610543797,-4.330749697911188,21.679529616036632,0.0050137237720591,0.0092104767913158,1.0149692483719173,1.0211460627351128,-0.7141398024165202,0
2024-09-24,1476.6229248046875,1487.6526722077606,1475.1357678514642,1475.7554165819738,17137444,1472.281707763672,1478.979482421875,1469.4681182936042,1474.2126446958885,52.09292144646996,-3.1850399279881003,21.025056383198045,-0.0026785427929117,0.0090596252233551,1.011597436488188,1.0190553702845977,0.9403119046718672,1
2024-09-25,1481.15869140625,1483.6869066134093,1467.5264194610884,1471.1948125268714,7069002,1472.0660583496094,1477.0387915039062,1470.5815062090944,1474.4850386845303,53.74616070785682,-1.8892797818782583,20.677587152421104,0.0030717162285438,0.0090867543457889,1.0208411875043908,1.029245526292574,-0.5875112998181059,1
2024-09-26,1485.12451171875,1491.122760061236,1475.309372285805,1477.8870868947113,18818998,1470.9271423339844,1475.5919213867187,1471.966554352871,1474.9022729211663,55.20183192529655,-0.5361910979531785,20.33014433977896,0.0026775120961108,0.008390491966838,1.0192388971804538,1.0122651914578649,1.6621859775962715,1
2024-09-27,1513.10791015625,1520.345334807694,1479.225468721031,1486.1655345930462,20597478,1471.74755859375,1474.4986987304687,1475.8847787150976,1476.4005332048953,63.84761874374075,2.762325451109973,21.81512446455639,0.0188424594818077,0.0092938866415271,1.027087515199725,1.036363669807183,0.0945045001864606,0
2024-09-30,1463.9324951171875,1511.9181178232873,1461.7761901136828,1506.3908994638518,27008814,1469.7807861328124,1473.0449560546874,1474.7464659914872,1475.9115905347892,46.76664156462408,1.3923286650535829,23.92345272012859,-0.0324996087251863,0.0118173206334955,0.9887502521851996,1.0035511002879558,0.3112680105787708,0
2024-10-01,1452.2830810546875,1475.2100841908111,1450.3002051077794,1467.9726595996829,16431642,1467.5847473144531,1472.43474609375,1472.6070959975063,1474.984982319883,43.77870321586374,-0.626195621486886,23.99391174605024,-0.0079576169675552,0.0118894997957088,0.9835165475619178,0.9949228182573489,-0.3916192691763511,0
2024-10-03,1394.928466796875,1436.9902726871703,1390.070396353704,1424.275007622252,37757294,1462.25205078125,1470.9298999023438,1465.209131311732,1471.8455111229025,32.70108151539439,-6.775821249781529,26.72382409997405,-0.0394927235647198,0.0145408878306973,0.9417819136398504,0.9614097670902626,1.2978405931677433,0
2024-10-04,1374.653564453125,1405.2145916660445,1369.9442340651565,1391.9046094477658,37072876,1456.9751220703124,1468.8654150390626,1456.584791610912,1468.0340622338915,29.827789308924764,-13.134057797949254,27.33429077861076,-0.0145347254904809,0.0145522111027232,0.9256150266230704,0.9434228389489544,-0.0181267757165013,0
2024-10-07,1358.98876953125,1384.5431070803495,1349.7188488374588,1381.568793209071,22181340,1452.3104064941406,1466.5528466796875,1447.28993236523,1463.7577762455528,27.79568635536521,-19.21551955682912,27.86928845463075,-0.0113954492440477,0.0142324508890513,0.8981439859044257,0.9224724747741532,-0.4016827828518079,1
2024-10-08,1385.3857421875,1389.004514771482,1353.411869524131,1361.2194430814652,17020808,1449.083270263672,1464.439677734375,1441.394295205446,1460.684363145237,35.74037561403243,-21.655475884719863,28.42095679696792,0.0194239814545009,0.0151077010053907,0.946345372350383,0.935699225565738,-0.2326519497920324,0
2024-10-09,1362.8306884765625,1388.979866453412,1360.74869282372,1385.5594536683957,14310610,1444.7742309570312,1461.6565502929689,1433.9120469455524,1456.8469641386223,32.45441754679928,-25.119600074285017,28.407400856448213,-0.0162807029292242,0.0154260229958171,0.938405677415754,0.9229375120644452,-0.1592285160610471,0
2024-10-10,1359.31103515625,1374.132983939481,1357.699948504806,1368.209166456891,22358646,1440.7861694335938,1458.94037109375,1426.8071886799046,1453.022025747157,31.960608939136705,-27.82816430449043,27.552089040607274,-0.0025826049780599,0.0153985548029902,0.9744664816236692,0.9177349078414314,0.5623824560937654,1
2024-10-11,1360.35205078125,1371.4314188021033,1357.1050671377104,1358.2700551936466,7980122,1435.4472778320312,1456.3976708984376,1420.4781279276517,1449.3879090818273,32.28877040280915,-29.550084727819467,26.607393513734817,0.000765840634024,0.0145198788242623,0.989596277897432,0.9159851851121228,-0.6430856322873935,1
2024-10-14,1360.7734375,1368.2587216327886,1356.5350159311083,1367.6390728953818,12221432,1430.4851318359374,1453.668251953125,1414.791966934542,1445.9128317648929,32.4308343890893,-30.52879968331581,25.54427295573092,0.0003097629900348,0.0145436324078202,1.001313232315647,0.8993234576108196,0.5314843557529572,0
2024-10-15,1332.5174560546875,1359.9554295521657,1329.2208521541709,1346.8933067731043,33762794,1424.173388671875,1450.6894091796876,1406.9562992316987,1441.465954286061,28.16377746055916,-33.20173100666898,25.97343812645222,-0.0207646480057871,0.0150327104408356,0.9618385807483956,0.9102314898393042,1.7625890321199678,1
2024-10-16,1342.4814453125,1352.3215164873243,1326.1723376036346,1328.527003000744,20034438,1418.3127502441407,1448.937451171875,1400.81583695368,1437.5842088361178,31.582359034907,-34.12269251856833,25.98599103768347,0.0074775675264426,0.0152298917464427,0.985068399665398,0.9243937788888604,-0.4066119646377607,1
2024-10-17,1344.811279296875,1356.7332239102464,1340.4737382347969,1354.0067695283683,15543660,1413.00732421875,1447.0596704101563,1395.4820695577937,1433.9460547365395,32.39252424522573,-34.26952526539321,25.291240654666755,0.00173546829456,0.0152762345661935,0.9893330110001584,0.9640718583834752,-0.224152931067994,1
2024-10-18,1347.66162109375,1356.70849216764,1329.840427555484,1340.5976258716714,12082452,1407.535821533203,1445.06548828125,1390.9277411326466,1430.5623514564304,33.43108903632641,-33.76665157309344,25.403870937344568,0.0021195106263276,0.0152252808918495,0.9906712165573522,0.9803645485252764,-0.2226765124816163,1
2024-10-21,1357.4769287109375,1362.2358797577067,1346.1002013000875,1355.4197431686716,14067408,1401.749542236328,1443.57787109375,1387.741949473436,1427.696256446803,37.0189876993923,-32.204869564671526,24.741857188792757,0.0072832137263221,0.0150540958446027,0.997577474178862,0.9988875251553152,0.164284203239541,0
2024-10-22,1331.84814453125,1364.2186177698431,1328.749900940748,1357.4767913068545,15831960,1394.3125122070312,1441.0801733398437,1382.418729955133,1423.937506959919,32.146885481297275,-32.65870553748209,25.50806144881436,-0.0188797198962523,0.015250160444519,0.9994977090015622,0.9613554578873352,0.1254354746801969,0
2024-10-23,1327.064453125,1345.8521531156357,1323.5696102860716,1326.048205061888,17214742,1386.8345886230468,1438.7570483398438,1377.1468940665486,1420.138563672275,31.31835102258277,-33.02370106383,25.277667261725053,-0.003591769396453,0.0152436802223967,0.9885160482170304,0.9737559216607136,0.0873411756977657,1
2024-10-24,1328.3287353515625,1332.1952468902052,1311.796457612685,1323.8424540123256,22155934,1379.1930908203126,1436.3999194335938,1372.4975456175025,1416.5381782479335,31.81850502902617,-32.83247332350652,24.929175977139003,0.0009526908987618,0.0151903327969254,0.9877436007571782,0.9772073506332374,0.2870325910199525,0
2024-10-25,1316.4808349609375,1332.8395608533488,1310.6809472586556,1331.996862815434,18597496,1370.7609069824218,1433.8409130859377,1367.1626207930676,1412.6143608641296,29.6401648678372,-33.25362343477309,24.73127866410716,-0.0089194038157197,0.0150900086680019,0.976863045111052,0.9677501013100857,-0.1606088012358224,1
2024-10-28,1322.9251708984375,1341.4155124030335,1310.7800563182918,1325.552505604476,10824350,1361.2517700195312,1431.0876879882812,1362.9495303269125,1409.09713772822,32.35295513060878,-32.690547596052966,25.153005622723917,0.0048951232455207,0.0141813330170414,0.9745470754738276,0.9721862100195776,-0.41796734356066,1
2024-10-29,1328.52685546875,1331.6994085045892,1308.995576227512,1316.728719636798,12008361,1354.481488037109,1428.1451000976565,1359.671180340421,1405.937518816084,34.70945206914577,-31.42999143080806,24.97806466946344,0.0042343170222607,0.0129776767101328,0.9975062554420054,0.9970052170290116,0.1093840276783364,1
2024-10-30,1332.3935546875,1338.4413022928309,1314.0023313459362,1323.569732267355,11984423,1348.48701171875,1425.1301391601562,1357.0733112306189,1403.0534417914337,36.35750690713296,-29.775745022572664,24.93955797499424,0.0029105164135998,0.0130639924308728,1.004015706659877,0.9924856386952507,-0.0019934444009469,0
2024-10-31,1320.64501953125,1331.501217083263,1314.7955112005386,1328.526903121052,9331650,1344.7728393554687,1421.826171875,1353.6039501163932,1399.821738957701,33.58369011713117,-29.07756337590604,24.415164082991897,-0.008817616322833,0.0101887755464701,0.9942155013169396,0.9820299991993968,-0.2213517496837352,1
2024-11-01,1327.1884765625,1330.4601492824747,1321.5868277686543,1321.636448077728,2127335,1342.3995849609375,1418.6639819335935,1351.0881907303085,1396.973375726517,36.48994937520324,-27.67720154339304,23.372304487865676,0.0049547432765637,0.0099241569037687,1.008133533977257,0.9848083938795896,-0.7720301340063118,0
2024-11-04,1291.0009765625,1328.52687951389,1274.0969107675833,1326.3952636738204,19796890,1339.0001953125,1414.741357421875,1345.3655989048027,1392.8175953671437,28.946200993196115,-29.151394392069506,25.59070907775432,-0.0272662855646003,0.01128123608293,0.9758684806682928,0.9510297738823722,8.305957923881287,1
2024-11-05,1294.1240234375,1298.337634786513,1275.1379622128013,1281.9292880644173,16267479,1334.437109375,1410.6308544921876,1340.4854488602978,1388.94725921304,30.285693988769083,-29.72504722203439,25.41992075603699,0.0024190894752966,0.0101231095175178,0.974104526461295,0.9716753585995144,-0.1782810835439303,1
2024-11-06,1314.0023193359375,1316.9271340293028,1289.0676296160968,1298.7837703539942,21625209,1331.995690917969,1407.158837890625,1337.963246048454,1386.0082419629578,38.26345133155139,-28.25001033940225,25.59417673154906,0.0153604256921497,0.010463044163559,0.9861968445532776,0.9901571217899,0.3293522001780362,0
2024-11-07,1294.4710693359375,1312.66393271805,1291.4471349781516,1312.66393271805,9611974,1328.7536926269531,1403.3388256835938,1333.8211339805953,1382.418548918761,34.13069655105353,-28.3304656554094,25.37710584770884,-0.0148639387561131,0.0108658694942405,0.9801809344614024,0.9745110791368492,-0.5555199489632678,0
2024-11-08,1272.7584228515625,1290.505185727704,1264.0833410989228,1286.5394340693545,19814406,1324.3740112304688,1398.6359375,1328.005637682592,1378.1181518180863,30.222684137760098,-29.802709105103983,25.73500744694497,-0.0167733733095429,0.0112974558814001,0.958988452151186,0.9667884173105548,1.061429421261439,0
2024-11-11,1261.802978515625,1274.9891511168566,1256.151830843746,1267.9994654475693,9056552,1319.42548828125,1393.9380053710938,1321.700622523833,1373.556772472892,28.45244363499107,-31.49048276223175,25.242315505956807,-0.0086076384483021,0.0113250398229492,0.9773834423234756,0.9537976948905564,-0.5429309362087362,1
2024-11-12,1263.33984375,1278.2610337323058,1256.6476373969983,1264.6287615317467,10671091,1315.9666076660155,1389.139443359375,1316.1424531168016,1369.2345399739552,29.08000816753129,-32.33134771408004,24.983106993767567,0.0012179914460044,0.0106276901816045,0.9762123419935208,0.9509328611232704,0.1782730337108427,0
2024-11-13,1241.3299560546875,1264.5295076822267,1238.8017408266169,1259.374078659472,14633633,1310.909033203125,1384.0419653320312,1309.0174533966003,1364.2186739379056,25.614856583811104,-34.37747115103343,25.03629698389916,-0.0174219849110276,0.0108403401955126,0.9446938850777852,0.9316541285324886,0.3713342899990264,1
2024-11-14,1256.746826171875,1261.7040163358736,1240.38809863068,1242.866693712679,12612633,1306.505810546875,1379.14525390625,1304.039298422817,1360.0040916725711,31.749594578571603,-34.35895746806159,24.770555606848767,0.0124196391475051,0.0113800502135983,0.9708574072780052,0.9516159206945292,-0.1381065112129025,0
2024-11-18,1249.9554443359375,1262.0014401044657,1233.24973843027,1256.7467703539512,13620611,1301.6205017089844,1374.5405200195312,1298.8884551764477,1355.6884584436837,30.55415743609369,-34.49466002850795,25.054923183087823,-0.0054039379248916,0.0113149852424715,0.9820838125238756,0.941807035255007,0.0799181265323425,0
2024-11-19,1231.0189208984375,1270.5276979121372,1224.5745744010292,1249.9553610165642,14183746,1295.2976013183593,1370.1152368164062,1292.4246900071134,1350.7994569713212,27.45055248906334,-35.71848401784905,26.547651777946413,-0.0151497587560494,0.0112812886746835,0.9756031185998612,0.9535383343986504,0.0413443273580018,0
2024-11-21,1212.5286865234375,1233.299264427905,1206.827917964558,1231.0190296194417,19433843,1289.331628417969,1365.3672412109374,1284.815546818192,1345.3770738165022,24.80144291954022,-37.74527667738607,26.54220139833216,-0.0150202682193586,0.011058886201672,0.959780293894841,0.9369493685023124,0.370148830922381,1
2024-11-22,1254.5655517578125,1257.985964127004,1211.983221035894,1218.8737871048172,20471957,1285.7066833496094,1361.4783227539062,1281.9345949076796,1341.815837657338,39.173374605794095,-35.54970587425373,27.932240090673435,0.034668759346967,0.0141296805844002,1.0106624315626698,0.9547666189750998,0.0534178443244601,1
2024-11-25,1275.9805908203125,1293.2811339485756,1271.4694999174592,1278.9549045518283,28923341,1283.0892761230468,1358.2164892578126,1281.367546899359,1339.2340632715725,44.9459322889481,-31.71608226140916,28.702478812108414,0.017069685224893,0.0147935973816921,1.015304406780978,0.9857158039653132,0.4128273618394176,1
2024-11-26,1284.606201171875,1286.737817131633,1273.2046638791437,1283.8626226527838,9247557,1281.4955444335938,1354.566015625,1281.6759901634082,1337.0917941696237,47.122639301638976,-27.663011285848825,27.618955557849898,0.0067599855465021,0.0148177318345307,1.027721593591959,1.0093087408479042,-0.6802735548427825,0
2024-11-27,1282.1275634765625,1292.6864023015985,1274.9892583407009,1282.4250432843671,9572746,1279.4556640625,1351.0082397460938,1281.7189971456137,1334.9363341424448,46.55304380937736,-24.37000641988425,26.910254729496163,-0.0019294922389845,0.0147503313882294,1.0415173493359666,1.01610757408803,0.0351648548908647,0
2024-11-28,1259.91943359375,1285.4984608667178,1258.184417128475,1278.905374093644,15027412,1276.02529296875,1347.03158203125,1279.6428482359122,1331.994494905241,41.690558805877934,-23.2838846902514,26.9390968015495,-0.0173213106990648,0.0150956817611985,1.0390842275296523,0.9972925652799036,0.5698120476611412,1
2024-11-29,1281.1361083984375,1288.3736540571424,1264.3312830599236,1269.040613461441,13202307,1273.462420654297,1343.460419921875,1279.785063489486,1330.0000483755623,47.34864736046092,-20.475092926885736,27.04731992025257,0.0168397075550852,0.0156707388748231,1.0211790899275022,1.0320673420870836,-0.1214517177009587,1
2024-12-02,1297.941162109375,1300.1222774340952,1266.1160245478172,1276.9722229086012,11024152,1272.3272277832032,1340.4008471679688,1281.5142157389994,1328.7428371494375,51.37350989731814,-16.700564121930483,27.54438656068295,0.0131173054921898,0.0159224927710793,1.017210740858483,1.0327785478185614,-0.1649829079114733,1
2024-12-03,1311.9698486328125,1315.4398813546288,1295.8093621182986,1305.7237413234882,16869482,1271.5662963867187,1337.4984106445313,1284.4147522050769,1328.0850728938838,54.50038834206472,-12.433894889717749,26.97911032322918,0.0108084148441971,0.0160857713160943,1.0213011952114004,1.049613291880033,0.5302294453124377,0
2024-12-04,1297.74267578125,1317.0262168141671,1292.884726573221,1314.6467414933138,19608540,1271.9033813476562,1333.9892138671876,1285.6840782599504,1326.895174967898,50.92398310974792,-10.084297229963797,26.77642317449467,-0.0108441309580311,0.0150295421240013,1.0121790629493577,1.0542020546963773,0.1623676411640855,1
2024-12-05,1310.7305908203125,1318.5628538088615,1294.966703202915,1303.096445986659,16858723,1272.733709716797,1330.59205078125,1288.0694604085563,1326.2612697072086,53.89818639915874,-7.092450601912788,26.54926084816981,0.0100080819421644,0.0151791259352165,1.04032889395287,1.0809893451497956,-0.1402356830238253,0
2024-12-06,1300.3204345703125,1312.5646685095264,1298.783657405313,1312.5646685095264,9037514,1272.0496154785155,1327.0660009765625,1289.2362198525332,1325.243982054781,51.21881239714343,-5.498025387890721,25.63724300931577,-0.0079422547416742,0.0148899436333013,1.0149744637170968,1.0364706991582795,-0.463926538208143,0
2024-12-09,1284.0609130859375,1303.7409326166044,1282.0284168341586,1291.8436769577456,14650002,1271.5291076660155,1323.1240454101562,1288.7433334938098,1323.628959742278,47.26652886675529,-5.483232129072576,25.35690535025363,-0.0125042420714921,0.0147783869734189,0.9893059489685344,1.0063326372859875,0.6210212233142876,0
2024-12-10,1273.8489990234375,1283.812998621138,1269.238788448007,1278.2113501165884,16043729,1271.5836364746094,1318.89853515625,1287.3248254490125,1321.6768044199705,44.92196838432295,-6.223780616419617,24.604421013659124,-0.0079528268156361,0.0143873576054753,0.9709438066361812,0.9916260702006386,0.0951349358177562,0
2024-12-11,1267.2559814453125,1278.9549980546296,1265.1244866020038,1273.9978081396894,11724373,1271.8562866210937,1313.9814965820312,1285.4135069724698,1319.5426544993957,43.42434446639286,-7.2589948720954,23.83485604501389,-0.0051756664904391,0.014297712928671,0.9765079049145208,0.9884008561590198,-0.2692239441341847,0
2024-12-12,1252.0870361328125,1267.25596445406,1249.8066803924569,1259.1262215126185,20906813,1271.2936462402345,1309.7445874023438,1282.2395573686929,1316.8973361320786,40.11102307682383,-9.197394899367282,23.37874497414544,-0.0119699141567276,0.0145555211665442,0.955258879972582,0.9937834140405338,0.7831924146391454,1
2024-12-13,1261.951904296875,1264.281759521455,1228.986588963027,1249.2119494931856,28630222,1272.3247436523438,1305.9379638671876,1280.3073999332817,1314.742613315012,43.14902997576366,-9.824329712212377,24.22991823016561,0.0078787399592692,0.0140852904518816,0.9704930190640922,0.9850256315657632,0.3694206764082119,0
2024-12-16,1257.44091796875,1270.0321327010022,1255.7059013940218,1264.0835044447913,9486781,1272.3594482421877,1303.188212890625,1278.1296397461836,1312.4954880073155,42.09740215601581,-10.563410543753662,23.52251202136667,-0.0035746103419356,0.0138499709414739,0.9792689000608136,0.968796548470036,-0.668644518369435,0
2024-12-17,1234.6376953125,1253.078416496042,1232.1591005022085,1250.2528426173371,17462791,1271.5935607910155,1300.3878955078126,1273.9875498001184,1309.4422412349695,37.16624227730675,-12.841142227154933,23.648176696022013,-0.0181346275044762,0.0143987904854484,0.9692182482060292,0.9410564553744132,0.8407498813348806,1
2024-12-18,1242.5196533203125,1249.162239402372,1230.027558928225,1230.027558928225,12670179,1272.1685974121094,1298.0585131835935,1270.990607278232,1306.8178260226302,39.791512873335,-13.85059185623777,23.32578410874523,0.0063840250769418,0.0140479642898257,0.9804804013654858,0.9574468625471588,-0.2744470800801544,0
2024-12-19,1219.914794921875,1234.2411461229626,1218.4772582835096,1228.3916379278016,14244653,1272.5379028320312,1294.7490942382813,1266.1262441966744,1303.409864018679,35.243585845144494,-16.286866260024,23.376970603606487,-0.0181927572236236,0.0142495939650171,0.9743051079657332,0.930713606186912,0.1242661212600073,0
2024-12-20,1194.980224609375,1228.8873545167637,1191.2127119418244,1213.5200660980383,20312896,1269.558636474609,1291.3920849609376,1259.3504328074075,1299.1577212967454,31.03053175031667,-19.999105475839087,24.39823288727312,-0.0204395998936113,0.012494257304411,0.9469300854814948,0.9189890375015548,0.4260014617414689,1
2024-12-23,1211.834716796875,1216.6926661807136,1202.8125341694108,1204.5971709809228,10052824,1266.3513427734374,1288.44255859375,1254.8251265206904,1295.7332897477309,36.55175171288724,-21.33512707468776,24.206390650420648,0.014104410968817,0.0122671414430764,0.963730939147784,0.9437517367338252,-0.5051013897772134,1
2024-12-24,1212.28076171875,1222.9883400626134,1210.5457452942906,1211.834663048231,6734917,1262.7350708007812,1285.4811328125,1250.773282253839,1292.4606415897315,36.69618114132804,-22.103150361217786,23.366119515985087,0.0003680740580316,0.0120951414607715,0.9818919074975342,0.9516675545124366,-0.3300472583624263,0
2024-12-26,1206.1339111328125,1217.1883476811242,1203.8535553911518,1213.767935093776,10016178,1258.9353881835937,1282.3883422851563,1246.5219135756458,1289.075279611029,35.49699557311392,-22.943337309244043,22.64959614269847,-0.0050704843135699,0.0121033097899776,0.9707161636516022,0.9517681737490874,0.4872014012941807,1
2024-12-27,1210.595458984375,1217.3867853075249,1206.5800865394056,1207.86900439277,7000397,1256.469189453125,1279.94990234375,1243.1003464717155,1285.9976395864542,37.10359976021441,-22.98423395205441,21.835544573556604,0.0036990485139185,0.0116983680732405,0.9923606665184376,0.9668620663331936,-0.3010909949883079,0
2024-12-30,1200.333984375,1212.7269598518426,1197.756269680847,1205.9852538075309,8818766,1252.4290832519532,1277.106953125,1239.0273596053617,1282.638280558554,34.94756959816729,-23.57292606039391,21.34519783051653,-0.0084763861727878,0.0109031851030586,1.0044802078355524,0.9511725290701892,0.2597522683356386,1
2024-12-31,1205.043212890625,1208.6619856280877,1195.8229125326573,1197.6570485426987,6405475,1247.7841857910155,1274.311591796875,1235.7907742039583,1279.5953367284392,36.76363041518304,-23.389849784366334,20.73761749229609,0.0039232651719653,0.0103594672945669,0.9943956846489748,0.95832988705126,-0.273654046382453,1
2025-01-01,1210.7935791015625,1215.800389087432,1201.2261788160188,1204.4483521073844,5892590,1242.7253723144531,1271.5742309570312,1233.4100889561112,1276.8972285862087,39.00290044648765,-22.521144288778487,20.29737411937589,0.0047719170146136,0.0099975028708102,0.9987732358178488,0.980687357674672,-0.0800697840519243,1
2025-01-02,1231.167724609375,1233.7949384205442,1209.554328364606,1210.793625832193,15486276,1239.3966247558594,1269.048046875,1233.1965304468984,1275.1039147047643,46.26357384457336,-19.95859539230969,20.579033829130346,0.0168271007209426,0.010870802165185,1.0207554179892435,0.990863783377106,1.6280932493182116,1
2025-01-03,1240.437744140625,1251.244443122699,1224.921714407087,1233.2498182568115,15521102,1235.881982421875,1267.2198388671875,1233.8861698463008,1273.7444570355824,49.22501720611375,-16.98396326987927,20.98929774959333,0.0075294530111169,0.0107330749273993,1.0246509145022615,1.016823264464191,0.0022488298671674,0
2025-01-06,1207.5714111328125,1251.1946805005002,1204.5970973122885,1243.213556672038,14816766,1231.24453125,1264.8299780273437,1231.380002349778,1271.1494356276307,40.66766878826263,-17.081677336747816,22.81846099520893,-0.0264957537474662,0.0119437757573312,1.0060295108295054,1.010536732126721,-0.0453792520659938,1
2025-01-07,1230.2257080078125,1233.844480589015,1210.7935491517349,1211.5371275851955,10070505,1228.5527709960938,1262.8679174804688,1231.270069555305,1269.5445835641085,47.44904682784136,-15.15639057475846,23.06521874242275,0.0187602129912534,0.0127399246652772,1.0208975867817889,1.0151761547643632,-0.32033042838093,1
2025-01-08,1254.664794921875,1260.167324257905,1234.6872949225542,1238.3060678446636,19346579,1227.5935607910155,1261.6315966796874,1233.4981386378356,1268.9610624408838,53.60902427206476,-11.525695829915776,23.556389992970587,0.0198655309793829,0.0135553826544762,1.036233439438014,1.034962225370164,0.92111309214384,0
2025-01-09,1244.0067138671875,1258.878282472892,1237.364128300027,1256.1518282285128,12794704,1226.4310974121097,1260.0532275390624,1234.4989553263454,1267.982460536033,50.81171122064013,-9.400004751226106,23.410516005820178,-0.0084947637789989,0.0136335280894274,1.0104283023353997,1.0314001640985324,-0.3386580645601478,0
2025-01-10,1231.266845703125,1245.9896754309789,1225.4173374439545,1243.114481097643,8120332,1225.390087890625,1258.10802734375,1234.191135362229,1266.5426325033698,47.61352255336843,-8.643740486123761,23.207789004477625,-0.0102409963081779,0.013564528214732,0.9926067241336214,1.0170753876246093,-0.3653364704646548,0
2025-01-13,1229.234375,1234.5881643828388,1215.899582365329,1219.4687349455062,13764861,1223.7542114257812,1256.04484375,1233.7190629467786,1265.079563581669,47.10414079407649,-8.11485599848811,22.884988505408497,-0.001650715042168,0.0134119739938358,1.017939281824224,1.0240769577477622,0.6951106186298788,0
2025-01-14,1228.143798828125,1242.6187691440975,1216.742262047884,1233.4479678208604,13095266,1222.28935546875,1254.1948193359376,1233.188085411669,1263.631102218785,46.81473180933016,-7.695008348114015,23.09866840475172,-0.0008871995398558,0.0134006722789566,0.9983077014517452,1.0191699232777611,-0.0486452424038281,1
2025-01-15,1241.478515625,1246.2374660533972,1231.2171573529768,1234.2905907014622,9578856,1222.631396484375,1252.4806201171875,1233.977650193891,1262.762373332754,50.795528267278,-6.214637386410914,22.74116832050317,0.0108576184723636,0.013022908456536,0.9894901974214586,1.0253428305642374,-0.2685252823424893,1
2025-01-16,1255.6065673828125,1264.0834104275011,1240.586378973141,1248.1212833322295,14117603,1223.2857421875,1251.7727319335938,1236.037547069026,1262.48175349158,54.66700123547886,-3.856956437029794,22.79515854435009,0.0113800211441434,0.0131914240762534,1.0093245907649204,1.0198501327519705,0.4738297558706383,1
2025-01-17,1291.19921875,1314.6467509950228,1273.997794139219,1310.9288585996749,29366277,1226.8499633789063,1251.7142358398437,1241.2910396100713,1263.6079285997534,62.64180929709784,0.8734832356456081,25.384088906340107,0.028346977701285,0.013791773254705,1.0486753730566425,1.0409222267293572,1.0801177792009025,1
2025-01-20,1294.272705078125,1304.7324245206253,1289.1172758229052,1304.7324245206253,14040244,1231.8145874023437,1251.3196435546874,1246.3369125117908,1264.8104688538072,63.24312153319231,4.81489233601792,24.68630746286725,0.0023803347179069,0.012653263067437,1.052909625211323,1.0717980677134271,-0.5218922711925655,0
2025-01-21,1262.7945556640625,1301.7581181984158,1259.324522599558,1299.2795231523412,14562976,1234.3625793457031,1250.68611328125,1247.9043070977214,1264.7314134346016,53.70819494718648,5.336942904863008,25.9539709011523,-0.0243211104511104,0.0139055294984589,1.0282139248425148,1.0264738799102084,0.0372309768975525,1
2025-01-22,1266.1654052734375,1271.9157939003728,1257.83730213362,1267.3552034506358,10273590,1237.0568115234375,1250.5542529296874,1249.6434593049323,1264.7876484086737,54.49930509113192,5.954036705077897,25.105722391552344,0.0026693570971267,0.0138994970297654,1.0198850719829085,1.0091662812235669,-0.294540484032934,0
2025-01-23,1252.83056640625,1266.4132176584087,1250.7980702365203,1259.126173066555,8720682,1239.391644287109,1250.3748046875,1249.9469933145815,1264.318743232108,50.80071865583145,5.305914653675018,24.427824179433493,-0.0105316720956435,0.0141034126039109,0.9977891155966564,1.007093090769287,-0.1511553410248998,0
2025-01-24,1235.6292724609375,1262.100619607451,1232.8531975505623,1255.1605533566642,14235970,1240.6433349609374,1249.8205932617188,1248.5834008523298,1263.1936659469643,46.42402980451785,3.3654774650162835,24.772081170680305,-0.0137299443408812,0.0145247912057108,0.956962531047022,1.0035430392469646,0.6324376923731423,0
2025-01-27,1218.82421875,1229.8291557820492,1209.5542981292017,1228.4907387555406,9536019,1241.5678466796876,1249.370478515625,1245.7491930330602,1261.4536876255147,42.56570228447505,0.4662648135986273,24.86514496789855,-0.0136004010956034,0.014746544809188,0.9417058815873192,0.9915311868414028,-0.3301461719854706,1
2025-01-28,1223.8311767578125,1234.0925365684338,1208.0672872533737,1227.400329601704,10568025,1242.5072448730468,1248.7121655273438,1243.661762911608,1259.9782950424674,44.05752313494462,-1.4110961954481809,24.94800956412438,0.0041080230691079,0.0147486172482989,0.9691451164946142,0.9964885039728836,0.1082218900780294,1
2025-01-29,1224.921630859375,1232.109556252925,1217.53546627882,1225.4173498520336,5928156,1243.2136474609374,1248.2114892578124,1241.8769884304431,1258.6035238980326,44.39626389363456,-2.7788944229762365,24.207015307694423,0.0008910167695281,0.0147201809222002,0.967426234959282,0.9866635752796014,-0.4390478826460006,1
2025-01-30,1242.3214111328125,1246.237542749693,1221.8481926097395,1224.971246456504,9269259,1243.7713317871094,1248.4375390625,1241.9193144020974,1257.9650096719456,49.63662973309773,-2.430846238423783,24.220039224284356,0.0142048110140975,0.0145798259618357,0.991611670759612,0.989419331982556,0.5635990348432127,1
2025-01-31,1254.2681884765625,1256.1519448799122,1238.306060895825,1245.09738698474,6584612,1244.4628540039062,1249.2723291015625,1243.0953976472845,1257.8200362917346,52.9176396947237,-1.177437687624206,23.76474242141312,0.0096164947627011,0.0146397394228432,1.015084553620604,0.97139788365951,-0.2896290846981404,0
2025-02-01,1253.7724609375,1259.6715896071485,1230.374548522757,1254.2681799336815,7118453,1246.772906494141,1249.2564672851563,1244.1122608177814,1257.661307846471,52.76403385956751,-0.2215495647565148,24.159906611625853,-0.000395232489843,0.0131827687887867,1.0286737346123154,0.9687081061188104,0.0810740253184243,0
2025-02-03,1235.232666015625,1245.2461659154887,1226.9541826685895,1240.2889757645512,9252345,1247.0232543945312,1248.4415087890625,1243.2665851223378,1256.781753264869,47.24105477984779,-0.9490675868785274,24.3497903014319,-0.0147872086040332,0.0130665663814396,1.0093162271678824,0.9781738925585218,0.2997690649920705,1
2025-02-04,1274.196044921875,1277.7653184740125,1235.9265630557768,1237.3642207434832,16691069,1247.9998168945312,1248.2333056640623,1246.212247960389,1257.464666663183,57.345954445174485,1.5999450160816195,25.64856616978587,0.0315433520973262,0.0141994422531806,1.0402265849676686,1.0063424885998231,0.8039825579353126,0
2025-02-05,1267.2559814453125,1279.4507170461238,1265.7688244708304,1271.667953084696,10112028,1249.1622802734375,1247.9358740234377,1248.2164130541914,1257.848639791894,55.313781048265625,3.0251783733635875,24.793803770179267,-0.0054466214239332,0.0141097352772869,1.0200709495055418,1.0115142585325338,-0.3941653467492106,1
2025-02-06,1270.577392578125,1276.9721191435924,1259.473214579181,1262.7945076095025,9956001,1251.1278076171875,1248.149033203125,1250.3460301517089,1258.3478065678246,56.115302160934505,4.372295101220743,24.27273954119584,0.0026209472919784,0.0138603573191408,1.013002964000364,1.0282836615286584,-0.0154298425597714,0
2025-02-07,1255.8544921875,1272.7089385364054,1251.1947819010977,1265.2236540965398,8764283,1252.4588134765625,1247.6434008789065,1250.870645583689,1258.250029533302,51.68943323667055,4.203425325773878,24.07569790506097,-0.0115875667839098,0.0141602652926986,1.0016606133208916,1.0303819639188638,-0.1196984612596965,0
2025-02-10,1242.916259765625,1255.656213725916,1234.8856362555491,1253.673337746878,6970972,1253.1974365234375,1246.5429028320314,1250.113085029588,1257.6487052286873,48.09921007652072,2.991107954368317,23.853780621267397,-0.0103023339904121,0.0143868274253931,1.0062203615249137,1.0155945389938283,-0.2046158253903941,0
2025-02-11,1224.2772216796875,1253.7230036544372,1219.567891058193,1253.7230036544372,8859714,1252.337371826172,1244.7890502929688,1247.6525266153117,1256.3400195993147,43.42029002473111,0.520325118583969,24.58959004805145,-0.0149962138957392,0.0145858496817891,0.9608232787716366,0.999473918034058,0.2709438511587767,0
2025-02-12,1206.1339111328125,1216.39526992,1183.1324776076383,1209.0089844264594,21131654,1249.863739013672,1242.956875,1243.6983727598356,1254.3711526006284,39.40231577297394,-2.868732646736362,25.772101049765578,-0.0148196096648622,0.0146300226734781,0.9517681737490874,0.970871064705387,1.3851395203050574,0
2025-02-13,1205.687744140625,1217.4858807075602,1201.622872489872,1206.629682868639,8511216,1245.5881652832031,1240.8560180664062,1240.0783128913392,1252.4619993276872,39.30599082908106,-5.526876893623694,25.0643087046172,-0.0003699149721845,0.0127991569116552,0.94892900753898,0.9612678972629104,-0.5972290668775857,1
2025-02-14,1206.827880859375,1213.5200872227356,1195.1288642881832,1208.56289732395,10298145,1241.2159240722656,1238.9861669921877,1236.9116050787711,1250.6724260544202,39.71158811453304,-7.455533110702163,24.587659721041145,0.0009456318389988,0.0127693789838628,0.9609615511724384,0.9625573367251802,0.209949906100374,1
2025-02-17,1214.412353515625,1216.99006794739,1194.1869953911455,1200.7304615718228,8166683,1238.7968139648438,1237.5931958007814,1234.7688192156145,1249.250462425448,42.46598813578301,-8.27659605337658,24.460189209269945,0.0062846349314114,0.0119389444713211,0.9770669133772738,0.9831446228125118,-0.2069753339072231,1
2025-02-18,1214.908203125,1219.3696743222742,1205.6877809072391,1214.362863790828,6673250,1236.233953857422,1236.4143798828125,1232.8773319688894,1247.9037071587638,42.65046094850656,-8.786003848133078,23.69031093825317,0.0004083041546305,0.0119042118421918,0.9923473063218204,0.9534703925403332,-0.182868981200813,1
2025-02-19,1216.9405517578125,1222.1952216847485,1207.125412159616,1209.058667892558,6217338,1234.439453125,1235.4080712890625,1231.3595433773582,1246.689465770491,43.450787436113416,-8.922862441998632,23.074560837315985,0.0016728413122777,0.0117555783129257,1.0089597353372233,0.9602957646882716,-0.0683193346570262,1
2025-02-20,1222.4429931640625,1228.738599945727,1211.5371757068,1213.4704313005311,7795582,1233.7801391601563,1234.8151904296874,1230.5103481189492,1245.7386237074943,45.661766718761896,-8.489461599177957,22.655051080288185,0.0045215367326711,0.011451462025347,1.0138968394635048,0.962116121619012,0.253845616886198,0
2025-02-21,1217.634521484375,1229.3830367840983,1211.6858938870323,1218.1797397323817,6904025,1233.720654296875,1233.9288427734375,1229.2840789156564,1244.6365020516855,44.04124801518356,-8.436738319573578,22.3009147814866,-0.0039334935915839,0.0110657940515207,1.0089545831650033,0.9695665613007828,-0.1143669581052447,0
2025-02-24,1204.1510009765625,1212.7764626626977,1200.135628901039,1206.1338768607443,7172498,1232.7366455078125,1232.8630444335938,1226.8904524452666,1243.0488353428573,39.778136514269896,-9.37489421430064,21.95791319590442,-0.0110735366564469,0.0112882796451049,0.9915503556025622,0.9688110454067336,0.0388864466742227,0
2025-02-25,1193.6912841796875,1210.5457292220915,1191.2126893205104,1200.6313497853837,11552182,1231.1751281738282,1232.0441162109375,1223.728626896164,1241.1132451011645,36.80208269643036,-10.83747360035568,21.77042224630989,-0.0086863830104298,0.0114174029899477,0.9825361958288388,0.9750171472944368,0.6106218502953922,1
2025-02-27,1196.7647705078125,1204.597154814102,1190.370043898487,1202.416039651657,11509215,1228.8972961425782,1231.1290185546875,1221.1606405734638,1239.374089234759,38.26369773658304,-11.614686761541634,21.2316142941174,0.0025747748759321,0.0108731647795496,0.9834208982346286,0.9922320892079052,-0.0037193839224486,0
2025-02-28,1189.82470703125,1206.9270123506617,1183.0830013175257,1191.7084634163882,23007298,1225.6751220703125,1230.527216796875,1218.176265950396,1237.4309762071705,36.22632115260164,-12.644876646509374,21.41821406119016,-0.0057990205323454,0.0105624442356537,0.9733171310930532,0.9868431630109322,0.9990327750415646,0
2025-03-03,1161.2216796875,1196.1202465389174,1146.1022512006402,1193.6912720117396,17944938,1221.0475830078126,1229.8520458984376,1212.7520196396438,1234.442376343654,29.30151409492771,-15.589627294387128,23.461055580982084,-0.0240396985999037,0.0115791836262443,0.9536701359878462,0.9622098545325296,-0.2200327913342975,0
2025-03-04,1151.9517822265625,1163.948157257321,1149.6219272411693,1152.2491409974891,11377373,1216.8835388183593,1228.6543872070313,1206.961520838398,1231.20745108416,27.46889484693816,-18.458587544800366,22.808568040637063,-0.0079828835639996,0.0113356405643014,0.9566506038630814,0.9485672464478444,-0.365984268098335,1
2025-03-05,1165.5345458984375,1172.8712116641736,1147.0938223968292,1151.0595745918054,8664095,1211.4504638671874,1227.719462890625,1203.0160946536398,1228.632043037661,33.984107263582715,-19.41246884358065,23.020626699687597,0.011791086989441,0.0086776873022179,0.9764120433361466,0.9593601746209606,-0.2384801834307445,1
2025-03-06,1199.243408203125,1203.5561393973803,1175.002796955133,1186.75131332057,14468014,1208.049835205078,1227.5816528320313,1202.656791182162,1227.4795475539538,46.7645488031017,-17.249560972523795,24.092124328205824,0.0289213755382113,0.0114286139964008,1.0020711151902146,0.9854576761953368,0.6698817360612968,1
2025-03-07,1239.0992431640625,1244.0564330934674,1201.622838887705,1205.5885908312289,16474965,1206.475927734375,1228.151728515625,1206.127500894724,1227.9352218916054,57.29230832913415,-12.17901599435595,25.57218865407272,0.0332341497049837,0.0139496891192483,1.0414132736037716,1.0136253797462478,0.138716412632722,0
2025-03-10,1227.7967529296875,1247.2289120927182,1224.8224391488625,1234.3402190424754,11931051,1205.0730407714843,1228.7009838867189,1208.1912391837684,1227.929791736236,54.029207267880025,-8.969197742472488,25.346066103342935,-0.0091215375174581,0.01386331684691,1.057331924133645,1.0083458798728242,-0.2758072020183351,1
2025-03-11,1236.62060546875,1238.801720552263,1219.2208210077197,1229.3830600118497,10089838,1204.758258056641,1229.3325317382812,1210.8987978775765,1228.2706079610405,56.129941914078685,-5.648272724433582,24.934268492000115,0.0071867371517375,0.013799661625382,1.073500318805475,1.026964728232468,-0.1543211071681782,1
2025-03-12,1246.287109375,1252.1861167007874,1233.3487958636415,1247.2289270068015,11977555,1205.8587524414063,1230.04240234375,1214.2691132582834,1228.9771374282543,58.37407679579373,-2.2109234929992,24.498772230939096,0.007816871127249,0.0134474870112054,1.0692837151509014,1.0440614972165576,0.1870909126588553,0
2025-03-13,1237.215576171875,1253.326444606414,1233.2002036288975,1249.2615727756531,9505270,1207.4128356933593,1230.163359375,1216.4544906786257,1229.300213457416,55.5045814418858,-0.2163029718342386,24.186448569980342,-0.0072788470127675,0.0130820333660305,1.0316634368878002,1.0338001307031277,-0.2064098223719281,0
2025-03-17,1228.2427978515625,1246.6340190017777,1222.5420300210542,1231.5145912773855,16640917,1208.5405883789062,1229.9194604492188,1217.5771865998577,1229.2587461787552,52.74285859799007,0.6331217069091508,24.179701456462,-0.0072523968281061,0.0132195569345483,0.9912384376212048,1.0322888662449867,0.7507042935129671,0
2025-03-18,1228.2427978515625,1228.2427978515625,1228.2427978515625,1228.2427978515625,0,1209.6113342285155,1230.3328881835937,1218.5929591000202,1229.218905067885,52.74285859799007,1.291410310404217,22.45257992385757,0.0,0.0132214883695241,1.00036328889192,1.0577160410767552,-1.0,1
2025-03-19,1236.471923828125,1242.5196714129374,1228.1934407470596,1230.4241762433128,16162399,1210.714312744141,1230.4578125,1220.295717645554,1229.5033371761297,55.11815650748522,2.448901057023477,21.872126405430443,0.0066999179567401,0.0132306100204683,0.9998797677800552,1.0733712494790335,inf,1
2025-03-20,1258.2835693359375,1262.10058145345,1239.347127629136,1241.1316434245866,15971477,1212.8830810546874,1230.530187988281,1223.913608282733,1230.631973731416,60.7495364817413,5.067819647652641,22.140450063994347,0.0176402270746944,0.0137424009941088,1.0096257594824627,1.0795763830114582,-0.0118127265636741,1
2025-03-21,1265.4217529296875,1270.0319634187874,1259.2252659887297,1264.0833359554676,21780769,1215.3071411132812,1230.9584887695312,1227.866764915777,1231.996278798015,62.41172583956259,7.631353762916206,21.39816035105546,0.0056729530351549,0.0137688530450409,1.0227981099664831,1.0551834133703684,0.3637291654366092,1
2025-03-24,1290.9512939453125,1294.8179260458828,1273.254151243817,1279.9463572168718,20299319,1218.7325561523437,1232.152177734375,1233.874815299542,1234.3082401763406,67.6829073104934,11.589398250332806,21.96944697713688,0.020174729062875,0.0143496936950642,1.0510554559761631,1.0418465680350548,-0.068016423111599,0
2025-03-25,1274.4439697265625,1296.50346593687,1271.6183955406093,1296.50346593687,13713899,1221.5730285644531,1233.0563696289062,1237.7385442925915,1235.8821903547807,61.66162606321224,13.241533757208115,22.17770579278858,-0.0127869457942921,0.014701480003569,1.037615666833801,1.0379926210796442,-0.3244158092200039,0
2025-03-26,1262.150146484375,1282.722484204843,1257.8869148358597,1279.9464094999762,12074747,1224.4729858398437,1233.7364965820314,1240.0634587870472,1236.9123062814317,57.55497552139293,13.404337399887936,22.367553191088213,-0.0096464211328374,0.0146360388422558,1.0207673317617678,1.020644602639423,-0.1195248703523338,1
2025-03-27,1267.2559814453125,1273.9978081396894,1260.4151561828105,1267.2064821612498,15028056,1228.151220703125,1234.2520458984377,1242.653222849739,1238.1022543270738,58.78274362257964,13.786437203431204,21.740060245787543,0.0040453467245236,0.0144008939293812,1.0071306757300424,1.01682507338203,0.2445855801367928,0
2025-03-28,1264.1824951171875,1284.655712816062,1258.1347478785124,1269.0405652360091,18147129,1231.5221069335937,1234.423564453125,1244.7036297323532,1239.1250088678626,57.70076097845408,13.683514354352155,22.081553438056268,-0.0024253082038087,0.0144536600882807,0.9990206760634304,1.021796459295115,0.2075499984828377,0
2025-04-01,1241.8751220703125,1266.9585500115554,1238.603449529153,1253.7723771839194,12099648,1234.1246276855468,1233.4370825195313,1244.4342480502542,1239.2328564444292,50.44343073912694,11.667433766811882,22.529663941223845,-0.0176456905019928,0.0150566138633089,0.9619844899608746,1.0110990467378238,-0.3332472591118959,0
2025-04-02,1240.437744140625,1244.8000957785905,1233.2498182568115,1236.8685913550723,10142590,1238.085430908203,1232.3603833007812,1244.0536286302895,1239.2801069423194,50.00698202766451,9.84025861389955,21.74542205412064,-0.001157425496447,0.013768011719836,0.9733168139253436,1.009928774921696,-0.1617450358886473,0
2025-04-03,1238.0086669921875,1241.08222182284,1222.4927580494818,1222.4927580494818,7434366,1242.3882751464844,1231.8646655273435,1243.4779179980892,1239.2302465521182,49.23175494500751,8.102798894062971,21.519996462637604,-0.0019582418867142,0.0135704776478595,0.980872735657139,1.0012428451746036,-0.2670150326494515,0
2025-04-04,1194.38525390625,1234.7863505024063,1182.9342181609516,1230.473619610667,17908652,1243.830810546875,1230.4290625,1238.802426179819,1237.4716193895351,37.87581082836388,3.1692713016484504,23.916743060394623,-0.0352367590381439,0.0159581747502214,0.9424972313360456,0.9492178734691656,1.4089010414606975,0
2025-04-07,1155.7191162109375,1161.2216449878497,1105.304523000697,1122.5059464290011,22156106,1241.6545959472655,1228.4868334960938,1230.8897299923065,1234.2656388727275,31.0412196549659,-3.816623366697513,28.571313620763085,-0.0323732544159051,0.016266061316439,0.914202752114365,0.9133074514763414,0.2371732947851128,1
2025-04-08,1172.0780029296875,1186.3547349162204,1153.3399207865864,1161.9653833278503,19555040,1238.303533935547,1227.2158081054688,1225.2886131291998,1231.826908051432,36.28004252869492,-7.941425965567305,28.88870651425387,0.0141547253907015,0.0145802690582556,0.9437969906150732,0.9079180666434494,-0.1173972538315171,1
2025-04-09,1175.2010498046875,1179.613021672609,1157.9996241138483,1159.4867811653644,10223104,1235.6737487792968,1226.3433447265625,1220.5183690030558,1229.6062861594028,37.25997971694588,-10.833476388150984,28.369041588861496,0.0026645384242292,0.0145441210509904,0.9474083285162098,0.9221284557977328,-0.4772138538197825,1
2025-04-11,1208.5133056640625,1212.1816988912135,1184.917153801556,1184.917153801556,11224242,1234.2683837890625,1226.0369873046875,1219.3750296374374,1228.7791104537032,46.67947076095434,-10.318481506656552,28.984156410123244,0.0283460058727069,0.0159552071329208,0.9761751576426476,0.9575035973574824,0.0979289656057496,1
2025-04-15,1229.4822998046875,1240.288998738938,1226.5079856590305,1240.288998738938,13378535,1233.4281433105468,1226.1282006835938,1220.337626796223,1228.806686506683,51.60488279315678,-8.12466568222635,29.183551886176986,0.0173510660100699,0.0163703904172961,1.0293850294816118,0.9701925402651926,0.191932158982317,0
2025-04-16,1228.689208984375,1230.2754856402491,1218.477348782242,1223.5336585713449,8248464,1233.0018249511718,1225.855556640625,1221.133015576047,1228.802079545024,51.411446506288925,-6.376541831860322,27.941736527021995,-0.0006450607873236,0.0162939173013332,1.063138258898643,0.971923922163214,-0.3834553633862003,1
2025-04-17,1263.5877685546875,1269.238916912585,1217.0893007676923,1229.5813957339365,15398401,1234.769073486328,1226.0419482421876,1225.1763253835368,1230.1662242120697,58.7403922708899,-2.150331307225315,29.67087078544133,0.0284030813611193,0.0173971037261371,1.0780748084993192,1.0174837599195787,0.8668204165042122,1
2025-04-21,1284.4078369140625,1289.7616259352503,1256.151855939882,1259.126169726638,10429964,1237.577325439453,1226.6546557617187,1230.8174217197773,1232.2933462788144,62.38559025537504,2.8461676488032026,29.952220729007557,0.0164769467365051,0.0177065326703943,1.0929260462518515,1.0354472386712965,-0.322659281311092,0
2025-04-22,1280.144775390625,1292.7361113748846,1275.2868257139828,1288.8694787336528,13051707,1239.760968017578,1227.5528979492187,1235.5152649265249,1234.1698729106502,61.19345607166175,6.38829534013189,29.05915393842857,-0.0033190871317634,0.0177198346919187,1.0592723881407349,1.0340353904797852,0.2513664476694262,1
2025-04-23,1288.869384765625,1294.8180126953123,1274.3944143417475,1285.8950708007812,10480888,1241.2902587890626,1227.8463647460935,1240.5966096731056,1236.3149518069235,62.76179064555701,9.786645756812277,28.442328539509727,0.0068153302210194,0.0173752980928818,1.048302513155636,1.079106913410362,-0.1969718596962067,1
2025-04-24,1290.4556884765625,1293.3308829080645,1279.2525115884996,1281.3345072026398,10468940,1242.5419555664062,1228.3103588867189,1245.3450933686731,1238.438117950831,63.05415497616823,12.464185031644774,27.416331595227952,0.0012307715038371,0.0173454356066114,1.050270222152633,1.1165824553524415,-0.0011399797421745,0
2025-04-25,1289.2659912109375,1313.85358083958,1277.071255478384,1292.3394247863746,14431012,1242.4576904296875,1228.684130859375,1249.5280360203174,1240.4313678826,62.656836403392255,14.325025592940392,28.08533114993995,-0.0009219202768825,0.0167573959923833,1.0203216771286263,1.0999830966781483,0.3784597103431675,1
2025-04-28,1357.0804443359375,1362.8307123815491,1308.8964585313056,1328.526980231352,31104496,1246.5895141601563,1230.7086499023435,1259.771122526567,1245.0058414690054,73.07258180944277,21.029400919107275,31.333859008559354,0.0525992724443973,0.0201518402958742,1.0565806322051718,1.1547644929022804,1.155392567063211,1
2025-04-29,1387.7156982421875,1398.8198762816546,1358.2700385179512,1359.2614765022709,32538970,1252.8677917480468,1233.604638671875,1271.956320213769,1250.6023064405028,76.28991646058638,28.48630325641352,32.077114218356336,0.0225743831429541,0.0203461849872351,1.0840302791680247,1.1482833426311807,0.0461178988400905,1
2025-04-30,1392.9703369140625,1400.3070020394923,1357.2785702742715,1389.9960230274132,25480745,1259.1535095214845,1236.9785009765626,1283.481464661416,1256.185366459074,76.80190460923194,34.42314887620273,32.85935118598952,0.003786538322317,0.0203468722190341,1.0807692023558833,1.1329730709708845,-0.2169160548105856,1
2025-05-02,1407.6436767578125,1414.4845019236116,1397.0352178747166,1401.8932881277126,13007841,1266.3265686035156,1241.0086962890623,1295.3064372420251,1262.1249080394168,78.21647873428498,39.85275988920057,32.0489807448152,0.010533849468939,0.0203064148007258,1.0908113229518135,1.1456466504832088,-0.4895031130369226,1
2025-05-05,1419.0452880859375,1427.1750314493302,1414.6829365878357,1418.747808269532,12685649,1275.185076904297,1245.2758471679688,1307.0910897033502,1268.278648433398,79.2740502847189,44.56209637411553,31.154864598151097,0.008099785134819,0.0195585904310331,1.1006613823367088,1.123028667576503,-0.0247690604459264,0
2025-05-06,1408.7342529296875,1419.7391903256466,1398.5223933042987,1418.7477523435757,14084117,1283.59990234375,1249.313974609375,1316.7713909630015,1273.7867113548211,75.69498593488385,46.921384589158606,30.445002628379445,-0.0072661776497336,0.0197374501673473,1.0380624514997163,1.0967966812740209,0.1102401619341666,0
2025-05-07,1393.9617919921875,1412.20427492599,1390.6899982666434,1408.7342420156256,13440169,1291.39755859375,1252.9049633789064,1324.122857727686,1278.49945961511,70.76556713961901,47.056683206053776,29.80709363059137,-0.0104863361608324,0.0200213718762879,1.0045009894735009,1.0889094880435162,-0.0457215741675534,1
2025-05-08,1394.9532470703125,1408.635139694706,1386.030305191398,1392.0780527042998,16106175,1301.425958251953,1256.5058642578124,1330.8686090936503,1283.0662748094317,70.90252557118902,46.70551833143668,29.292646550071133,0.0007112498232164,0.0175755777002765,1.001423512119176,1.0823076904134692,0.1983610473945678,0
2025-05-09,1365.4083251953125,1382.8577303043132,1362.731491083779,1373.637308764333,13668904,1311.910418701172,1259.4752197265625,1334.158105865237,1286.2953748245643,61.6358867329504,43.54127267233298,29.501868652675583,-0.0211798653016151,0.0163606285094022,0.9699957082464368,1.0580823017698768,-0.1513252525816961,1
2025-05-12,1424.2005615234375,1426.6791563050656,1388.013077711669,1388.013077711669,10674081,1324.5165466308597,1263.51037109375,1342.733577832685,1291.703421361775,70.0299134399648,45.25594495223231,31.77108025675255,0.0430583549574556,0.0180736374807917,1.003632916779177,1.1046599935407924,-0.2190975223763368,0
2025-05-13,1403.57861328125,1435.304626683893,1400.3069407641844,1421.226256646525,11407896,1335.9354248046875,1267.2292529296874,1348.5283431135006,1296.0906837899895,64.6838348649535,44.4385561954864,32.00155208982084,-0.0144796658555791,0.0188277772433983,0.996340232632439,1.0342633844142273,0.0687473703825181,1
2025-05-14,1412.204345703125,1417.6572548355591,1403.3805230837922,1407.8419941921477,5570160,1346.1199768066406,1271.3903198242188,1354.5927243125125,1300.6441607277598,65.85790198439126,43.97982222091469,30.73549349424556,0.0061455285370228,0.0182788406952689,1.0130868391197911,1.0176467323184115,-0.511727666521504,1
2025-05-15,1441.7491455078125,1448.8875719918406,1400.6044669576877,1412.7992032271827,20177211,1356.7333190917968,1276.351477050781,1362.893335854922,1306.1776895426638,69.58734117080603,45.47607083242565,31.98889431852465,0.020921051471469,0.018392305297912,1.0335465712100251,1.0350178372798755,2.622375479339911,1
2025-05-16,1443.9302978515625,1448.4908883531898,1434.9082364412498,1440.757623701411,9036695,1367.4953735351562,1281.2947875976563,1370.6111417593638,1311.579752613601,69.84918480244292,46.30409462291232,30.674162718054323,0.0015128514905287,0.0183442437317656,1.057508051772731,1.0257782716555996,-0.5521335926952442,0
2025-05-19,1428.4638671875,1442.1456384779733,1425.886031660542,1439.667043567546,6195791,1375.7391784667968,1286.0675708007811,1376.1209251334722,1316.1634433812048,65.54011427617935,45.19135988017274,29.77202725183763,-0.0107113415980502,0.0181679993568861,1.002993472815024,1.0066372646318191,-0.3143742264179547,0
2025-05-20,1412.4024658203125,1432.6278240113834,1409.6265122020177,1425.88599760598,11270560,1382.1389099121093,1291.0911865234375,1379.5763099607902,1319.9375226925424,61.31018681989662,42.523306512493946,29.288404720232496,-0.0112438275381867,0.0184069820917607,1.006286682096441,1.002603906934893,0.8190671699545709,1
2025-05-21,1416.9630126953125,1423.9030780659657,1405.9580760983038,1411.708464386899,6136364,1388.9798217773437,1296.3914111328124,1383.136948316459,1323.7424438691216,62.058964815403854,40.31215953340097,28.478161666477455,0.0032289287121509,0.0183107227037858,1.0033696730977115,1.016500610587219,-0.4555404522934086,0
2025-05-22,1397.332763671875,1411.6094953044076,1384.9397884743898,1409.031659643212,12134466,1394.4029907226563,1301.0273754882812,1384.4889307312606,1326.6283387633473,56.94988313239611,36.55443580109204,28.731380420366403,-0.0138537483671484,0.0187944055372779,0.9691927115238254,1.0017058038371969,0.9774684161500198,1
2025-05-23,1414.5838623046875,1421.5239286750705,1394.5567410207764,1394.5567410207764,6474883,1400.6093994140624,1305.3341845703126,1387.3551146906343,1330.0775749806548,60.06163017855873,34.56993150516473,28.60536665136124,0.0123457340164847,0.0188657791277667,0.9796760026501696,1.0360152609310778,-0.4664056086192832,1
2025-05-26,1422.5152587890625,1428.6621258406371,1412.898237790455,1419.7391840414937,4842944,1407.2718627929687,1309.0025048828124,1390.7036998428655,1333.7025821888278,61.44159065029703,33.25386510676526,27.68811817984845,0.005606876125006,0.0188185554004751,0.9958356605756156,0.9988166675537804,-0.2520414654596847,0
2025-05-27,1409.9239501953125,1424.696400543767,1401.794207036506,1413.8897021801247,12640414,1409.9140380859376,1312.645048828125,1392.5341998764322,1336.691655443984,58.014550930147095,30.839362654879324,27.346266417520777,-0.0088514400924377,0.0153514639338605,0.9982451775007624,1.004520827586015,1.6100681734085711,0
2025-05-28,1400.8028564453125,1410.4197571984832,1398.621620102477,1407.9411620533203,5944611,1410.5683959960938,1315.9286938476562,1393.3216909782304,1339.205820189134,55.59543567359525,27.86860410818963,26.23568575169831,-0.0064692097391043,0.014663312789845,0.988595216596896,0.9919264593027888,-0.5297139001934589,1
2025-05-29,1405.660888671875,1407.842003929875,1396.5395861721686,1400.0096192804465,13771917,1411.2029235839843,1319.1161694335938,1394.4968526633395,1341.8119013061043,56.63267836110955,25.61103113260901,25.169023752127465,0.0034680342092463,0.0146598086433209,1.0059600155499937,0.9749691151554478,1.3167061730363856,1
2025-05-30,1408.7342529296875,1418.3511529457182,1397.630074915406,1405.8590585766528,13788484,1411.2574523925782,1322.54654296875,1395.852795545849,1344.436307252127,57.31203303618543,23.795582432904663,24.85131334342637,0.002186419414939,0.0144784451271634,0.9958647843151062,0.9756248310778964,0.0012029552603316,0
2025-06-02,1401.5958251953125,1405.3633379328091,1383.650821945961,1400.0095486308933,8098668,1410.3849792480469,1326.013603515625,1396.39975075056,1346.6778569753897,55.15100398758217,21.53260038528947,24.86789317487637,-0.0050672635520357,0.0143964472256794,0.9852940532873032,0.9811909544165874,-0.4126498605648018,0
2025-06-03,1393.466064453125,1414.286261787537,1391.3840689247124,1410.1222707307113,11252626,1409.6215698242188,1329.318068847656,1396.120352055566,1348.512688641183,52.71322538253683,18.86569507071249,24.727486009729805,-0.0058003602722308,0.0143639965080024,0.9883271110190676,0.986592772368045,0.3894415723672091,1
2025-06-04,1411.3118896484375,1413.493004678654,1394.0608455067168,1402.5871874772963,8126827,1410.4890747070312,1332.8148681640623,1397.567165159649,1350.9754024061738,57.186868975729645,17.984844254978043,24.391732739429745,0.0128067885186111,0.0144512823533823,1.007502150038295,0.9960118062389464,-0.2777839590509806,1
2025-06-05,1430.0501708984375,1442.244785474372,1411.4110884077943,1415.7734397380668,13716817,1412.2439208984374,1336.2502001953126,1400.6607847538194,1354.076373719596,61.32435944746479,18.584555148576783,24.85895867418009,0.0132772078145446,0.01472166584075,1.0173507582256247,1.023414184564447,0.687844099548323,1
2025-06-06,1431.140625,1439.0721282906131,1424.6962785763767,1428.6620302216834,8182161,1415.530535888672,1339.5645776367187,1403.563626682027,1357.0985012207882,61.55718866439851,18.92961210011231,24.11016517704126,0.0007625285628107,0.0137395231486142,1.0159053221171523,1.0117043344947665,-0.4034941925666866,1
2025-06-09,1436.3953857421875,1445.0208477095389,1432.9253528317358,1444.5251287223314,7885125,1416.1402770996094,1342.4734594726565,1406.690460878233,1360.2081829667254,62.72181072138529,19.403416983454463,23.37945500079109,0.0036717291441485,0.009896803406332,1.0248285275407591,1.0097574538250933,-0.0363028789093736,0
2025-06-10,1426.1834716796875,1441.4516401070769,1423.704876838395,1437.5850079496329,7913181,1417.2705200195312,1345.5082495117188,1408.546938097419,1362.7954491907633,58.982173035175,18.7388844513614,22.977119877069004,-0.0071094032770255,0.0094372848552848,1.023479156085084,1.0115321975218043,0.0035580919769819,1
2025-06-11,1436.4945068359375,1456.0257865422643,1430.7441181682643,1433.4210733170682,8195700,1418.4850280761718,1348.99513671875,1411.208611310611,1365.6856083141035,61.47953914639314,18.8272234833953,23.46749094746242,0.0072298097411731,0.0094724083496808,1.0178434103561425,1.0254794243361245,0.0357023300743404,0
2025-06-12,1429.2569580078125,1444.5251270006308,1422.1186530105915,1441.055094094315,8828114,1417.860418701172,1352.23515625,1412.927501472249,1368.1786024197393,58.77450668865631,18.104525399886143,23.391704021932195,-0.0050383407619613,0.0082885484540038,0.9994453251314066,1.016786459327493,0.0771641226496822,0
2025-06-13,1415.67431640625,1423.2092208521976,1402.1907840779525,1411.8076840776937,9757276,1416.4476196289063,1355.2649926757813,1413.1891028945352,1370.041179438818,53.97484426412388,16.24847400556041,23.654166158212757,-0.0095032887721566,0.0085174460733379,0.9891930196630748,1.0049264532768545,0.1052503399933439,1
2025-06-16,1425.489501953125,1430.050092219024,1412.204209506703,1414.6828043278583,8458093,1416.2989013671877,1358.9372802734374,1414.3605694715438,1372.215623458987,56.72500265110062,15.392112654707717,23.23928876922049,0.0069332228699261,0.0083659679215503,0.9924074639216224,1.0170474799712557,-0.1331501742904475,0
2025-06-17,1418.9459228515625,1435.602128554236,1413.5922548276174,1435.602128554236,10366599,1416.62607421875,1362.5074438476563,1414.7972697934504,1374.0481842194804,54.3915685053353,14.02377066910367,23.151473409034647,-0.0045904084825576,0.0080235780200165,0.9949252329929186,1.0182852378313476,0.2256425887017321,0
2025-06-18,1417.85546875,1430.4468040463896,1413.4931173168031,1417.7563491543892,6681735,1416.6706970214843,1366.1043798828125,1415.0885268369314,1375.7661169461676,53.99297064461902,12.704905017931878,22.70877436050264,-0.0007684958841638,0.007995512208846,0.987024636713027,1.00463652233752,-0.3554554391464356,1
2025-06-19,1421.028076171875,1427.5715425014369,1413.4930508573852,1417.8554020854735,10007230,1417.8554626464845,1370.637236328125,1415.654198202164,1377.5410957393328,55.02564165491898,11.779905968554658,22.09232559504185,0.0022376098916994,0.0073009751923617,0.9942425455479976,0.993691064194696,0.4976993251004418,1
2025-06-20,1453.6463623046875,1458.4053131642288,1415.8725983169522,1418.7477927518771,29010635,1419.8085876464845,1376.59578125,1419.272499545261,1380.5256159967978,63.97796108646978,13.522976194382863,23.5523533987729,0.0229540053991637,0.008470509939023,1.0268225858577635,1.015725734362888,1.8989675464639064,0
2025-06-23,1444.326904296875,1451.266970188698,1429.6535737155343,1440.5593915455418,5989078,1420.899169921875,1382.0407592773438,1421.6586333311293,1383.0276273026832,60.28564632505448,13.991088966766029,23.583813055228635,-0.006411090241396,0.0085816759872275,1.0132146903347516,1.005521821243243,-0.7935557770452112,0
2025-06-24,1438.378173828125,1462.3709229333156,1430.7440292763747,1452.4565437947847,16402744,1422.3218811035156,1387.3043017578125,1423.2509705213192,1385.1982369703476,57.98524231003315,13.723858777060286,24.1583188124938,-0.0041186870168051,0.0083641468988299,1.0136948495806737,1.0085505844027731,1.7387761521890348,1
2025-06-25,1454.737060546875,1459.7933702625824,1447.9952335758323,1451.4652666586912,7525851,1425.0185913085938,1392.2287768554688,1426.2496457618483,1387.9252496596232,62.25112003074426,14.663075560102245,23.962381499776907,0.0113731472128864,0.0084727256639694,1.0260122365147628,1.012699355009104,-0.5411834141897234,1
2025-06-26,1482.4971923828125,1485.9672251547677,1452.55569413543,1456.5214458748071,14657893,1428.8604064941403,1397.2890747070312,1431.606554963845,1391.6339532958268,68.15916107372078,17.44631204016582,24.637320751174105,0.0190825769060298,0.0093013184978941,1.043256792206759,1.0372502887438866,0.9476724957748964,1
2025-06-27,1502.425048828125,1508.9685148979506,1484.0834473001275,1486.562042101208,11117052,1433.5449462890624,1402.7637915039063,1438.3511734271096,1395.9787021402306,71.59588354740026,21.017778605195872,24.768320877171536,0.0134420871403355,0.0096038614132107,1.0335560888730195,1.0612787358056304,-0.2415654828425886,0
2025-06-30,1487.7518310546875,1511.7447031481738,1483.191240482831,1500.838885203447,8409527,1437.8527465820312,1407.2470727539062,1443.0559979630696,1399.57764837217,65.95128950413275,22.40590422715104,25.03868814775519,-0.009766355922302,0.0098722477980264,1.030065857409859,1.0436778587399305,-0.2435470302738531,1
2025-07-01,1515.3138427734375,1518.2881567329412,1487.256099345396,1487.751818338647,10368523,1443.945135498047,1411.8651928710938,1449.937697468819,1404.1163226624158,70.63458012072624,25.43680809397188,25.46678595059733,0.0185259470991281,0.0102190959838482,1.05348778947372,1.067915146285639,0.232949605845846,0
2025-07-02,1505.796142578125,1516.9002002088089,1495.7825215605471,1515.3139235508756,6361002,1448.669348144531,1416.378220214844,1455.2575493839909,1408.1037665806791,67.19735174697936,26.762322981524903,25.15613542900193,-0.0062810092052564,0.0102690564680048,1.035098495402362,1.0620237222808433,-0.3865083773262595,0
2025-07-03,1504.8045654296875,1518.783816287235,1500.0456148706696,1507.7788792727886,11283291,1452.4070678710937,1420.696923828125,1459.9763128169143,1411.8959547708364,66.83246534874115,27.416747887492647,24.697711570970743,-0.0006585068990413,0.0100260091288742,1.015047160400365,1.0589548444978645,0.7738228977132848,1
2025-07-04,1514.223388671875,1516.900223008299,1504.2097675037892,1510.9515946827762,6603501,1456.5612060546875,1425.172277832031,1465.1427009935771,1415.908795315975,68.57786935067793,28.368391501089263,23.840050423366392,0.0062591671095162,0.0100483488279262,1.0078528641764544,1.041672464457687,-0.4147539933163117,1
2025-07-07,1528.3016357421875,1531.5734294639212,1511.942909183805,1513.5291857359532,7251074,1461.1565185546874,1429.9529907226563,1471.1578376363018,1420.3163576856307,71.0316886337443,29.91374576235262,23.539369698848517,0.0092973382762635,0.0101501015261129,1.0272557585486242,1.0581410837086034,0.0980651021329443,0
2025-07-08,1524.43505859375,1531.6726044702705,1517.0983931213486,1522.8487819842126,7171261,1466.0690979003907,1433.3000830078124,1476.2318586798683,1424.3994439957532,69.42805655896935,30.475151114608707,22.899001245282324,-0.0025299829942011,0.0099561777959038,1.0060193575501284,1.0598291091532568,-0.0110070590922116,0
2025-07-09,1505.9942626953125,1537.7202774459709,1497.170440637757,1523.5426661942138,8870660,1469.5440856933594,1435.665654296875,1479.0663733480058,1427.5992408075006,62.21401724583334,29.096642801946928,24.15977521406314,-0.0120968064821657,0.0104869631111673,1.0001315716726755,1.035234685042786,0.2369735252977125,0
2025-07-10,1504.209716796875,1511.645501953118,1494.5928164048603,1506.688311848956,10047129,1473.2917236328126,1437.8904418945312,1481.4609774859932,1430.6035731992408,61.54753755071968,27.542672310932403,23.652125952219887,-0.0011849619501496,0.0103776082015856,0.999604700406632,1.0146459126706096,0.1326247426910738,0
2025-07-11,1482.3980712890625,1502.0285923917668,1477.540121836759,1499.0542783474266,7234991,1476.627911376953,1439.3855297851562,1481.5502245148568,1432.634729987077,53.94136764103082,24.271337130044916,23.867659452783894,-0.0145004019481134,0.0107384787121986,0.9789824159229724,0.9866702318663528,-0.2798946843421638,0
2025-07-14,1470.9964599609375,1487.156947197204,1466.4358695278945,1479.4236826617216,10311846,1478.9032592773438,1440.4245532226562,1480.5451040811504,1434.1391115546794,50.43279205057591,20.522198553259383,23.64290361110716,-0.0076913290356688,0.010907269909319,0.962504014625738,0.9887377916504584,0.4252741986824861,1
2025-07-15,1472.6820068359375,1483.6869442622558,1469.7076928815193,1473.4750846086956,8132454,1481.5900634765626,1441.703508300781,1479.7962376768444,1435.6505976441406,50.94082098312744,17.485427640641092,22.95264273750925,0.0011458537942672,0.0108101143807908,0.9660509960945444,0.9718660024516952,-0.2113483851484981,1
2025-07-16,1472.8802490234375,1478.234038357326,1458.9009976142222,1460.388154594461,10409983,1484.3413024902345,1443.2818774414063,1479.1375720908054,1437.1105839727404,51.00442591189017,14.922741229579517,22.69409973790886,0.0001346130302264,0.0108001944921374,0.9780118593462568,0.9781405380024876,0.2800543353826532,0
2025-07-17,1463.759033203125,1476.845965908467,1461.2804382949057,1474.664850799291,11854613,1486.477850341797,1444.6579931640624,1477.6729493395976,1438.1556211974614,47.925638275897,12.01726040072208,22.184916014741173,-0.0061927748887664,0.0109522601899492,0.9731083484290426,0.9727236790946058,0.1387735215321677,0
2025-07-18,1463.3624267578125,1472.0871292027396,1456.521480639079,1472.0871292027396,10296318,1486.9636535644531,1446.6170751953125,1476.3100424270467,1439.1441233762987,47.79055373472762,9.572299574489987,21.71211119680684,-0.0002709506389481,0.009724624655863,0.9871588847152932,0.9664111898584048,-0.1314505163517357,0
2025-07-21,1416.3682861328125,1463.362470991638,1410.9153771961903,1452.456653118394,22442744,1485.56572265625,1446.4604296875,1470.6013037323578,1438.250953288319,35.14859552601918,3.7988256057954,23.907467096709755,-0.0321138084221002,0.0120817110266772,0.962863150717864,0.926759648101131,1.1796863694380844,0
2025-07-22,1400.70361328125,1419.640054314783,1398.6214967228643,1415.178583447059,20396320,1483.6819946289063,1446.4029296875,1463.9443808322524,1436.7785085821597,32.1003858267087,-2.017446427418008,23.7011164177961,-0.0110597455513019,0.0122769319768908,0.9511242799052504,0.9188345580121734,-0.0911842152635168,1
2025-07-23,1412.4024658203125,1413.7905031420296,1402.2898472373463,1413.7905031420296,8354596,1481.5652648925782,1446.4068920898435,1459.0356270215916,1435.8225853365968,36.527579734691386,-5.618122075082738,22.942957378009208,0.0083521256232481,0.0121311100878338,0.958939103675792,0.9378538157857942,-0.5903870894357414,0
2025-07-24,1390.8883056640625,1410.8161839876018,1384.0473596954969,1407.0486714179167,14740507,1476.984820556641,1445.3896752929688,1452.545405939922,1434.0604567219875,32.350199438389225,-10.091369366200752,23.32953943135252,-0.0152323156302015,0.0114906536435061,0.9502167188136148,0.9246638218943808,0.7643590426155855,0
2025-07-25,1379.7841796875,1389.0046012536309,1372.2492752918663,1386.9226057137396,11854722,1470.8527770996093,1444.1067529296874,1445.6157653444534,1431.931975269655,30.416717468339183,-14.366848155193338,22.99450306998421,-0.0079834778474616,0.0108458541710781,0.9428861602962664,0.9307784504115472,-0.1957724384921089,0
2025-07-28,1375.7193603515625,1395.746480796028,1373.1416457270684,1380.379191620021,7748361,1465.251153564453,1443.051862792969,1438.9589648689398,1429.7275589983572,29.716548150130464,-17.877116576157505,22.9666696413396,-0.0029459819845579,0.0107683179997934,0.971300595911932,0.9352295520739016,-0.3463903244631127,1
2025-07-29,1404.966796875,1408.0402305383973,1371.1587845273314,1371.1587845273314,10750072,1459.733801269531,1442.9031494140625,1435.7216155361837,1428.7565487190095,40.35536557154741,-18.0904702137766,23.960582239177192,0.0212597404429659,0.011080154229296,1.0030436014823745,0.9540191231734922,0.3873994771281306,0
2025-07-30,1398.0267333984375,1411.1137879299629,1389.3021514025702,1405.9582375902166,7209849,1454.3453308105468,1442.524423828125,1432.13162676116,1427.5514579221249,38.85250191429762,-18.605091714727905,23.80708611690687,-0.0049396636931199,0.0110678554586302,0.989821787507624,0.9491788177113312,-0.329320864083515,0
2025-07-31,1378.2969970703125,1390.5908519212596,1370.365493427784,1376.215001569177,17065827,1448.019952392578,1442.1437084960935,1427.0045191715556,1425.61991043774,34.87611266961865,-20.370143461423595,24.082382820745917,-0.0141125601226268,0.011283386425521,0.9909472899135936,0.9416146823389386,1.367015869541789,1
2025-08-01,1381.76708984375,1393.8627060383,1372.4476694796913,1375.025384070285,10321171,1441.3971374511718,1441.487373046875,1422.6961925689077,1423.9001919830737,36.11455646642997,-21.24406385697739,23.89185808773612,0.0025176669330437,0.0111287066691807,1.0014371161703703,0.9442411972440464,-0.3952141317265198,1
2025-08-04,1399.4146728515625,1403.975263237478,1379.7841529413568,1383.155066191865,6312820,1434.9527893066406,1441.025361328125,1420.4789049767794,1422.9399755465438,42.14068140310472,-20.278877330284104,23.913233245477908,0.0127717494051824,0.0113798264686104,1.0172239434748849,0.988030222473041,-0.3883620376021286,0
2025-08-05,1379.7841796875,1398.918980991344,1376.2150271869518,1398.918980991344,9315972,1427.720245361328,1440.4225659179688,1416.603216853991,1421.247591395209,37.86234981532069,-20.8575440095774,23.86226270398739,-0.0140276456613548,0.0115726971558981,0.982076005466099,0.98506505345214,0.4757227356395399,1
2025-08-06,1380.8748779296875,1383.9483114870873,1371.456217044825,1379.9825595355662,5834312,1421.4642761230468,1440.0240063476565,1413.2005179088192,1419.6643477298944,38.23754351293173,-20.98621526309921,23.05010782814988,0.0007904846701709,0.0115100013757368,0.9877313823412692,0.9776780424464112,-0.3737301915463035,0
2025-08-07,1377.50390625,1381.7670168023217,1354.3042341107182,1375.818389126872,9976705,1415.1289855957032,1439.4608666992187,1409.8008406079794,1418.010997083624,37.484215174065405,-21.116776347706946,23.365298889825137,-0.0024411854640599,0.0114957322729232,0.9994245864120735,0.9903770853780582,0.71000539566619,0
2025-08-08,1356.0888671875,1385.2370458989403,1353.312792536344,1373.1415514013454,8793606,1408.813525390625,1438.407958984375,1404.6854145679338,1415.5826782641682,33.031986488173715,-22.686742976271944,23.976652780737368,-0.0155462637639979,0.0115467117016256,0.9814163885903856,0.9828267979522952,-0.1185861464281042,1
2025-08-11,1374.331298828125,1376.1159356273254,1349.5453489789295,1358.2700517359046,9997486,1403.9802673339843,1437.8626684570313,1401.7945464022378,1413.9649771098136,39.61201970356693,-22.202998717049013,24.161933771284403,0.0134522390693019,0.012178162236668,0.9820758103298106,0.9989910285749828,0.136904018669929,0
2025-08-12,1368.5810546875,1389.8969719255274,1363.4255044148415,1370.0682117041065,12244664,1398.7752197265625,1437.3649682617188,1398.63135671512,1412.1852154461935,38.33344314144209,-22.029680112442293,24.32690046695594,-0.0041840305503688,0.0121334792522369,0.9918805236609268,0.9741020625765456,0.2247743082610969,1
2025-08-13,1370.7620849609375,1379.8833867126675,1365.7057756228248,1376.115874093997,7457021,1393.6693115234375,1436.5539721679688,1395.9771403575787,1410.5607789565756,39.13589882705806,-21.468853376337165,23.601951225733565,0.0015936434791108,0.0121613969048703,0.992676532008525,0.9804977631785174,-0.3909983156744848,0
2025-08-14,1367.4774169921875,1374.3455639562076,1363.794372575189,1370.961308962897,7126128,1388.8552307128907,1435.3025170898438,1393.262880989446,1408.871235350129,38.32700648604943,-21.046824707364976,22.669754093968205,-0.0023962349154438,0.0121470317630153,0.9927212625588062,0.9921500372553064,-0.0443733496258089,1
2025-08-18,1375.3409423828125,1388.4802648218374,1370.662621833986,1383.602791829514,11785109,1384.4541564941403,1434.1865234375,1391.5560296935762,1407.5563219004305,41.44714577514728,-19.849035836326948,22.55068936080261,0.005750387752597,0.012300384280078,1.0141967651686727,0.9953493265918902,0.6537885651226023,1
2025-08-19,1413.564208984375,1414.460091190419,1382.7068811681168,1383.6027633741608,14384719,1384.3139526367188,1433.7298999023435,1393.6520467688904,1407.791925315487,53.7070929021092,-15.63524795107196,23.73415074986003,0.0277918481328272,0.0121368163043381,1.0285469087327803,1.010111038855967,0.2205842983717842,0
2025-08-20,1406.4969482421875,1418.342205158243,1403.510755146132,1406.4969482421875,8725641,1384.6036193847656,1433.3361694335938,1394.8753707187282,1407.741141900848,51.557575278909496,-12.719437810136924,23.098243554306524,-0.0049996036241362,0.0119206648620569,1.0277045290264852,1.0193601064194964,-0.3934090057650761,1
2025-08-21,1418.24267578125,1425.3099750709036,1413.7633861810953,1418.441706715632,11021323,1384.8956298828125,1432.9711328125,1397.1008283437304,1408.152966758903,54.79576284469338,-9.35303920303886,22.792156645335783,0.0083510508527886,0.0119206265293138,1.034638097552622,1.0270609585624348,0.2630960865797711,0
2025-08-22,1402.71435546875,1416.84907536351,1401.4204113959267,1413.464698965694,5818868,1385.4869323730468,1432.440280761719,1397.635449974685,1407.9396878847797,50.0339716484728,-7.847686482201198,22.365735769620603,-0.0109489867832006,0.0116630816805265,1.025767839409054,1.0183015446303747,-0.4720354353102617,1
2025-08-25,1406.0987548828125,1412.9670232567023,1399.230486508923,1408.189065733516,5979407,1386.8026611328123,1432.24876953125,1398.4414790135538,1407.867494433722,51.03275400781372,-6.308866175212415,21.749364410917657,0.0024127502515873,0.0114961406663005,1.0223637729032564,1.0368780313041224,0.027589386801694,0
2025-08-26,1378.5262451171875,1403.5107021083377,1375.241384232256,1401.519906786198,12145259,1386.9430053710937,1431.3095043945314,1396.5447900710428,1406.7168572056223,43.41815900811121,-7.230858267277426,22.39993628517757,-0.0196092270687793,0.012368463696751,0.9752130369144236,1.0030523544742374,1.0311811856928288,1
2025-08-28,1379.521728515625,1385.7926612650012,1360.2109883890075,1383.50331940736,13161813,1385.670751953125,1430.5210205078124,1394.923546113384,1405.6503815707208,43.74452508028801,-7.791402019677662,22.627203184521584,0.0007221359781603,0.0113351200469994,0.9808209895085264,1.0079941730821511,0.0836996559727545,0
2025-08-29,1350.9537353515625,1397.0406983353937,1343.7869203796088,1374.7437651325777,18758842,1383.3171020507812,1429.1829858398437,1390.7359450884487,1403.5054150523224,37.12631988697973,-10.420711798666616,24.81481566818325,-0.0207086213819929,0.0121532740926771,0.9525547062017288,0.9855493890393536,0.4252475703765126,0
2025-09-01,1347.6689453125,1356.9260708455383,1334.430107544873,1349.759256141992,11232238,1381.7856994628903,1427.7158032226562,1386.634326062168,1401.3157495723294,36.44358795600034,-12.623992320379102,24.649183356217687,-0.0024314600515965,0.011797864287208,0.9607579334013052,0.9855145895401644,-0.4012296707867149,1
2025-09-02,1360.2109375,1378.128095842481,1348.2661652716797,1348.5648331807902,11517006,1380.7078918457032,1425.8470947265623,1384.117812865771,1399.7037961577284,40.91159810712847,-13.205845291716289,25.06418101148649,0.0093064340698238,0.0120020176237389,0.9673651532486872,0.9889990878504646,0.0253527391424577,1
2025-09-03,1366.2828369140625,1370.1649121838109,1354.2385492379765,1363.396159328429,7847563,1379.051300048828,1424.2862133789065,1382.4192437275128,1398.3931703050357,43.00073436036924,-13.02685099643736,24.411479721082767,0.0044639395601555,0.0116491611398472,0.991118480154809,0.9665516629737791,-0.3186108438252094,0
2025-09-04,1353.0440673828125,1367.676364160165,1350.8541196588233,1365.4865379446771,13223177,1377.7142944335938,1422.57953125,1379.6216078851603,1396.6147741120074,39.70454269931641,-13.794243337427588,23.869391491101258,-0.0096896258765509,0.0114348462606961,0.9808066371224884,0.9619957363390093,0.6850042490898129,1
2025-09-05,1368.671875,1374.6442613636364,1353.0441792852228,1356.7271022727273,5777575,1377.1041442871094,1420.8582275390625,1378.5787761818117,1395.5189741468307,45.05846979140907,-12.991614582844932,23.70730595465287,0.0115501098551922,0.0117676231777062,1.0131152823259535,0.9650477301044804,-0.5630720968190928,1
2025-09-08,1372.15576171875,1379.6212446443146,1366.08385990766,1373.6488583038629,6986720,1376.836737060547,1418.6513989257812,1377.967060518663,1394.6027697378863,46.20524538779144,-11.936804913423884,22.98088301051013,0.002545450653576,0.0117744348430173,1.0181697563718604,0.9782146709835388,0.2092824411625984,0
2025-09-09,1369.8662109375,1374.843199236951,1362.4007284883237,1370.264394303157,9754452,1377.5256042480469,1416.0002221679688,1377.1955510347427,1393.6327086084596,45.53262302877878,-11.156997343995272,22.2281392775185,-0.0016685793589367,0.0112135949930516,1.0070983647986582,0.9742318639999562,0.3961418233448599,1
2025-09-10,1370.66259765625,1382.1096709119122,1367.7759200987732,1377.5308659113482,7790815,1377.3421691894532,1413.6584375,1376.5733649986958,1392.731919943667,45.82802480435589,-10.35536230384173,21.66425438720568,0.0005813609478,0.010796662646345,1.0032056032790984,0.9942956128047682,-0.2013067469090012,1
2025-09-11,1376.9337158203125,1379.1235422027223,1368.6718661340626,1369.667263854887,9766072,1377.7598022460938,1410.8908349609376,1376.607684124564,1392.112382527065,48.20995267923215,-9.109030697427896,20.863355935880968,0.0045752457058256,0.0107990103881956,1.0176562234840656,0.9981239783021778,0.2535366325602648,1
2025-09-12,1388.579833984375,1389.873899637371,1374.146566892781,1376.9337291414593,7403368,1378.6506896972655,1408.5465087890625,1377.7478888731173,1391.9738512116655,52.39612528161373,-7.099718380769218,20.496497136503045,0.0084580092928614,0.0109483458575384,1.0145454577886863,1.0278515079000992,-0.2419298157949275,1
2025-09-15,1392.8599853515625,1394.3530818320328,1382.209157552439,1386.5889315301856,5396697,1379.9198181152344,1406.3076171875,1379.1871361567787,1392.0086015700929,53.87183066536099,-5.103125791351886,19.899884789580963,0.0030823948774383,0.0109352562073496,1.0150888289875186,1.0335327457060186,-0.2710483931097306,1
2025-09-16,1398.8323974609375,1401.5199225726965,1391.7649767809332,1398.2350616507645,8686961,1381.0943908691406,1403.9997973632812,1381.0581134238414,1392.2762014089494,55.925001050556055,-3.0042568331818984,19.17524628973684,0.0042878768664371,0.0109065063558925,1.021145266809387,1.0283937284256233,0.6096810697358033,1
2025-09-17,1407.2933349609375,1409.6821922648512,1400.4250664409112,1400.5245819104894,7519417,1380.780847167969,1401.5796313476562,1383.556705951184,1392.8651086070663,58.727666134856086,-0.6506607054623146,18.58057118360662,0.0060485713051525,0.0090027515329519,1.0267248390430466,1.030016111553815,-0.134401892675701,1
2025-09-18,1408.4876708984375,1415.4554544293835,1404.2074124117412,1413.8628424954393,9332642,1380.8803833007812,1399.26068359375,1385.931083565208,1393.477758108689,59.12280763838993,1.29601446318361,18.05681910032345,0.0008486758999204,0.0089327959760137,1.0229161031613832,1.04097693848425,0.2411390404335869,0
2025-09-19,1400.9227294921875,1410.4785229891424,1397.1401696768169,1408.3882121473878,13461373,1380.014385986328,1397.1592529296877,1387.3588593677773,1393.7697177707869,55.49839375412122,2.2029468111888946,17.71978582975218,-0.0053709674302114,0.0087922889771445,1.008888862711189,1.0235636130772303,0.4423968046776036,0
2025-09-22,1384.199951171875,1404.2074196840813,1381.6119415772491,1397.438788552637,7757970,1379.0886657714843,1394.7590576171874,1387.0580109681675,1393.394432806124,48.43051102841165,1.554390729957959,18.068049563829323,-0.011936974087339,0.0088561730279994,0.9937825522516524,1.0087775672333574,-0.4236865734275397,0
2025-09-23,1383.40380859375,1388.5798281670254,1370.4636381520502,1384.5982372618869,14014702,1377.9539184570312,1392.7791723632813,1386.7099916944137,1393.002643621325,48.11633822202194,0.9650389423629804,18.0714881674826,-0.0005751644315916,0.0088273578269652,0.9889703806580455,1.0098824232236412,0.8064908732567926,0
2025-09-24,1376.635009765625,1389.5751797778832,1374.0470000648747,1378.9244730635044,5922759,1377.859356689453,1390.891943359375,1385.7504696059575,1392.360775626984,45.41866498281919,-0.0476626660290548,17.88982327787731,-0.0048928583151767,0.0077185790662917,0.9782146874189784,1.0043573174897946,-0.57738958702083,0
2025-09-25,1366.0838623046875,1378.128150477363,1362.6994857374575,1374.942926360271,11411143,1377.1874633789062,1388.75998046875,1383.877459386789,1391.3303084378742,41.51169552425598,-1.6822336647464908,17.714026239450757,-0.0076644480098859,0.0079006462652398,0.9698940860684272,0.9921202790003866,0.926660024491964,1
2025-09-26,1371.2598876953125,1376.3363918134596,1359.7132983361803,1365.685684712474,9879109,1378.2027709960937,1386.7275732421874,1382.675785892363,1390.543233114637,44.05415969685382,-2.5308073942362626,17.636102470724225,0.0037889514205171,0.0063411829751155,0.9788262113445564,0.9875268631553112,-0.1342577163391958,0
2025-09-29,1366.48193359375,1382.6073268149732,1361.703976301572,1375.2413599514075,14231999,1379.1434204101563,1384.78203125,1381.1335142448756,1389.5996527412688,42.22929810009106,-3.5479505876164694,17.869477330915434,-0.0034843534361621,0.0063734084845455,0.987199813463998,0.981061950206607,0.4406156466134749,0
2025-09-30,1357.722412109375,1370.762097190836,1356.5279835173724,1370.762097190836,14604684,1379.018994140625,1382.6692309570312,1378.903885470066,1388.3495648733513,39.03673432855611,-5.003190409245008,17.609808498240298,-0.006410272444172,0.0062252464940142,0.981436080828431,0.970611214448434,0.02618641274497,1
2025-10-01,1362.4007568359375,1372.255218175594,1356.4283707523282,1360.7086293823172,12045916,1378.8248901367188,1381.5898803710938,1377.3321589334826,1387.3319645581587,41.57715109328227,-5.7131178649915455,17.482454135742127,0.0034457299112373,0.0061902542922256,0.9896601111923552,0.9681000563210612,-0.1752018735906918,0
2025-10-03,1357.125244140625,1365.287456651113,1350.6551591113212,1356.926091696157,12842347,1379.0289489746094,1380.7183129882812,1375.4076908579725,1386.1473872868828,39.5744823233241,-6.625060697866729,17.278871521745675,-0.0038722179717254,0.0058441245701213,0.9934421169803233,0.963533634110514,0.0661162671232307,1
2025-10-06,1368.671875,1371.0608538471567,1352.7455113636363,1353.740909090909,12396580,1379.0289489746094,1379.843701171875,1374.7661845857845,1385.462073079554,45.73541134741928,-6.342947798113755,17.352905161872446,0.0085081542099576,0.0055652019614659,0.9981126752714526,0.9769788484309352,-0.0347107113676339,1
2025-10-07,1378.4267578125,1389.47564777439,1369.5676941462978,1369.667209612737,11244040,1379.3424987792969,1379.5944702148438,1375.1148106073765,1385.186178363199,50.34187453912125,-5.271467577673548,17.599395705623696,0.0071272618300131,0.0057655597413258,1.0087412968478375,0.9958292200816166,-0.0929724165858648,0
2025-10-08,1361.1068115234375,1382.6073771032557,1358.2201339506064,1378.426755451918,8525081,1378.9045288085938,1379.2209228515626,1373.780715456525,1384.2418894675222,43.31170862597442,-5.753563204915736,18.084241951839807,-0.0125650102124746,0.0064320912119387,1.0024927035039544,0.9838825099860194,-0.2418133517845898,1
2025-10-09,1371.458984375,1373.6488106871857,1362.7989515764332,1367.676424553763,8826633,1378.9443481445312,1379.1357153320312,1373.5595982106656,1383.740599071737,47.98708959287031,-5.239891423799236,17.68836746697612,0.0076057020388984,0.006670179046164,1.0066487246822289,0.9962400888006572,0.0353723325326762,1
2025-10-10,1375.3409423828125,1381.6119964455866,1368.7713419175536,1371.45898859096,6373084,1378.8647094726562,1378.5431982421876,1373.7292500365843,1383.4112007702108,49.6636132153201,-4.468056296389023,17.342102257051607,0.0028305316105254,0.0066190973270606,1.013422267635823,1.0067763629551318,-0.2779711131073422,0
2025-10-13,1368.671875,1371.3594002602315,1361.505059967041,1370.5631549835205,7600682,1377.8693115234375,1377.9561010742189,1373.2475952711952,1382.8331879949085,46.86862676929458,-4.344429520022686,17.091657982674455,-0.0048490284679943,0.0063849022981116,1.0,0.9981126752714526,0.1926222845956526,1
2025-10-14,1369.5677490234375,1381.612037149334,1363.7943936365562,1373.6488553790207,9768174,1376.7046997070313,1377.7815161132812,1372.8971337237897,1382.3129747019095,47.29770594246697,-4.126596032167527,17.14351409196755,0.0006545571950453,0.0063320182420322,0.9935731015530188,1.0022582189737204,0.2851707254691091,0
2025-10-15,1367.97509765625,1377.6304066718624,1366.382364141153,1376.6350089791804,10882743,1375.1618347167969,1377.5056762695312,1372.428368384024,1381.7507050138445,46.57755825567759,-4.035951146106299,16.722408980449114,-0.0011628861502639,0.006216680594092,1.0050461037110858,1.007551385655442,0.1141020829481538,1
2025-10-16,1391.8646240234375,1394.0544503152107,1368.671809484766,1368.7713249510273,12315932,1374.390399169922,1377.3546752929688,1374.2794403496823,1382.1473292887306,57.12324578530186,-2.0132221246462905,17.3907621003428,0.0174634219644183,0.0073312397142181,1.0148787822901877,1.021626431899471,0.1316937283183108,1
2025-10-17,1410.279541015625,1416.7496262080865,1392.6609284325848,1394.5522084059296,19335561,1374.4799926757812,1377.9645825195312,1377.7080213654865,1383.2505532780206,63.16016961478184,1.0634760097736944,17.92606496350753,0.0132303937282032,0.0079500639676351,1.0254035908887291,1.0391668323203722,0.5699632800830663,1
2025-10-20,1460.04931640625,1467.0170999313525,1426.7034952504036,1433.3726108781725,24721978,1377.4363220214843,1379.5480712890626,1385.550049464607,1386.2622694791276,73.86879681934349,7.432113599129479,20.698314531523245,0.0352907164453246,0.0110672102525615,1.0667635852502997,1.0667635852502997,0.2785756772198127,0
2025-10-21,1458.4566650390625,1467.2162134241023,1453.2806455896807,1461.2438272093502,2066169,1381.1491577148438,1381.1671264648437,1392.493536662174,1389.0934222461838,73.13616114820259,12.21004136093893,20.215261196015984,-0.0010908202546936,0.0105975796956879,1.0649028980705824,1.0580588752887867,-0.9164237990989232,0
2025-10-23,1441.7340087890625,1476.0752283864208,1437.9514490416038,1468.2115624957596,18707090,1384.0656677246093,1382.880029296875,1397.1831054361633,1391.1577589733556,65.76110449474471,14.480285218642166,21.494441063787484,-0.0114659946029676,0.0110434700587245,1.0539183141997128,1.0592364953161773,8.053998003067512,1
2025-10-24,1444.9193115234375,1453.0816457634617,1434.3681199531734,1443.3266994671071,9700837,1387.4798828125,1384.2917895507812,1401.7294107778084,1393.2660551517902,66.45499539325539,16.348047032193108,21.29580425996611,0.0022093553422175,0.0109194417451396,1.0381177066966727,1.0535636340462011,-0.4814352740057379,1
2025-10-27,1477.2696533203125,1478.16553552233,1451.289798512833,1456.266786847925,14113867,1393.0391723632813,1386.4655615234376,1408.9237195913802,1396.560313903497,72.54142131418375,20.20574469860389,22.149405669889425,0.022389029988648,0.0115023563891693,1.0475013005268756,1.0741115950208724,0.4549122926196987,1
2025-10-28,1480.056884765625,1485.1333888036677,1470.79963742504,1477.26972256393,17631577,1398.479022216797,1388.6514575195313,1415.698306750832,1399.8346892314237,72.99603330985266,23.220235752556164,21.591144649085017,0.0018867452120525,0.0115118985720578,1.0137033510680458,1.0813818211655917,0.2492378594753657,1
2025-10-29,1497.277099609375,1501.3583271895798,1481.2512217130793,1483.1425015536738,11884745,1405.018780517578,1391.247451171875,1423.4677155945028,1403.6559602266375,75.6755478669013,26.691090773786076,21.57045163300429,0.0116348331074294,0.0114987720310374,1.0266174755142778,1.0932479248850595,-0.3259397613724513,0
2025-10-30,1481.6494140625,1496.1821955688697,1477.1701246011085,1493.0964871305005,9318663,1411.2151306152343,1393.373620605469,1429.008829734312,1406.7145270437302,68.98552906486667,27.859596678146545,21.46591758838016,-0.0104374037050003,0.01173534100737,1.027685693082154,1.0830967731803072,-0.2159139300001809,0
2025-10-31,1479.5592041015625,1490.6080945575152,1475.4780977270138,1483.540795005222,8758053,1417.0730529785155,1394.6935205078123,1433.8231511026215,1409.5711810459982,68.11813894471088,28.29086408008493,21.01335181996025,-0.0014107318108448,0.0118070577292765,1.023973582678193,1.0630051073678617,-0.0601599177907817,0
2025-11-03,1477.866943359375,1488.1195884585134,1472.4918928888085,1479.1610089962214,8452085,1423.1101379394531,1396.1209204101565,1438.0177979842172,1412.249446234758,67.37947627277113,28.171353477325283,20.628662087799142,-0.0011437600722541,0.0117243670210211,1.0004043202523791,1.0479248265170722,-0.0349356186814581,0
2025-11-04,1466.3203125,1485.9297198935935,1463.334119430687,1477.07065615293,10007806,1427.9925598144532,1397.0824731445311,1440.7132755571488,1414.369872362807,62.40682342456584,26.83557999091317,20.7691576860211,-0.0078130381840249,0.011983769021002,0.9907188889785136,1.0042950577239305,0.1840635772120133,1
2025-11-06,1489.2144775390625,1494.689164899616,1469.406038969176,1477.1701896475463,16772678,1433.5319458007812,1398.8124755859376,1445.3324376506644,1417.3049549187383,67.52447690479384,27.309530396516493,21.31199302270644,0.0156133450814912,0.0122651696401583,0.9946151436681854,1.0210892879009033,0.6759595459784093,0
2025-11-07,1471.19775390625,1491.5038906434634,1469.1074431042953,1487.7213309001131,7821765,1439.0364929199218,1400.114455566406,1447.795801103577,1419.4183980162882,60.53991242720222,25.932407827388488,21.389454059596563,-0.0120981389212554,0.0122324970835643,0.9929459290051668,1.020436325242778,-0.533660337365327,1
2025-11-10,1482.44580078125,1494.0919049344996,1468.7092643110286,1471.0982430243505,7068438,1444.5858337402344,1402.1928466796876,1451.0958010728796,1421.890060869816,63.10571471572931,25.455219721064168,21.67468167130188,0.0076455030230535,0.0122331234520403,1.00195098423347,1.025971338993488,-0.0963116381021419,1
2025-11-11,1486.5269775390625,1491.9021495222175,1473.3876547459602,1490.1103850249956,7127506,1450.1451354980468,1404.332951660156,1454.4701988315635,1424.4248419156688,64.01987178191868,25.11683037945545,21.44895403594156,0.0027530023395538,0.0122335154215958,1.0058598199375122,1.0062665094337673,0.0083565845806385,1
2025-11-12,1504.5435791015625,1517.6827797499902,1493.0965058897411,1498.0734942427068,12384459,1456.938720703125,1407.4047485351562,1459.2390921906112,1427.5667531778608,67.81156923276905,26.00270061674837,22.142300334154857,0.0121199290929292,0.0121783654411596,1.026067473986222,1.0165444278446196,0.7375585513361897,0
2025-11-13,1503.9464111328125,1515.0948167835015,1499.865304859355,1508.0275174062697,7196443,1463.6576538085938,1410.5302978515624,1463.4969320898686,1430.5620338819767,67.55744125761308,26.352794091573287,21.64852973343997,-0.0003969097186979,0.012199515073386,1.0098924190007168,1.0044542934138092,-0.418913413981184,1
2025-11-14,1511.9095458984375,1513.900341239272,1498.5711928131457,1498.5711928131457,7682823,1470.8543762207032,1413.5642700195312,1468.1076572144943,1433.752132392426,69.21424379748508,26.96200293102629,21.197145354346137,0.0052948261365421,0.0121196769849326,1.0276725490397818,1.020423273919414,0.0675861672217787,0
2025-11-17,1511.3123779296875,1516.6874283079178,1504.5436249599409,1513.900387650411,5871416,1476.8267639160156,1416.4648608398438,1472.2223925207034,1436.793710648789,68.92995433313736,27.084406680315624,20.550478068176908,-0.0003949759893837,0.0118135908200502,1.0194722647757002,1.0214612390907376,-0.2357736212327161,1
2025-11-18,1512.4072265625,1520.7685911952462,1503.5481631005248,1514.696568271851,11045042,1481.933148193359,1419.6521240234374,1476.049519572303,1439.758946566974,69.17989770348512,26.958991198982403,20.312617355787232,0.0007244356949636,0.0116396305633129,1.017409875107872,1.0233717137786509,0.881154733372665,0
2025-11-19,1511.9095458984375,1515.2939222795571,1505.0412776708577,1510.4164493928115,5692366,1484.5261596679688,1422.5168774414062,1479.4647601747922,1442.5883818348746,68.90853253500666,26.51380521392184,19.594047873852396,-0.0003290652512906,0.0089424435800158,1.004895814849892,1.031090910362355,-0.4846225120737432,1
2025-11-20,1541.9705810546875,1543.7623455509597,1519.673647863964,1522.9585089376258,18171724,1488.70185546875,1425.913173828125,1485.417695496687,1446.4857229807494,75.22907389573072,28.260892443629928,20.46967300090024,0.0198828264811217,0.009778239964342,1.0252829287269845,1.035425457052234,2.192297192415245,0
2025-11-21,1539.4820556640625,1550.6305827884978,1533.0119706260582,1533.9078528560988,9615271,1493.5892578125,1429.3054907226565,1490.5666821792945,1450.132637987938,73.88994849136124,29.109116681401478,20.26602579815305,-0.0016138604855372,0.0092540798869704,1.0182368778875857,1.0464140878250443,-0.4708663305694055,0
2025-11-24,1528.831298828125,1542.8663816107544,1524.7501927010492,1542.8663816107544,18433951,1497.7848571777345,1432.4688647460937,1494.2109313839449,1453.2188599816711,68.28723828916105,28.592318981274047,20.11246602040677,-0.0069184027165183,0.0095329160799265,1.0115918596011475,1.031289844136244,0.9171535570864304,1
2025-11-25,1532.61376953125,1552.4222077972818,1518.0809876078647,1528.8313312270848,15033482,1500.5520629882812,1435.5824658203126,1497.868344540831,1456.3323858463605,69.18097876013417,28.163317659984383,21.128805603907512,0.0024740929270772,0.0083538952295733,1.0133605173354512,1.03100299738151,-0.184467724797576,1
2025-11-26,1562.6748046875,1564.366932099549,1533.4100892950655,1535.2018536795324,14054299,1504.682958984375,1439.064365234375,1504.0403883643232,1460.5026767813072,75.17012519676777,29.904287319188143,21.8876882442212,0.0196142275071977,0.0092479813866954,1.0335769153166472,1.03863711652716,-0.0651334800547205,0
2025-11-27,1556.2047119140625,1568.2489991897637,1548.8387449947777,1567.7513003642512,9794643,1507.6293395996097,1442.331259765625,1509.008419178584,1464.2556977669055,71.93010266969739,30.411372531005554,21.710728669275827,-0.0041403961681787,0.0091231028460459,1.0092311299802097,1.034747448708553,-0.3030856252595736,1
2025-11-28,1560.285888671875,1574.0224254817672,1555.806599039324,1560.7835875199362,8959508,1511.5611633300782,1445.5603295898438,1513.8919877017547,1468.0215876063162,72.72859339283826,30.78765712457971,21.461092795930632,0.0026225192139361,0.0086429461073304,1.0135135274433833,1.0319968498807846,-0.0852644654838363,0
2025-12-01,1558.892333984375,1570.2398922139623,1556.403839701944,1567.7513979315313,8920233,1515.5278198242188,1448.5923095703124,1518.1777349667664,1471.5851462878088,71.97569183812956,30.620443744194063,20.916447061365467,-0.0008931406081523,0.0086309948568235,1.0196627549287434,1.031482542424397,-0.0043836112429387,0
2025-12-02,1539.1834716796875,1560.2858537619331,1534.9032130787248,1553.9152843475838,11389150,1518.5936462402344,1451.2062255859375,1520.178281320378,1474.236061009059,62.17277184959149,28.56826824814243,21.2354608914971,-0.0126428630605384,0.0092573112522415,1.0042865999764878,1.017704388505235,0.276777187322349,0
2025-12-03,1531.718017578125,1545.255401892265,1525.9446623591427,1538.0884656023031,6090883,1521.8635314941407,1453.8221313476563,1521.2773038211158,1476.4902553843167,58.9003674220877,26.039339332898862,21.09798079447032,-0.0048502691452472,0.0091133344005999,0.9801898725080131,1.01310162485145,-0.4652030221746135,0
2025-12-04,1528.53271484375,1553.3181423785347,1510.6155558800758,1528.9308982335338,11867930,1523.829443359375,1456.708786621094,1521.9682953470808,1478.5311361474317,57.509500729896246,23.507141938066525,22.64116691618379,-0.0020795620981278,0.0085887778479404,0.9822182796013532,0.9912852642092912,0.9484744658533087,1
2025-12-05,1533.5096435546875,1538.685784402705,1513.6016899280953,1523.356635808528,10183266,1526.9450378417969,1459.7109033203126,1523.067471366853,1480.6871560457555,59.1333004309165,21.6523588969701,22.81566174178564,0.0032560171349989,0.007989846495356,0.98283888528917,0.9961205055379494,-0.1419509552213401,1
2025-12-08,1535.898681640625,1543.861863398969,1527.9354998822807,1532.1161217020071,11301491,1529.6176818847655,1462.8961767578126,1524.2894913929265,1482.852313912221,59.92500014678575,20.14300930869922,22.32356901142154,0.0015578891831418,0.0078829646543103,0.9852500061470052,1.004622735561417,0.1098100550452085,0
2025-12-09,1522.3612060546875,1535.4008911036892,1513.1039592099478,1533.211064854301,11503971,1531.4093933105469,1466.0217236328126,1524.1058451702372,1484.4016822315334,53.58964323897049,17.65100791150371,22.357222827082666,-0.0088140420639445,0.0082263632420466,0.9890706560104612,0.9933104062612604,0.0179162200810494,1
2025-12-10,1529.8267822265625,1540.3779737710463,1524.3520947592017,1526.9401045329791,7991629,1532.6735534667969,1469.1930615234376,1524.6506963184586,1486.1830587019267,56.33148147739285,16.092978615030006,22.04719031917381,0.0049039453594739,0.0078740090291136,0.9987652849089332,0.9789796172803168,-0.305315616668366,1
2025-12-11,1537.889404296875,1542.866392660295,1516.98605317051,1529.826707449835,4706197,1534.370703125,1472.6212109375,1525.9115256497362,1488.2107585291797,59.139066165617855,15.33207675456947,22.320986688503183,0.0052702842988392,0.0079280740612681,1.0061213537415727,0.988230785142232,-0.4111091743623234,1
2025-12-12,1549.3365478515625,1552.62140892391,1538.9843872841,1543.6628294631555,5106655,1536.2420532226563,1476.4534936523437,1528.1424801451485,1490.607848306528,62.79632546353911,15.474366500684482,21.77891654125545,0.0074434114200305,0.0080014658377907,1.010320707380873,0.992982477826783,0.0850916355605173,0
2025-12-15,1549.037841796875,1551.4268205626304,1539.3825327747268,1544.060853330096,5774543,1538.1283264160156,1480.1862353515626,1530.13251458817,1492.8992206002672,62.63877405358703,15.385672610791516,21.08358591601604,-0.0001927961068896,0.0079994007963657,1.008554705016229,0.9936785293168304,0.1307877661600403,0
2025-12-16,1535.201904296875,1544.5585453663573,1531.7180123854912,1537.8894294536826,11731856,1539.2680603027345,1483.7477685546876,1530.6153136080466,1494.5581493726831,55.6713953286564,14.037126285538989,20.814746165685165,-0.0089319557771102,0.0083187086338147,1.0084347250778054,0.997413195076434,1.0316509895241928,1
2025-12-17,1537.292236328125,1542.8664391614582,1532.2157323461342,1542.8664391614582,7116649,1540.537194824219,1487.12017578125,1531.2512110099588,1496.2339959199553,56.45936997697342,12.987355779237989,20.08874335494508,0.0013616007284771,0.0083154247315368,1.0048799342437298,1.003639193824209,-0.3933910371896825,0
2025-12-18,1537.292236328125,1544.3595357154854,1528.1345045583196,1528.1345045583196,6580829,1540.3032775878903,1490.2974853515625,1531.826546754546,1497.8441229947855,56.45936997697343,12.016881954879636,19.812763912246563,0.0,0.0070078999886578,0.9996116964151768,1.0057306732131477,-0.0752910534157298,1
2025-12-19,1557.8968505859375,1566.9549449740823,1543.8617679066683,1547.2461442463334,13937275,1541.2240173339844,1494.2332861328125,1534.309432833726,1500.1991319199287,63.812965776626726,12.763267623542788,20.5163313932259,0.0134031863109043,0.0076183027292028,1.0055251409038568,1.0159028716472367,1.1178600750756478,1
2025-12-22,1568.1495361328125,1570.2398469681211,1558.0960438231807,1566.2582562309594,10184852,1543.1899291992188,1498.167097167969,1537.5322998145916,1502.8638536537674,66.81619867572446,14.020470426108886,19.932521749580022,0.0065811067934433,0.0075123357445055,1.012337784023254,1.0209980351423555,-0.2692364899164291,0
2025-12-23,1563.4710693359375,1573.6241984599117,1560.8830596994949,1573.6241984599117,7506564,1544.7327941894532,1501.9296997070312,1540.0026588166247,1505.2406072099309,64.19796803382641,14.472469909552728,19.418851536068363,-0.0029834315472314,0.0075662605417083,1.018413972103565,1.0270040139736545,-0.2629677878480708,0
2025-12-24,1551.0286865234375,1568.448146711295,1546.4498812900458,1565.4619535362338,8815745,1544.15048828125,1505.5768359375,1541.052756693464,1507.0362181634018,57.72002213024092,13.669117372683104,19.60309538500985,-0.0079581791160259,0.0064269358273502,1.008935484009288,1.0138590228274191,0.1744048275615848,1
2025-12-26,1552.0240478515625,1553.8158123179846,1547.1466963201517,1547.5447581940157,2311495,1543.941455078125,1509.2259619140625,1542.097641565664,1508.8004467786238,58.084401345217074,12.963338740368728,18.679239714497218,0.0006417426942348,0.0063673469465242,1.0095829609851052,1.0091909363021785,-0.737799244420069,0
2025-12-29,1538.4866943359375,1550.9291658570105,1536.495898892566,1547.7439417510202,5972105,1542.851495361328,1512.6361938476562,1541.7537418294994,1509.9646133494991,51.57427168427459,11.182745072888792,18.45416180339003,-0.0087223864439243,0.0066112807695119,0.9875407949873576,0.9929970970279696,1.583654734273706,0
